// Auto-generated by tools/generate_pika_eyes.py — pika_neutral
#include <stdint.h>

static const uint8_t pika_neutral_frame_data[48][768] = {
    // frame 0
    {
        0x00, 0x00, 0x00, 0x00, 0x00, 0x00, 0x00, 0x00, 0x00, 0x00, 0x00, 0x00, 0x00, 0x00, 0x00, 0x00,
        0x00, 0x00, 0x00, 0x00, 0x00, 0x00, 0x00, 0x00, 0x00, 0x00, 0x00, 0x00, 0x00, 0x00, 0x00, 0x00,
        0x00, 0x00, 0x00, 0x00, 0x00, 0x00, 0x00, 0x00, 0x00, 0x00, 0x00, 0x00, 0x00, 0x00, 0x00, 0x00,
        0x00, 0x00, 0x00, 0x00, 0x00, 0x00, 0x00, 0x00, 0x00, 0x00, 0x00, 0x00, 0x00, 0x00, 0x00, 0x00,
        0x00, 0x00, 0x00, 0x1f, 0xf0, 0x00, 0x00, 0x00, 0x00, 0x00, 0x00, 0x0f, 0xf8, 0x00, 0x00, 0x00,
        0x00, 0x00, 0x00, 0xff, 0xf0, 0x00, 0x00, 0x00, 0x00, 0x00, 0x00, 0x0f, 0xff, 0x00, 0x00, 0x00,
        0x00, 0x00, 0x01, 0xff, 0xe0, 0x00, 0x00, 0x00, 0x00, 0x00, 0x00, 0x07, 0xff, 0x80, 0x00, 0x00,
        0x00, 0x00, 0x01, 0xff, 0x00, 0x00, 0x00, 0x00, 0x00, 0x00, 0x00, 0x00, 0xff, 0x80, 0x00, 0x00,
        0x00, 0x00, 0x00, 0x00, 0x00, 0x00, 0x00, 0x00, 0x00, 0x00, 0x00, 0x00, 0x00, 0x00, 0x00, 0x00,
        0x00, 0x00, 0x00, 0x00, 0x00, 0x00, 0x00, 0x00, 0x00, 0x00, 0x00, 0x00, 0x00, 0x00, 0x00, 0x00,
        0x00, 0x00, 0x00, 0x00, 0x00, 0x00, 0x00, 0x00, 0x00, 0x00, 0x00, 0x00, 0x00, 0x00, 0x00, 0x00,
        0x00, 0x00, 0x00, 0x00, 0x00, 0x00, 0x00, 0x00, 0x00, 0x00, 0x00, 0x00, 0x00, 0x00, 0x00, 0x00,
        0x00, 0x00, 0x00, 0x00, 0x00, 0x00, 0x00, 0x00, 0x00, 0x00, 0x00, 0x00, 0x00, 0x00, 0x00, 0x00,
        0x00, 0x00, 0x00, 0x78, 0x00, 0x00, 0x00, 0x00, 0x00, 0x00, 0x00, 0x00, 0x1e, 0x00, 0x00, 0x00,
        0x00, 0x00, 0x0f, 0xff, 0xc0, 0x00, 0x00, 0x00, 0x00, 0x00, 0x00, 0x03, 0xff, 0xf0, 0x00, 0x00,
        0x00, 0x00, 0x7f, 0xff, 0xf8, 0x00, 0x00, 0x00, 0x00, 0x00, 0x00, 0x1f, 0xff, 0xfe, 0x00, 0x00,
        0x00, 0x01, 0xff, 0xff, 0xfe, 0x00, 0x00, 0x00, 0x00, 0x00, 0x00, 0x7f, 0xff, 0xff, 0x80, 0x00,
        0x00, 0x03, 0xff, 0x80, 0x1f, 0x00, 0x00, 0x00, 0x00, 0x00, 0x00, 0xf8, 0x01, 0xff, 0xc0, 0x00,
        0x00, 0x07, 0xfc, 0x00, 0x03, 0xc0, 0x00, 0x00, 0x00, 0x00, 0x03, 0xc0, 0x00, 0x3f, 0xe0, 0x00,
        0x00, 0x0f, 0xf8, 0x00, 0x01, 0xe0, 0x00, 0x00, 0x00, 0x00, 0x07, 0x80, 0x00, 0x1f, 0xf0, 0x00,
        0x00, 0x1f, 0xe0, 0x01, 0xf8, 0x60, 0x00, 0x00, 0x00, 0x00, 0x06, 0x1f, 0x80, 0x07, 0xf8, 0x00,
        0x00, 0x3f, 0xc0, 0x01, 0xf8, 0x30, 0x00, 0x00, 0x00, 0x00, 0x0c, 0x1f, 0x80, 0x03, 0xfc, 0x00,
        0x00, 0x3f, 0xc0, 0x00, 0xf8, 0x38, 0x00, 0x00, 0x00, 0x00, 0x1c, 0x1f, 0x00, 0x03, 0xfc, 0x00,
        0x00, 0x3f, 0x80, 0x00, 0x00, 0x18, 0x00, 0x00, 0x00, 0x00, 0x18, 0x00, 0x00, 0x01, 0xfc, 0x00,
        0x00, 0x7f, 0x80, 0x00, 0x00, 0x18, 0x00, 0x00, 0x00, 0x00, 0x18, 0x00, 0x00, 0x01, 0xfe, 0x00,
        0x00, 0x7f, 0x80, 0x00, 0x00, 0x18, 0x00, 0x00, 0x00, 0x00, 0x18, 0x00, 0x00, 0x01, 0xfe, 0x00,
        0x00, 0x7f, 0x80, 0x00, 0x00, 0x18, 0x00, 0x00, 0x00, 0x00, 0x18, 0x00, 0x00, 0x01, 0xfe, 0x00,
        0x00, 0x7f, 0x80, 0x00, 0x00, 0x18, 0x00, 0x00, 0x00, 0x00, 0x18, 0x00, 0x00, 0x01, 0xfe, 0x00,
        0x00, 0x3f, 0x80, 0x00, 0x00, 0x18, 0x00, 0x00, 0x00, 0x00, 0x18, 0x00, 0x00, 0x01, 0xfc, 0x00,
        0x00, 0x3f, 0xc0, 0x00, 0x00, 0x30, 0x00, 0x00, 0x00, 0x00, 0x0c, 0x00, 0x00, 0x03, 0xfc, 0x00,
        0x00, 0x1f, 0xe0, 0x00, 0x00, 0x70, 0x00, 0x00, 0x00, 0x00, 0x0e, 0x00, 0x00, 0x07, 0xf8, 0x00,
        0x00, 0x1f, 0xf0, 0x00, 0x00, 0xe0, 0x00, 0x00, 0x00, 0x00, 0x07, 0x00, 0x00, 0x0f, 0xf8, 0x00,
        0x00, 0x0f, 0xf8, 0x00, 0x01, 0xc0, 0x00, 0x00, 0x00, 0x00, 0x03, 0x80, 0x00, 0x1f, 0xf0, 0x00,
        0x00, 0x07, 0xfe, 0x00, 0x07, 0x80, 0x00, 0x00, 0x00, 0x00, 0x01, 0xe0, 0x00, 0x7f, 0xe0, 0x00,
        0x00, 0x03, 0xff, 0xc0, 0x3f, 0x00, 0x00, 0x00, 0x00, 0x00, 0x00, 0xfc, 0x03, 0xff, 0xc0, 0x00,
        0x00, 0x00, 0xff, 0xff, 0xfc, 0x00, 0x00, 0x00, 0x00, 0x00, 0x00, 0x3f, 0xff, 0xff, 0x00, 0x00,
        0x00, 0x00, 0x3f, 0xff, 0xf0, 0x00, 0x00, 0x00, 0x00, 0x00, 0x00, 0x0f, 0xff, 0xfc, 0x00, 0x00,
        0x00, 0x00, 0x07, 0xff, 0x80, 0x00, 0x00, 0x00, 0x00, 0x00, 0x00, 0x01, 0xff, 0xe0, 0x00, 0x00,
        0x00, 0x00, 0x00, 0x00, 0x00, 0x00, 0x00, 0x00, 0x00, 0x00, 0x00, 0x00, 0x00, 0x00, 0x00, 0x00,
        0x00, 0x00, 0x00, 0x00, 0x00, 0x00, 0x03, 0x80, 0x03, 0xc0, 0x00, 0x00, 0x00, 0x00, 0x00, 0x00,
        0x00, 0x00, 0x00, 0x00, 0x00, 0x00, 0x01, 0xff, 0xff, 0x00, 0x00, 0x00, 0x00, 0x00, 0x00, 0x00,
        0x00, 0x00, 0x00, 0x00, 0x00, 0x00, 0x00, 0x1f, 0xf0, 0x00, 0x00, 0x00, 0x00, 0x00, 0x00, 0x00,
        0x00, 0x00, 0x00, 0x00, 0x00, 0x00, 0x00, 0x00, 0x00, 0x00, 0x00, 0x00, 0x00, 0x00, 0x00, 0x00,
        0x00, 0x00, 0x00, 0x00, 0x00, 0x00, 0x00, 0x00, 0x00, 0x00, 0x00, 0x00, 0x00, 0x00, 0x00, 0x00,
        0x00, 0x00, 0x00, 0x00, 0x00, 0x00, 0x00, 0x00, 0x00, 0x00, 0x00, 0x00, 0x00, 0x00, 0x00, 0x00,
        0x00, 0x00, 0x00, 0x00, 0x00, 0x00, 0x00, 0x00, 0x00, 0x00, 0x00, 0x00, 0x00, 0x00, 0x00, 0x00,
        0x00, 0x00, 0x00, 0x00, 0x00, 0x00, 0x00, 0x00, 0x00, 0x00, 0x00, 0x00, 0x00, 0x00, 0x00, 0x00,
        0x00, 0x00, 0x00, 0x00, 0x00, 0x00, 0x00, 0x00, 0x00, 0x00, 0x00, 0x00, 0x00, 0x00, 0x00, 0x00,
    },
    // frame 1
    {
        0x00, 0x00, 0x00, 0x00, 0x00, 0x00, 0x00, 0x00, 0x00, 0x00, 0x00, 0x00, 0x00, 0x00, 0x00, 0x00,
        0x00, 0x00, 0x00, 0x00, 0x00, 0x00, 0x00, 0x00, 0x00, 0x00, 0x00, 0x00, 0x00, 0x00, 0x00, 0x00,
        0x00, 0x00, 0x00, 0x00, 0x00, 0x00, 0x00, 0x00, 0x00, 0x00, 0x00, 0x00, 0x00, 0x00, 0x00, 0x00,
        0x00, 0x00, 0x00, 0x00, 0x00, 0x00, 0x00, 0x00, 0x00, 0x00, 0x00, 0x00, 0x00, 0x00, 0x00, 0x00,
        0x00, 0x00, 0x00, 0x1f, 0xf0, 0x00, 0x00, 0x00, 0x00, 0x00, 0x00, 0x0f, 0xf8, 0x00, 0x00, 0x00,
        0x00, 0x00, 0x00, 0xff, 0xf0, 0x00, 0x00, 0x00, 0x00, 0x00, 0x00, 0x0f, 0xff, 0x00, 0x00, 0x00,
        0x00, 0x00, 0x01, 0xff, 0xe0, 0x00, 0x00, 0x00, 0x00, 0x00, 0x00, 0x07, 0xff, 0x80, 0x00, 0x00,
        0x00, 0x00, 0x01, 0xff, 0x00, 0x00, 0x00, 0x00, 0x00, 0x00, 0x00, 0x00, 0xff, 0x80, 0x00, 0x00,
        0x00, 0x00, 0x00, 0x00, 0x00, 0x00, 0x00, 0x00, 0x00, 0x00, 0x00, 0x00, 0x00, 0x00, 0x00, 0x00,
        0x00, 0x00, 0x00, 0x00, 0x00, 0x00, 0x00, 0x00, 0x00, 0x00, 0x00, 0x00, 0x00, 0x00, 0x00, 0x00,
        0x00, 0x00, 0x00, 0x00, 0x00, 0x00, 0x00, 0x00, 0x00, 0x00, 0x00, 0x00, 0x00, 0x00, 0x00, 0x00,
        0x00, 0x00, 0x00, 0x00, 0x00, 0x00, 0x00, 0x00, 0x00, 0x00, 0x00, 0x00, 0x00, 0x00, 0x00, 0x00,
        0x00, 0x00, 0x00, 0x00, 0x00, 0x00, 0x00, 0x00, 0x00, 0x00, 0x00, 0x00, 0x00, 0x00, 0x00, 0x00,
        0x00, 0x00, 0x00, 0x78, 0x00, 0x00, 0x00, 0x00, 0x00, 0x00, 0x00, 0x00, 0x1e, 0x00, 0x00, 0x00,
        0x00, 0x00, 0x0f, 0xff, 0xc0, 0x00, 0x00, 0x00, 0x00, 0x00, 0x00, 0x03, 0xff, 0xf0, 0x00, 0x00,
        0x00, 0x00, 0x7f, 0xff, 0xf8, 0x00, 0x00, 0x00, 0x00, 0x00, 0x00, 0x1f, 0xff, 0xfe, 0x00, 0x00,
        0x00, 0x01, 0xff, 0xff, 0xfe, 0x00, 0x00, 0x00, 0x00, 0x00, 0x00, 0x7f, 0xff, 0xff, 0x80, 0x00,
        0x00, 0x03, 0xff, 0x80, 0x1f, 0x00, 0x00, 0x00, 0x00, 0x00, 0x00, 0xf8, 0x01, 0xff, 0xc0, 0x00,
        0x00, 0x07, 0xfc, 0x00, 0x03, 0xc0, 0x00, 0x00, 0x00, 0x00, 0x03, 0xc0, 0x00, 0x3f, 0xe0, 0x00,
        0x00, 0x0f, 0xf8, 0x00, 0x01, 0xe0, 0x00, 0x00, 0x00, 0x00, 0x07, 0x80, 0x00, 0x1f, 0xf0, 0x00,
        0x00, 0x1f, 0xe0, 0x01, 0xf8, 0x60, 0x00, 0x00, 0x00, 0x00, 0x06, 0x1f, 0x80, 0x07, 0xf8, 0x00,
        0x00, 0x3f, 0xc0, 0x01, 0xf8, 0x30, 0x00, 0x00, 0x00, 0x00, 0x0c, 0x1f, 0x80, 0x03, 0xfc, 0x00,
        0x00, 0x3f, 0xc0, 0x00, 0xf8, 0x38, 0x00, 0x00, 0x00, 0x00, 0x1c, 0x1f, 0x00, 0x03, 0xfc, 0x00,
        0x00, 0x3f, 0x80, 0x00, 0x00, 0x18, 0x00, 0x00, 0x00, 0x00, 0x18, 0x00, 0x00, 0x01, 0xfc, 0x00,
        0x00, 0x7f, 0x80, 0x00, 0x00, 0x18, 0x00, 0x00, 0x00, 0x00, 0x18, 0x00, 0x00, 0x01, 0xfe, 0x00,
        0x00, 0x7f, 0x80, 0x00, 0x00, 0x18, 0x00, 0x00, 0x00, 0x00, 0x18, 0x00, 0x00, 0x01, 0xfe, 0x00,
        0x00, 0x7f, 0x80, 0x00, 0x00, 0x18, 0x00, 0x00, 0x00, 0x00, 0x18, 0x00, 0x00, 0x01, 0xfe, 0x00,
        0x00, 0x7f, 0x80, 0x00, 0x00, 0x18, 0x00, 0x00, 0x00, 0x00, 0x18, 0x00, 0x00, 0x01, 0xfe, 0x00,
        0x00, 0x3f, 0x80, 0x00, 0x00, 0x18, 0x00, 0x00, 0x00, 0x00, 0x18, 0x00, 0x00, 0x01, 0xfc, 0x00,
        0x00, 0x3f, 0xc0, 0x00, 0x00, 0x30, 0x00, 0x00, 0x00, 0x00, 0x0c, 0x00, 0x00, 0x03, 0xfc, 0x00,
        0x00, 0x1f, 0xe0, 0x00, 0x00, 0x70, 0x00, 0x00, 0x00, 0x00, 0x0e, 0x00, 0x00, 0x07, 0xf8, 0x00,
        0x00, 0x1f, 0xf0, 0x00, 0x00, 0xe0, 0x00, 0x00, 0x00, 0x00, 0x07, 0x00, 0x00, 0x0f, 0xf8, 0x00,
        0x00, 0x0f, 0xf8, 0x00, 0x01, 0xc0, 0x00, 0x00, 0x00, 0x00, 0x03, 0x80, 0x00, 0x1f, 0xf0, 0x00,
        0x00, 0x07, 0xfe, 0x00, 0x07, 0x80, 0x00, 0x00, 0x00, 0x00, 0x01, 0xe0, 0x00, 0x7f, 0xe0, 0x00,
        0x00, 0x03, 0xff, 0xc0, 0x3f, 0x00, 0x00, 0x00, 0x00, 0x00, 0x00, 0xfc, 0x03, 0xff, 0xc0, 0x00,
        0x00, 0x00, 0xff, 0xff, 0xfc, 0x00, 0x00, 0x00, 0x00, 0x00, 0x00, 0x3f, 0xff, 0xff, 0x00, 0x00,
        0x00, 0x00, 0x3f, 0xff, 0xf0, 0x00, 0x00, 0x00, 0x00, 0x00, 0x00, 0x0f, 0xff, 0xfc, 0x00, 0x00,
        0x00, 0x00, 0x07, 0xff, 0x80, 0x00, 0x00, 0x00, 0x00, 0x00, 0x00, 0x01, 0xff, 0xe0, 0x00, 0x00,
        0x00, 0x00, 0x00, 0x00, 0x00, 0x00, 0x00, 0x00, 0x00, 0x00, 0x00, 0x00, 0x00, 0x00, 0x00, 0x00,
        0x00, 0x00, 0x00, 0x00, 0x00, 0x00, 0x03, 0x80, 0x03, 0xc0, 0x00, 0x00, 0x00, 0x00, 0x00, 0x00,
        0x00, 0x00, 0x00, 0x00, 0x00, 0x00, 0x01, 0xff, 0xff, 0x00, 0x00, 0x00, 0x00, 0x00, 0x00, 0x00,
        0x00, 0x00, 0x00, 0x00, 0x00, 0x00, 0x00, 0x1f, 0xf0, 0x00, 0x00, 0x00, 0x00, 0x00, 0x00, 0x00,
        0x00, 0x00, 0x00, 0x00, 0x00, 0x00, 0x00, 0x00, 0x00, 0x00, 0x00, 0x00, 0x00, 0x00, 0x00, 0x00,
        0x00, 0x00, 0x00, 0x00, 0x00, 0x00, 0x00, 0x00, 0x00, 0x00, 0x00, 0x00, 0x00, 0x00, 0x00, 0x00,
        0x00, 0x00, 0x00, 0x00, 0x00, 0x00, 0x00, 0x00, 0x00, 0x00, 0x00, 0x00, 0x00, 0x00, 0x00, 0x00,
        0x00, 0x00, 0x00, 0x00, 0x00, 0x00, 0x00, 0x00, 0x00, 0x00, 0x00, 0x00, 0x00, 0x00, 0x00, 0x00,
        0x00, 0x00, 0x00, 0x00, 0x00, 0x00, 0x00, 0x00, 0x00, 0x00, 0x00, 0x00, 0x00, 0x00, 0x00, 0x00,
        0x00, 0x00, 0x00, 0x00, 0x00, 0x00, 0x00, 0x00, 0x00, 0x00, 0x00, 0x00, 0x00, 0x00, 0x00, 0x00,
    },
    // frame 2
    {
        0x00, 0x00, 0x00, 0x00, 0x00, 0x00, 0x00, 0x00, 0x00, 0x00, 0x00, 0x00, 0x00, 0x00, 0x00, 0x00,
        0x00, 0x00, 0x00, 0x00, 0x00, 0x00, 0x00, 0x00, 0x00, 0x00, 0x00, 0x00, 0x00, 0x00, 0x00, 0x00,
        0x00, 0x00, 0x00, 0x00, 0x00, 0x00, 0x00, 0x00, 0x00, 0x00, 0x00, 0x00, 0x00, 0x00, 0x00, 0x00,
        0x00, 0x00, 0x00, 0x00, 0x00, 0x00, 0x00, 0x00, 0x00, 0x00, 0x00, 0x00, 0x00, 0x00, 0x00, 0x00,
        0x00, 0x00, 0x00, 0x1f, 0xf0, 0x00, 0x00, 0x00, 0x00, 0x00, 0x00, 0x0f, 0xf8, 0x00, 0x00, 0x00,
        0x00, 0x00, 0x00, 0xff, 0xf0, 0x00, 0x00, 0x00, 0x00, 0x00, 0x00, 0x0f, 0xff, 0x00, 0x00, 0x00,
        0x00, 0x00, 0x01, 0xff, 0xe0, 0x00, 0x00, 0x00, 0x00, 0x00, 0x00, 0x07, 0xff, 0x80, 0x00, 0x00,
        0x00, 0x00, 0x01, 0xff, 0x00, 0x00, 0x00, 0x00, 0x00, 0x00, 0x00, 0x00, 0xff, 0x80, 0x00, 0x00,
        0x00, 0x00, 0x00, 0x00, 0x00, 0x00, 0x00, 0x00, 0x00, 0x00, 0x00, 0x00, 0x00, 0x00, 0x00, 0x00,
        0x00, 0x00, 0x00, 0x00, 0x00, 0x00, 0x00, 0x00, 0x00, 0x00, 0x00, 0x00, 0x00, 0x00, 0x00, 0x00,
        0x00, 0x00, 0x00, 0x00, 0x00, 0x00, 0x00, 0x00, 0x00, 0x00, 0x00, 0x00, 0x00, 0x00, 0x00, 0x00,
        0x00, 0x00, 0x00, 0x00, 0x00, 0x00, 0x00, 0x00, 0x00, 0x00, 0x00, 0x00, 0x00, 0x00, 0x00, 0x00,
        0x00, 0x00, 0x00, 0x00, 0x00, 0x00, 0x00, 0x00, 0x00, 0x00, 0x00, 0x00, 0x00, 0x00, 0x00, 0x00,
        0x00, 0x00, 0x00, 0x78, 0x00, 0x00, 0x00, 0x00, 0x00, 0x00, 0x00, 0x00, 0x1e, 0x00, 0x00, 0x00,
        0x00, 0x00, 0x0f, 0xff, 0xc0, 0x00, 0x00, 0x00, 0x00, 0x00, 0x00, 0x03, 0xff, 0xf0, 0x00, 0x00,
        0x00, 0x00, 0x7f, 0xff, 0xf8, 0x00, 0x00, 0x00, 0x00, 0x00, 0x00, 0x1f, 0xff, 0xfe, 0x00, 0x00,
        0x00, 0x01, 0xff, 0xff, 0xfe, 0x00, 0x00, 0x00, 0x00, 0x00, 0x00, 0x7f, 0xff, 0xff, 0x80, 0x00,
        0x00, 0x03, 0xff, 0x80, 0x1f, 0x00, 0x00, 0x00, 0x00, 0x00, 0x00, 0xf8, 0x01, 0xff, 0xc0, 0x00,
        0x00, 0x07, 0xfc, 0x00, 0x03, 0xc0, 0x00, 0x00, 0x00, 0x00, 0x03, 0xc0, 0x00, 0x3f, 0xe0, 0x00,
        0x00, 0x0f, 0xf8, 0x00, 0x01, 0xe0, 0x00, 0x00, 0x00, 0x00, 0x07, 0x80, 0x00, 0x1f, 0xf0, 0x00,
        0x00, 0x1f, 0xe0, 0x01, 0xf8, 0x60, 0x00, 0x00, 0x00, 0x00, 0x06, 0x1f, 0x80, 0x07, 0xf8, 0x00,
        0x00, 0x3f, 0xc0, 0x01, 0xf8, 0x30, 0x00, 0x00, 0x00, 0x00, 0x0c, 0x1f, 0x80, 0x03, 0xfc, 0x00,
        0x00, 0x3f, 0xc0, 0x00, 0xf8, 0x38, 0x00, 0x00, 0x00, 0x00, 0x1c, 0x1f, 0x00, 0x03, 0xfc, 0x00,
        0x00, 0x3f, 0x80, 0x00, 0x00, 0x18, 0x00, 0x00, 0x00, 0x00, 0x18, 0x00, 0x00, 0x01, 0xfc, 0x00,
        0x00, 0x7f, 0x80, 0x00, 0x00, 0x18, 0x00, 0x00, 0x00, 0x00, 0x18, 0x00, 0x00, 0x01, 0xfe, 0x00,
        0x00, 0x7f, 0x80, 0x00, 0x00, 0x18, 0x00, 0x00, 0x00, 0x00, 0x18, 0x00, 0x00, 0x01, 0xfe, 0x00,
        0x00, 0x7f, 0x80, 0x00, 0x00, 0x18, 0x00, 0x00, 0x00, 0x00, 0x18, 0x00, 0x00, 0x01, 0xfe, 0x00,
        0x00, 0x7f, 0x80, 0x00, 0x00, 0x18, 0x00, 0x00, 0x00, 0x00, 0x18, 0x00, 0x00, 0x01, 0xfe, 0x00,
        0x00, 0x3f, 0x80, 0x00, 0x00, 0x18, 0x00, 0x00, 0x00, 0x00, 0x18, 0x00, 0x00, 0x01, 0xfc, 0x00,
        0x00, 0x3f, 0xc0, 0x00, 0x00, 0x30, 0x00, 0x00, 0x00, 0x00, 0x0c, 0x00, 0x00, 0x03, 0xfc, 0x00,
        0x00, 0x1f, 0xe0, 0x00, 0x00, 0x70, 0x00, 0x00, 0x00, 0x00, 0x0e, 0x00, 0x00, 0x07, 0xf8, 0x00,
        0x00, 0x1f, 0xf0, 0x00, 0x00, 0xe0, 0x00, 0x00, 0x00, 0x00, 0x07, 0x00, 0x00, 0x0f, 0xf8, 0x00,
        0x00, 0x0f, 0xf8, 0x00, 0x01, 0xc0, 0x00, 0x00, 0x00, 0x00, 0x03, 0x80, 0x00, 0x1f, 0xf0, 0x00,
        0x00, 0x07, 0xfe, 0x00, 0x07, 0x80, 0x00, 0x00, 0x00, 0x00, 0x01, 0xe0, 0x00, 0x7f, 0xe0, 0x00,
        0x00, 0x03, 0xff, 0xc0, 0x3f, 0x00, 0x00, 0x00, 0x00, 0x00, 0x00, 0xfc, 0x03, 0xff, 0xc0, 0x00,
        0x00, 0x00, 0xff, 0xff, 0xfc, 0x00, 0x00, 0x00, 0x00, 0x00, 0x00, 0x3f, 0xff, 0xff, 0x00, 0x00,
        0x00, 0x00, 0x3f, 0xff, 0xf0, 0x00, 0x00, 0x00, 0x00, 0x00, 0x00, 0x0f, 0xff, 0xfc, 0x00, 0x00,
        0x00, 0x00, 0x07, 0xff, 0x80, 0x00, 0x00, 0x00, 0x00, 0x00, 0x00, 0x01, 0xff, 0xe0, 0x00, 0x00,
        0x00, 0x00, 0x00, 0x00, 0x00, 0x00, 0x00, 0x00, 0x00, 0x00, 0x00, 0x00, 0x00, 0x00, 0x00, 0x00,
        0x00, 0x00, 0x00, 0x00, 0x00, 0x00, 0x03, 0x80, 0x03, 0xc0, 0x00, 0x00, 0x00, 0x00, 0x00, 0x00,
        0x00, 0x00, 0x00, 0x00, 0x00, 0x00, 0x01, 0xff, 0xff, 0x00, 0x00, 0x00, 0x00, 0x00, 0x00, 0x00,
        0x00, 0x00, 0x00, 0x00, 0x00, 0x00, 0x00, 0x1f, 0xf0, 0x00, 0x00, 0x00, 0x00, 0x00, 0x00, 0x00,
        0x00, 0x00, 0x00, 0x00, 0x00, 0x00, 0x00, 0x00, 0x00, 0x00, 0x00, 0x00, 0x00, 0x00, 0x00, 0x00,
        0x00, 0x00, 0x00, 0x00, 0x00, 0x00, 0x00, 0x00, 0x00, 0x00, 0x00, 0x00, 0x00, 0x00, 0x00, 0x00,
        0x00, 0x00, 0x00, 0x00, 0x00, 0x00, 0x00, 0x00, 0x00, 0x00, 0x00, 0x00, 0x00, 0x00, 0x00, 0x00,
        0x00, 0x00, 0x00, 0x00, 0x00, 0x00, 0x00, 0x00, 0x00, 0x00, 0x00, 0x00, 0x00, 0x00, 0x00, 0x00,
        0x00, 0x00, 0x00, 0x00, 0x00, 0x00, 0x00, 0x00, 0x00, 0x00, 0x00, 0x00, 0x00, 0x00, 0x00, 0x00,
        0x00, 0x00, 0x00, 0x00, 0x00, 0x00, 0x00, 0x00, 0x00, 0x00, 0x00, 0x00, 0x00, 0x00, 0x00, 0x00,
    },
    // frame 3
    {
        0x00, 0x00, 0x00, 0x00, 0x00, 0x00, 0x00, 0x00, 0x00, 0x00, 0x00, 0x00, 0x00, 0x00, 0x00, 0x00,
        0x00, 0x00, 0x00, 0x00, 0x00, 0x00, 0x00, 0x00, 0x00, 0x00, 0x00, 0x00, 0x00, 0x00, 0x00, 0x00,
        0x00, 0x00, 0x00, 0x00, 0x00, 0x00, 0x00, 0x00, 0x00, 0x00, 0x00, 0x00, 0x00, 0x00, 0x00, 0x00,
        0x00, 0x00, 0x00, 0x00, 0x00, 0x00, 0x00, 0x00, 0x00, 0x00, 0x00, 0x00, 0x00, 0x00, 0x00, 0x00,
        0x00, 0x00, 0x00, 0x1f, 0xf0, 0x00, 0x00, 0x00, 0x00, 0x00, 0x00, 0x0f, 0xf8, 0x00, 0x00, 0x00,
        0x00, 0x00, 0x00, 0x7f, 0xf0, 0x00, 0x00, 0x00, 0x00, 0x00, 0x00, 0x0f, 0xfe, 0x00, 0x00, 0x00,
        0x00, 0x00, 0x01, 0xff, 0xe0, 0x00, 0x00, 0x00, 0x00, 0x00, 0x00, 0x07, 0xff, 0x80, 0x00, 0x00,
        0x00, 0x00, 0x01, 0xff, 0x00, 0x00, 0x00, 0x00, 0x00, 0x00, 0x00, 0x00, 0xff, 0x80, 0x00, 0x00,
        0x00, 0x00, 0x00, 0x00, 0x00, 0x00, 0x00, 0x00, 0x00, 0x00, 0x00, 0x00, 0x00, 0x00, 0x00, 0x00,
        0x00, 0x00, 0x00, 0x00, 0x00, 0x00, 0x00, 0x00, 0x00, 0x00, 0x00, 0x00, 0x00, 0x00, 0x00, 0x00,
        0x00, 0x00, 0x00, 0x00, 0x00, 0x00, 0x00, 0x00, 0x00, 0x00, 0x00, 0x00, 0x00, 0x00, 0x00, 0x00,
        0x00, 0x00, 0x00, 0x00, 0x00, 0x00, 0x00, 0x00, 0x00, 0x00, 0x00, 0x00, 0x00, 0x00, 0x00, 0x00,
        0x00, 0x00, 0x00, 0x00, 0x00, 0x00, 0x00, 0x00, 0x00, 0x00, 0x00, 0x00, 0x00, 0x00, 0x00, 0x00,
        0x00, 0x00, 0x00, 0x00, 0x00, 0x00, 0x00, 0x00, 0x00, 0x00, 0x00, 0x00, 0x00, 0x00, 0x00, 0x00,
        0x00, 0x00, 0x07, 0xff, 0xc0, 0x00, 0x00, 0x00, 0x00, 0x00, 0x00, 0x03, 0xff, 0xe0, 0x00, 0x00,
        0x00, 0x00, 0x3f, 0xff, 0xf8, 0x00, 0x00, 0x00, 0x00, 0x00, 0x00, 0x1f, 0xff, 0xfc, 0x00, 0x00,
        0x00, 0x00, 0xff, 0xff, 0xfe, 0x00, 0x00, 0x00, 0x00, 0x00, 0x00, 0x7f, 0xff, 0xff, 0x00, 0x00,
        0x00, 0x03, 0xff, 0x80, 0x1f, 0x00, 0x00, 0x00, 0x00, 0x00, 0x00, 0xf8, 0x01, 0xff, 0xc0, 0x00,
        0x00, 0x07, 0xfc, 0x00, 0x03, 0xc0, 0x00, 0x00, 0x00, 0x00, 0x03, 0xc0, 0x00, 0x3f, 0xe0, 0x00,
        0x00, 0x0f, 0xf8, 0x00, 0x01, 0xe0, 0x00, 0x00, 0x00, 0x00, 0x07, 0x80, 0x00, 0x1f, 0xf0, 0x00,
        0x00, 0x1f, 0xe0, 0x01, 0xf8, 0x60, 0x00, 0x00, 0x00, 0x00, 0x06, 0x1f, 0x80, 0x07, 0xf8, 0x00,
        0x00, 0x3f, 0xc0, 0x01, 0xf8, 0x30, 0x00, 0x00, 0x00, 0x00, 0x0c, 0x1f, 0x80, 0x03, 0xfc, 0x00,
        0x00, 0x3f, 0xc0, 0x00, 0xf8, 0x38, 0x00, 0x00, 0x00, 0x00, 0x1c, 0x1f, 0x00, 0x03, 0xfc, 0x00,
        0x00, 0x3f, 0x80, 0x00, 0x00, 0x18, 0x00, 0x00, 0x00, 0x00, 0x18, 0x00, 0x00, 0x01, 0xfc, 0x00,
        0x00, 0x7f, 0x80, 0x00, 0x00, 0x18, 0x00, 0x00, 0x00, 0x00, 0x18, 0x00, 0x00, 0x01, 0xfe, 0x00,
        0x00, 0x7f, 0x80, 0x00, 0x00, 0x18, 0x00, 0x00, 0x00, 0x00, 0x18, 0x00, 0x00, 0x01, 0xfe, 0x00,
        0x00, 0x7f, 0x80, 0x00, 0x00, 0x18, 0x00, 0x00, 0x00, 0x00, 0x18, 0x00, 0x00, 0x01, 0xfe, 0x00,
        0x00, 0x7f, 0x80, 0x00, 0x00, 0x18, 0x00, 0x00, 0x00, 0x00, 0x18, 0x00, 0x00, 0x01, 0xfe, 0x00,
        0x00, 0x3f, 0x80, 0x00, 0x00, 0x18, 0x00, 0x00, 0x00, 0x00, 0x18, 0x00, 0x00, 0x01, 0xfc, 0x00,
        0x00, 0x3f, 0xc0, 0x00, 0x00, 0x30, 0x00, 0x00, 0x00, 0x00, 0x0c, 0x00, 0x00, 0x03, 0xfc, 0x00,
        0x00, 0x1f, 0xe0, 0x00, 0x00, 0x70, 0x00, 0x00, 0x00, 0x00, 0x0e, 0x00, 0x00, 0x07, 0xf8, 0x00,
        0x00, 0x1f, 0xf0, 0x00, 0x00, 0xe0, 0x00, 0x00, 0x00, 0x00, 0x07, 0x00, 0x00, 0x0f, 0xf8, 0x00,
        0x00, 0x0f, 0xf8, 0x00, 0x01, 0xc0, 0x00, 0x00, 0x00, 0x00, 0x03, 0x80, 0x00, 0x1f, 0xf0, 0x00,
        0x00, 0x07, 0xfe, 0x00, 0x07, 0x80, 0x00, 0x00, 0x00, 0x00, 0x01, 0xe0, 0x00, 0x7f, 0xe0, 0x00,
        0x00, 0x01, 0xff, 0xc0, 0x3f, 0x00, 0x00, 0x00, 0x00, 0x00, 0x00, 0xfc, 0x03, 0xff, 0x80, 0x00,
        0x00, 0x00, 0xff, 0xff, 0xfc, 0x00, 0x00, 0x00, 0x00, 0x00, 0x00, 0x3f, 0xff, 0xff, 0x00, 0x00,
        0x00, 0x00, 0x3f, 0xff, 0xf0, 0x00, 0x00, 0x00, 0x00, 0x00, 0x00, 0x0f, 0xff, 0xfc, 0x00, 0x00,
        0x00, 0x00, 0x03, 0xff, 0x00, 0x00, 0x00, 0x00, 0x00, 0x00, 0x00, 0x00, 0xff, 0xc0, 0x00, 0x00,
        0x00, 0x00, 0x00, 0x00, 0x00, 0x00, 0x00, 0x00, 0x00, 0x00, 0x00, 0x00, 0x00, 0x00, 0x00, 0x00,
        0x00, 0x00, 0x00, 0x00, 0x00, 0x00, 0x03, 0x80, 0x03, 0xc0, 0x00, 0x00, 0x00, 0x00, 0x00, 0x00,
        0x00, 0x00, 0x00, 0x00, 0x00, 0x00, 0x01, 0xff, 0xff, 0x00, 0x00, 0x00, 0x00, 0x00, 0x00, 0x00,
        0x00, 0x00, 0x00, 0x00, 0x00, 0x00, 0x00, 0x1f, 0xf0, 0x00, 0x00, 0x00, 0x00, 0x00, 0x00, 0x00,
        0x00, 0x00, 0x00, 0x00, 0x00, 0x00, 0x00, 0x00, 0x00, 0x00, 0x00, 0x00, 0x00, 0x00, 0x00, 0x00,
        0x00, 0x00, 0x00, 0x00, 0x00, 0x00, 0x00, 0x00, 0x00, 0x00, 0x00, 0x00, 0x00, 0x00, 0x00, 0x00,
        0x00, 0x00, 0x00, 0x00, 0x00, 0x00, 0x00, 0x00, 0x00, 0x00, 0x00, 0x00, 0x00, 0x00, 0x00, 0x00,
        0x00, 0x00, 0x00, 0x00, 0x00, 0x00, 0x00, 0x00, 0x00, 0x00, 0x00, 0x00, 0x00, 0x00, 0x00, 0x00,
        0x00, 0x00, 0x00, 0x00, 0x00, 0x00, 0x00, 0x00, 0x00, 0x00, 0x00, 0x00, 0x00, 0x00, 0x00, 0x00,
        0x00, 0x00, 0x00, 0x00, 0x00, 0x00, 0x00, 0x00, 0x00, 0x00, 0x00, 0x00, 0x00, 0x00, 0x00, 0x00,
    },
    // frame 4
    {
        0x00, 0x00, 0x00, 0x00, 0x00, 0x00, 0x00, 0x00, 0x00, 0x00, 0x00, 0x00, 0x00, 0x00, 0x00, 0x00,
        0x00, 0x00, 0x00, 0x00, 0x00, 0x00, 0x00, 0x00, 0x00, 0x00, 0x00, 0x00, 0x00, 0x00, 0x00, 0x00,
        0x00, 0x00, 0x00, 0x00, 0x00, 0x00, 0x00, 0x00, 0x00, 0x00, 0x00, 0x00, 0x00, 0x00, 0x00, 0x00,
        0x00, 0x00, 0x00, 0x00, 0x00, 0x00, 0x00, 0x00, 0x00, 0x00, 0x00, 0x00, 0x00, 0x00, 0x00, 0x00,
        0x00, 0x00, 0x00, 0x00, 0x00, 0x00, 0x00, 0x00, 0x00, 0x00, 0x00, 0x00, 0x00, 0x00, 0x00, 0x00,
        0x00, 0x00, 0x00, 0x00, 0x00, 0x00, 0x00, 0x00, 0x00, 0x00, 0x00, 0x00, 0x00, 0x00, 0x00, 0x00,
        0x00, 0x00, 0x00, 0x00, 0x00, 0x00, 0x00, 0x00, 0x00, 0x00, 0x00, 0x00, 0x00, 0x00, 0x00, 0x00,
        0x00, 0x00, 0x00, 0x00, 0x00, 0x00, 0x00, 0x00, 0x00, 0x00, 0x00, 0x00, 0x00, 0x00, 0x00, 0x00,
        0x00, 0x00, 0x00, 0x00, 0x00, 0x00, 0x00, 0x00, 0x00, 0x00, 0x00, 0x00, 0x00, 0x00, 0x00, 0x00,
        0x00, 0x00, 0x00, 0x3f, 0xf0, 0x00, 0x00, 0x00, 0x00, 0x00, 0x00, 0x0f, 0xfc, 0x00, 0x00, 0x00,
        0x00, 0x00, 0x00, 0xff, 0xf0, 0x00, 0x00, 0x00, 0x00, 0x00, 0x00, 0x0f, 0xff, 0x00, 0x00, 0x00,
        0x00, 0x00, 0x01, 0xff, 0xe0, 0x00, 0x00, 0x00, 0x00, 0x00, 0x00, 0x07, 0xff, 0x80, 0x00, 0x00,
        0x00, 0x00, 0x01, 0xfe, 0x00, 0x00, 0x00, 0x00, 0x00, 0x00, 0x00, 0x00, 0x7f, 0x80, 0x00, 0x00,
        0x00, 0x00, 0x00, 0x00, 0x00, 0x00, 0x00, 0x00, 0x00, 0x00, 0x00, 0x00, 0x00, 0x00, 0x00, 0x00,
        0x00, 0x00, 0x00, 0x00, 0x00, 0x00, 0x00, 0x00, 0x00, 0x00, 0x00, 0x00, 0x00, 0x00, 0x00, 0x00,
        0x00, 0x00, 0x00, 0x00, 0x00, 0x00, 0x00, 0x00, 0x00, 0x00, 0x00, 0x00, 0x00, 0x00, 0x00, 0x00,
        0x00, 0x00, 0x00, 0x00, 0x00, 0x00, 0x00, 0x00, 0x00, 0x00, 0x00, 0x00, 0x00, 0x00, 0x00, 0x00,
        0x00, 0x00, 0x00, 0x00, 0x00, 0x00, 0x00, 0x00, 0x00, 0x00, 0x00, 0x00, 0x00, 0x00, 0x00, 0x00,
        0x00, 0x00, 0x00, 0x00, 0x00, 0x00, 0x00, 0x00, 0x00, 0x00, 0x00, 0x00, 0x00, 0x00, 0x00, 0x00,
        0x00, 0x00, 0x00, 0x00, 0x00, 0x00, 0x00, 0x00, 0x00, 0x00, 0x00, 0x00, 0x00, 0x00, 0x00, 0x00,
        0x00, 0x00, 0x00, 0x00, 0x00, 0x00, 0x00, 0x00, 0x00, 0x00, 0x00, 0x00, 0x00, 0x00, 0x00, 0x00,
        0x00, 0x00, 0x00, 0x00, 0x00, 0x00, 0x00, 0x00, 0x00, 0x00, 0x00, 0x00, 0x00, 0x00, 0x00, 0x00,
        0x80, 0x00, 0x00, 0x00, 0xf0, 0x00, 0x00, 0x00, 0x00, 0x00, 0x00, 0x0f, 0x00, 0x00, 0x00, 0x01,
        0x80, 0x07, 0x80, 0x00, 0x00, 0x00, 0x00, 0x00, 0x00, 0x00, 0x00, 0x00, 0x00, 0x01, 0xe0, 0x01,
        0x80, 0x3f, 0x80, 0x00, 0x00, 0x10, 0x00, 0x00, 0x00, 0x00, 0x08, 0x00, 0x00, 0x01, 0xfc, 0x01,
        0x80, 0x7f, 0x80, 0x00, 0x00, 0x18, 0x00, 0x00, 0x00, 0x00, 0x18, 0x00, 0x00, 0x01, 0xfe, 0x00,
        0x00, 0x3f, 0x80, 0x00, 0x00, 0x18, 0x00, 0x00, 0x00, 0x00, 0x18, 0x00, 0x00, 0x01, 0xfc, 0x00,
        0x00, 0x1f, 0x80, 0x00, 0x00, 0x00, 0x00, 0x00, 0x00, 0x00, 0x00, 0x00, 0x00, 0x01, 0xf8, 0x00,
        0x00, 0x03, 0x80, 0x00, 0x00, 0x00, 0x00, 0x00, 0x00, 0x00, 0x00, 0x00, 0x00, 0x01, 0xc0, 0x00,
        0x00, 0x00, 0x00, 0x00, 0x00, 0x00, 0x00, 0x00, 0x00, 0x00, 0x00, 0x00, 0x00, 0x00, 0x00, 0x00,
        0x00, 0x00, 0x00, 0x00, 0x00, 0x00, 0x00, 0x00, 0x00, 0x00, 0x00, 0x00, 0x00, 0x00, 0x00, 0x00,
        0x00, 0x00, 0x00, 0x00, 0x00, 0x00, 0x00, 0x00, 0x00, 0x00, 0x00, 0x00, 0x00, 0x00, 0x00, 0x00,
        0x00, 0x00, 0x00, 0x00, 0x00, 0x00, 0x00, 0x00, 0x00, 0x00, 0x00, 0x00, 0x00, 0x00, 0x00, 0x00,
        0x00, 0x00, 0x00, 0x00, 0x00, 0x00, 0x00, 0x00, 0x00, 0x00, 0x00, 0x00, 0x00, 0x00, 0x00, 0x00,
        0x00, 0x00, 0x00, 0x00, 0x00, 0x00, 0x00, 0x00, 0x00, 0x00, 0x00, 0x00, 0x00, 0x00, 0x00, 0x00,
        0x00, 0x00, 0x00, 0x00, 0x00, 0x00, 0x00, 0x00, 0x00, 0x00, 0x00, 0x00, 0x00, 0x00, 0x00, 0x00,
        0x00, 0x00, 0x00, 0x00, 0x00, 0x00, 0x00, 0x00, 0x00, 0x00, 0x00, 0x00, 0x00, 0x00, 0x00, 0x00,
        0x00, 0x00, 0x00, 0x00, 0x00, 0x00, 0x00, 0x00, 0x00, 0x00, 0x00, 0x00, 0x00, 0x00, 0x00, 0x00,
        0x00, 0x00, 0x00, 0x00, 0x00, 0x00, 0x00, 0x00, 0x00, 0x00, 0x00, 0x00, 0x00, 0x00, 0x00, 0x00,
        0x00, 0x00, 0x00, 0x00, 0x00, 0x00, 0x03, 0x80, 0x03, 0xc0, 0x00, 0x00, 0x00, 0x00, 0x00, 0x00,
        0x00, 0x00, 0x00, 0x00, 0x00, 0x00, 0x01, 0xff, 0xff, 0x00, 0x00, 0x00, 0x00, 0x00, 0x00, 0x00,
        0x00, 0x00, 0x00, 0x00, 0x00, 0x00, 0x00, 0x1f, 0xf0, 0x00, 0x00, 0x00, 0x00, 0x00, 0x00, 0x00,
        0x00, 0x00, 0x00, 0x00, 0x00, 0x00, 0x00, 0x00, 0x00, 0x00, 0x00, 0x00, 0x00, 0x00, 0x00, 0x00,
        0x00, 0x00, 0x00, 0x00, 0x00, 0x00, 0x00, 0x00, 0x00, 0x00, 0x00, 0x00, 0x00, 0x00, 0x00, 0x00,
        0x00, 0x00, 0x00, 0x00, 0x00, 0x00, 0x00, 0x00, 0x00, 0x00, 0x00, 0x00, 0x00, 0x00, 0x00, 0x00,
        0x00, 0x00, 0x00, 0x00, 0x00, 0x00, 0x00, 0x00, 0x00, 0x00, 0x00, 0x00, 0x00, 0x00, 0x00, 0x00,
        0x00, 0x00, 0x00, 0x00, 0x00, 0x00, 0x00, 0x00, 0x00, 0x00, 0x00, 0x00, 0x00, 0x00, 0x00, 0x00,
        0x00, 0x00, 0x00, 0x00, 0x00, 0x00, 0x00, 0x00, 0x00, 0x00, 0x00, 0x00, 0x00, 0x00, 0x00, 0x00,
    },
    // frame 5
    {
        0x00, 0x00, 0x00, 0x00, 0x00, 0x00, 0x00, 0x00, 0x00, 0x00, 0x00, 0x00, 0x00, 0x00, 0x00, 0x00,
        0x00, 0x00, 0x00, 0x00, 0x00, 0x00, 0x00, 0x00, 0x00, 0x00, 0x00, 0x00, 0x00, 0x00, 0x00, 0x00,
        0x00, 0x00, 0x00, 0x00, 0x00, 0x00, 0x00, 0x00, 0x00, 0x00, 0x00, 0x00, 0x00, 0x00, 0x00, 0x00,
        0x00, 0x00, 0x00, 0x00, 0x00, 0x00, 0x00, 0x00, 0x00, 0x00, 0x00, 0x00, 0x00, 0x00, 0x00, 0x00,
        0x00, 0x00, 0x00, 0x00, 0x00, 0x00, 0x00, 0x00, 0x00, 0x00, 0x00, 0x00, 0x00, 0x00, 0x00, 0x00,
        0x00, 0x00, 0x00, 0x00, 0x00, 0x00, 0x00, 0x00, 0x00, 0x00, 0x00, 0x00, 0x00, 0x00, 0x00, 0x00,
        0x00, 0x00, 0x00, 0x00, 0x00, 0x00, 0x00, 0x00, 0x00, 0x00, 0x00, 0x00, 0x00, 0x00, 0x00, 0x00,
        0x00, 0x00, 0x00, 0x00, 0x00, 0x00, 0x00, 0x00, 0x00, 0x00, 0x00, 0x00, 0x00, 0x00, 0x00, 0x00,
        0x00, 0x00, 0x00, 0x00, 0x00, 0x00, 0x00, 0x00, 0x00, 0x00, 0x00, 0x00, 0x00, 0x00, 0x00, 0x00,
        0x00, 0x00, 0x00, 0x00, 0x00, 0x00, 0x00, 0x00, 0x00, 0x00, 0x00, 0x00, 0x00, 0x00, 0x00, 0x00,
        0x00, 0x00, 0x00, 0x3f, 0xf0, 0x00, 0x00, 0x00, 0x00, 0x00, 0x00, 0x0f, 0xfc, 0x00, 0x00, 0x00,
        0x00, 0x00, 0x00, 0xff, 0xf0, 0x00, 0x00, 0x00, 0x00, 0x00, 0x00, 0x0f, 0xff, 0x00, 0x00, 0x00,
        0x00, 0x00, 0x01, 0xff, 0xe0, 0x00, 0x00, 0x00, 0x00, 0x00, 0x00, 0x07, 0xff, 0x80, 0x00, 0x00,
        0x00, 0x00, 0x01, 0xff, 0x00, 0x00, 0x00, 0x00, 0x00, 0x00, 0x00, 0x00, 0xff, 0x80, 0x00, 0x00,
        0x00, 0x00, 0x00, 0x00, 0x00, 0x00, 0x00, 0x00, 0x00, 0x00, 0x00, 0x00, 0x00, 0x00, 0x00, 0x00,
        0x00, 0x00, 0x00, 0x00, 0x00, 0x00, 0x00, 0x00, 0x00, 0x00, 0x00, 0x00, 0x00, 0x00, 0x00, 0x00,
        0x00, 0x00, 0x00, 0x00, 0x00, 0x00, 0x00, 0x00, 0x00, 0x00, 0x00, 0x00, 0x00, 0x00, 0x00, 0x00,
        0x00, 0x00, 0x00, 0x00, 0x00, 0x00, 0x00, 0x00, 0x00, 0x00, 0x00, 0x00, 0x00, 0x00, 0x00, 0x00,
        0x00, 0x00, 0x00, 0x00, 0x00, 0x00, 0x00, 0x00, 0x00, 0x00, 0x00, 0x00, 0x00, 0x00, 0x00, 0x00,
        0x00, 0x00, 0x00, 0x00, 0x00, 0x00, 0x00, 0x00, 0x00, 0x00, 0x00, 0x00, 0x00, 0x00, 0x00, 0x00,
        0x00, 0x00, 0x00, 0x00, 0x00, 0x00, 0x00, 0x00, 0x00, 0x00, 0x00, 0x00, 0x00, 0x00, 0x00, 0x00,
        0xc0, 0x00, 0x00, 0x00, 0x00, 0x00, 0x00, 0x00, 0x00, 0x00, 0x00, 0x00, 0x00, 0x00, 0x00, 0x03,
        0x40, 0x00, 0x00, 0x00, 0x00, 0x00, 0x00, 0x00, 0x00, 0x00, 0x00, 0x00, 0x00, 0x00, 0x00, 0x03,
        0x60, 0x00, 0x00, 0x00, 0x00, 0x00, 0x00, 0x00, 0x00, 0x00, 0x00, 0x00, 0x00, 0x00, 0x00, 0x06,
        0x60, 0x03, 0x80, 0x00, 0x00, 0x00, 0x00, 0x00, 0x00, 0x00, 0x00, 0x00, 0x00, 0x01, 0xc0, 0x06,
        0xc0, 0x7f, 0x80, 0x00, 0x00, 0x18, 0x00, 0x00, 0x00, 0x00, 0x18, 0x00, 0x00, 0x01, 0xfe, 0x03,
        0x80, 0x3f, 0x80, 0x00, 0x00, 0x00, 0x00, 0x00, 0x00, 0x00, 0x08, 0x00, 0x00, 0x01, 0xfc, 0x01,
        0x00, 0x00, 0x00, 0x00, 0x00, 0x00, 0x00, 0x00, 0x00, 0x00, 0x00, 0x00, 0x00, 0x00, 0x00, 0x00,
        0x00, 0x00, 0x00, 0x00, 0x00, 0x00, 0x00, 0x00, 0x00, 0x00, 0x00, 0x00, 0x00, 0x00, 0x00, 0x00,
        0x00, 0x00, 0x00, 0x00, 0x00, 0x00, 0x00, 0x00, 0x00, 0x00, 0x00, 0x00, 0x00, 0x00, 0x00, 0x00,
        0x00, 0x00, 0x00, 0x00, 0x00, 0x00, 0x00, 0x00, 0x00, 0x00, 0x00, 0x00, 0x00, 0x00, 0x00, 0x00,
        0x00, 0x00, 0x00, 0x00, 0x00, 0x00, 0x00, 0x00, 0x00, 0x00, 0x00, 0x00, 0x00, 0x00, 0x00, 0x00,
        0x00, 0x00, 0x00, 0x00, 0x00, 0x00, 0x00, 0x00, 0x00, 0x00, 0x00, 0x00, 0x00, 0x00, 0x00, 0x00,
        0x00, 0x00, 0x00, 0x00, 0x00, 0x00, 0x00, 0x00, 0x00, 0x00, 0x00, 0x00, 0x00, 0x00, 0x00, 0x00,
        0x00, 0x00, 0x00, 0x00, 0x00, 0x00, 0x00, 0x00, 0x00, 0x00, 0x00, 0x00, 0x00, 0x00, 0x00, 0x00,
        0x00, 0x00, 0x00, 0x00, 0x00, 0x00, 0x00, 0x00, 0x00, 0x00, 0x00, 0x00, 0x00, 0x00, 0x00, 0x00,
        0x00, 0x00, 0x00, 0x00, 0x00, 0x00, 0x00, 0x00, 0x00, 0x00, 0x00, 0x00, 0x00, 0x00, 0x00, 0x00,
        0x00, 0x00, 0x00, 0x00, 0x00, 0x00, 0x00, 0x00, 0x00, 0x00, 0x00, 0x00, 0x00, 0x00, 0x00, 0x00,
        0x00, 0x00, 0x00, 0x00, 0x00, 0x00, 0x00, 0x00, 0x00, 0x00, 0x00, 0x00, 0x00, 0x00, 0x00, 0x00,
        0x00, 0x00, 0x00, 0x00, 0x00, 0x00, 0x03, 0x80, 0x03, 0xc0, 0x00, 0x00, 0x00, 0x00, 0x00, 0x00,
        0x00, 0x00, 0x00, 0x00, 0x00, 0x00, 0x01, 0xff, 0xff, 0x00, 0x00, 0x00, 0x00, 0x00, 0x00, 0x00,
        0x00, 0x00, 0x00, 0x00, 0x00, 0x00, 0x00, 0x1f, 0xf0, 0x00, 0x00, 0x00, 0x00, 0x00, 0x00, 0x00,
        0x00, 0x00, 0x00, 0x00, 0x00, 0x00, 0x00, 0x00, 0x00, 0x00, 0x00, 0x00, 0x00, 0x00, 0x00, 0x00,
        0x00, 0x00, 0x00, 0x00, 0x00, 0x00, 0x00, 0x00, 0x00, 0x00, 0x00, 0x00, 0x00, 0x00, 0x00, 0x00,
        0x00, 0x00, 0x00, 0x00, 0x00, 0x00, 0x00, 0x00, 0x00, 0x00, 0x00, 0x00, 0x00, 0x00, 0x00, 0x00,
        0x00, 0x00, 0x00, 0x00, 0x00, 0x00, 0x00, 0x00, 0x00, 0x00, 0x00, 0x00, 0x00, 0x00, 0x00, 0x00,
        0x00, 0x00, 0x00, 0x00, 0x00, 0x00, 0x00, 0x00, 0x00, 0x00, 0x00, 0x00, 0x00, 0x00, 0x00, 0x00,
        0x00, 0x00, 0x00, 0x00, 0x00, 0x00, 0x00, 0x00, 0x00, 0x00, 0x00, 0x00, 0x00, 0x00, 0x00, 0x00,
    },
    // frame 6
    {
        0x00, 0x00, 0x00, 0x00, 0x00, 0x00, 0x00, 0x00, 0x00, 0x00, 0x00, 0x00, 0x00, 0x00, 0x00, 0x00,
        0x00, 0x00, 0x00, 0x00, 0x00, 0x00, 0x00, 0x00, 0x00, 0x00, 0x00, 0x00, 0x00, 0x00, 0x00, 0x00,
        0x00, 0x00, 0x00, 0x00, 0x00, 0x00, 0x00, 0x00, 0x00, 0x00, 0x00, 0x00, 0x00, 0x00, 0x00, 0x00,
        0x00, 0x00, 0x00, 0x01, 0xc0, 0x00, 0x00, 0x00, 0x00, 0x00, 0x00, 0x03, 0x80, 0x00, 0x00, 0x00,
        0x00, 0x00, 0x00, 0x3f, 0xf0, 0x00, 0x00, 0x00, 0x00, 0x00, 0x00, 0x0f, 0xfc, 0x00, 0x00, 0x00,
        0x00, 0x00, 0x00, 0xff, 0xf0, 0x00, 0x00, 0x00, 0x00, 0x00, 0x00, 0x0f, 0xff, 0x00, 0x00, 0x00,
        0x00, 0x00, 0x01, 0xff, 0xe0, 0x00, 0x00, 0x00, 0x00, 0x00, 0x00, 0x07, 0xff, 0x80, 0x00, 0x00,
        0x00, 0x00, 0x01, 0xfe, 0x00, 0x00, 0x00, 0x00, 0x00, 0x00, 0x00, 0x00, 0x7f, 0x80, 0x00, 0x00,
        0x00, 0x00, 0x00, 0x00, 0x00, 0x00, 0x00, 0x00, 0x00, 0x00, 0x00, 0x00, 0x00, 0x00, 0x00, 0x00,
        0x00, 0x00, 0x00, 0x00, 0x00, 0x00, 0x00, 0x00, 0x00, 0x00, 0x00, 0x00, 0x00, 0x00, 0x00, 0x00,
        0x00, 0x00, 0x00, 0x00, 0x00, 0x00, 0x00, 0x00, 0x00, 0x00, 0x00, 0x00, 0x00, 0x00, 0x00, 0x00,
        0x00, 0x00, 0x00, 0x00, 0x00, 0x00, 0x00, 0x00, 0x00, 0x00, 0x00, 0x00, 0x00, 0x00, 0x00, 0x00,
        0x00, 0x00, 0x00, 0x00, 0x00, 0x00, 0x00, 0x00, 0x00, 0x00, 0x00, 0x00, 0x00, 0x00, 0x00, 0x00,
        0x00, 0x00, 0x01, 0xff, 0x00, 0x00, 0x00, 0x00, 0x00, 0x00, 0x00, 0x00, 0xff, 0x80, 0x00, 0x00,
        0x00, 0x00, 0x1f, 0xff, 0xe0, 0x00, 0x00, 0x00, 0x00, 0x00, 0x00, 0x07, 0xff, 0xf8, 0x00, 0x00,
        0x00, 0x00, 0x7f, 0xff, 0xfc, 0x00, 0x00, 0x00, 0x00, 0x00, 0x00, 0x3f, 0xff, 0xfe, 0x00, 0x00,
        0x00, 0x01, 0xff, 0xff, 0xfe, 0x00, 0x00, 0x00, 0x00, 0x00, 0x00, 0x7f, 0xff, 0xff, 0x80, 0x00,
        0x00, 0x03, 0xff, 0x80, 0x1f, 0x80, 0x00, 0x00, 0x00, 0x00, 0x01, 0xf8, 0x01, 0xff, 0xc0, 0x00,
        0x00, 0x0f, 0xfc, 0x00, 0x03, 0xc0, 0x00, 0x00, 0x00, 0x00, 0x03, 0xc0, 0x00, 0x3f, 0xf0, 0x00,
        0x80, 0x0f, 0xf8, 0x00, 0x01, 0xe0, 0x00, 0x00, 0x00, 0x00, 0x07, 0x80, 0x00, 0x1f, 0xf0, 0x01,
        0xe0, 0x1f, 0xe0, 0x01, 0xf8, 0x70, 0x00, 0x00, 0x00, 0x00, 0x0e, 0x1f, 0x80, 0x07, 0xf8, 0x07,
        0x30, 0x3f, 0xc0, 0x01, 0xf8, 0x30, 0x00, 0x00, 0x00, 0x00, 0x0c, 0x1f, 0x80, 0x03, 0xfc, 0x0c,
        0x30, 0x3f, 0xc0, 0x00, 0xf8, 0x38, 0x00, 0x00, 0x00, 0x00, 0x1c, 0x1f, 0x00, 0x03, 0xfc, 0x0c,
        0x18, 0x3f, 0x80, 0x00, 0x00, 0x18, 0x00, 0x00, 0x00, 0x00, 0x18, 0x00, 0x00, 0x01, 0xfc, 0x18,
        0x10, 0x7f, 0x80, 0x00, 0x00, 0x18, 0x00, 0x00, 0x00, 0x00, 0x18, 0x00, 0x00, 0x01, 0xfe, 0x08,
        0x30, 0x7f, 0x80, 0x00, 0x00, 0x18, 0x00, 0x00, 0x00, 0x00, 0x18, 0x00, 0x00, 0x01, 0xfe, 0x0c,
        0x30, 0x7f, 0x80, 0x00, 0x00, 0x18, 0x00, 0x00, 0x00, 0x00, 0x18, 0x00, 0x00, 0x01, 0xfe, 0x06,
        0xc0, 0x7f, 0x80, 0x00, 0x00, 0x18, 0x00, 0x00, 0x00, 0x00, 0x18, 0x00, 0x00, 0x01, 0xfe, 0x03,
        0x00, 0x3f, 0x80, 0x00, 0x00, 0x18, 0x00, 0x00, 0x00, 0x00, 0x18, 0x00, 0x00, 0x01, 0xfc, 0x00,
        0x00, 0x3f, 0xc0, 0x00, 0x00, 0x30, 0x00, 0x00, 0x00, 0x00, 0x0c, 0x00, 0x00, 0x03, 0xfc, 0x00,
        0x00, 0x3f, 0xe0, 0x00, 0x00, 0x70, 0x00, 0x00, 0x00, 0x00, 0x0e, 0x00, 0x00, 0x07, 0xfc, 0x00,
        0x00, 0x1f, 0xf0, 0x00, 0x00, 0xe0, 0x00, 0x00, 0x00, 0x00, 0x07, 0x00, 0x00, 0x0f, 0xf8, 0x00,
        0x00, 0x0f, 0xf8, 0x00, 0x01, 0xc0, 0x00, 0x00, 0x00, 0x00, 0x03, 0x80, 0x00, 0x1f, 0xf0, 0x00,
        0x00, 0x07, 0xfe, 0x00, 0x07, 0x80, 0x00, 0x00, 0x00, 0x00, 0x01, 0xe0, 0x00, 0x7f, 0xe0, 0x00,
        0x00, 0x03, 0xff, 0xc0, 0x3f, 0x00, 0x00, 0x00, 0x00, 0x00, 0x00, 0xfc, 0x03, 0xff, 0xc0, 0x00,
        0x00, 0x00, 0xff, 0xff, 0xfe, 0x00, 0x00, 0x00, 0x00, 0x00, 0x00, 0x7f, 0xff, 0xff, 0x00, 0x00,
        0x00, 0x00, 0x7f, 0xff, 0xf8, 0x00, 0x00, 0x00, 0x00, 0x00, 0x00, 0x1f, 0xff, 0xfe, 0x00, 0x00,
        0x00, 0x00, 0x0f, 0xff, 0xc0, 0x00, 0x00, 0x00, 0x00, 0x00, 0x00, 0x03, 0xff, 0xf0, 0x00, 0x00,
        0x00, 0x00, 0x00, 0x30, 0x00, 0x00, 0x00, 0x00, 0x00, 0x00, 0x00, 0x00, 0x0c, 0x00, 0x00, 0x00,
        0x00, 0x00, 0x00, 0x00, 0x00, 0x00, 0x03, 0x80, 0x03, 0xc0, 0x00, 0x00, 0x00, 0x00, 0x00, 0x00,
        0x00, 0x00, 0x00, 0x00, 0x00, 0x00, 0x01, 0xff, 0xff, 0x00, 0x00, 0x00, 0x00, 0x00, 0x00, 0x00,
        0x00, 0x00, 0x00, 0x00, 0x00, 0x00, 0x00, 0x1f, 0xf0, 0x00, 0x00, 0x00, 0x00, 0x00, 0x00, 0x00,
        0x00, 0x00, 0x00, 0x00, 0x00, 0x00, 0x00, 0x00, 0x00, 0x00, 0x00, 0x00, 0x00, 0x00, 0x00, 0x00,
        0x00, 0x00, 0x00, 0x00, 0x00, 0x00, 0x00, 0x00, 0x00, 0x00, 0x00, 0x00, 0x00, 0x00, 0x00, 0x00,
        0x00, 0x00, 0x00, 0x00, 0x00, 0x00, 0x00, 0x00, 0x00, 0x00, 0x00, 0x00, 0x00, 0x00, 0x00, 0x00,
        0x00, 0x00, 0x00, 0x00, 0x00, 0x00, 0x00, 0x00, 0x00, 0x00, 0x00, 0x00, 0x00, 0x00, 0x00, 0x00,
        0x00, 0x00, 0x00, 0x00, 0x00, 0x00, 0x00, 0x00, 0x00, 0x00, 0x00, 0x00, 0x00, 0x00, 0x00, 0x00,
        0x00, 0x00, 0x00, 0x00, 0x00, 0x00, 0x00, 0x00, 0x00, 0x00, 0x00, 0x00, 0x00, 0x00, 0x00, 0x00,
    },
    // frame 7
    {
        0x00, 0x00, 0x00, 0x00, 0x00, 0x00, 0x00, 0x00, 0x00, 0x00, 0x00, 0x00, 0x00, 0x00, 0x00, 0x00,
        0x00, 0x00, 0x00, 0x00, 0x00, 0x00, 0x00, 0x00, 0x00, 0x00, 0x00, 0x00, 0x00, 0x00, 0x00, 0x00,
        0x00, 0x00, 0x00, 0x1f, 0xf0, 0x00, 0x00, 0x00, 0x00, 0x00, 0x00, 0x0f, 0xf8, 0x00, 0x00, 0x00,
        0x00, 0x00, 0x00, 0xff, 0xf0, 0x00, 0x00, 0x00, 0x00, 0x00, 0x00, 0x0f, 0xff, 0x00, 0x00, 0x00,
        0x00, 0x00, 0x01, 0xff, 0xe0, 0x00, 0x00, 0x00, 0x00, 0x00, 0x00, 0x07, 0xff, 0x80, 0x00, 0x00,
        0x00, 0x00, 0x01, 0xff, 0x00, 0x00, 0x00, 0x00, 0x00, 0x00, 0x00, 0x00, 0xff, 0x80, 0x00, 0x00,
        0x00, 0x00, 0x00, 0x00, 0x00, 0x00, 0x00, 0x00, 0x00, 0x00, 0x00, 0x00, 0x00, 0x00, 0x00, 0x00,
        0x00, 0x00, 0x00, 0x00, 0x00, 0x00, 0x00, 0x00, 0x00, 0x00, 0x00, 0x00, 0x00, 0x00, 0x00, 0x00,
        0x00, 0x00, 0x00, 0x00, 0x00, 0x00, 0x00, 0x00, 0x00, 0x00, 0x00, 0x00, 0x00, 0x00, 0x00, 0x00,
        0x00, 0x00, 0x00, 0x00, 0x00, 0x00, 0x00, 0x00, 0x00, 0x00, 0x00, 0x00, 0x00, 0x00, 0x00, 0x00,
        0x00, 0x00, 0x01, 0xff, 0x00, 0x00, 0x00, 0x00, 0x00, 0x00, 0x00, 0x00, 0xff, 0x80, 0x00, 0x00,
        0x00, 0x00, 0x0f, 0xff, 0xe0, 0x00, 0x00, 0x00, 0x00, 0x00, 0x00, 0x07, 0xff, 0xf0, 0x00, 0x00,
        0x00, 0x00, 0x7f, 0xff, 0xf8, 0x00, 0x00, 0x00, 0x00, 0x00, 0x00, 0x1f, 0xff, 0xfe, 0x00, 0x00,
        0x00, 0x00, 0xff, 0xff, 0xfc, 0x00, 0x00, 0x00, 0x00, 0x00, 0x00, 0x3f, 0xff, 0xff, 0x00, 0x00,
        0x00, 0x01, 0xff, 0xff, 0xff, 0x00, 0x00, 0x00, 0x00, 0x00, 0x00, 0xff, 0xff, 0xff, 0x80, 0x00,
        0x00, 0x03, 0xff, 0xff, 0xff, 0x80, 0x00, 0x00, 0x00, 0x00, 0x01, 0xff, 0xff, 0xff, 0xc0, 0x00,
        0x00, 0x07, 0xff, 0xff, 0xff, 0xc0, 0x00, 0x00, 0x00, 0x00, 0x03, 0xff, 0xff, 0xff, 0xe0, 0x00,
        0x00, 0x0f, 0xff, 0x80, 0x1f, 0xc0, 0x00, 0x00, 0x00, 0x00, 0x03, 0xf8, 0x01, 0xff, 0xf0, 0x00,
        0x80, 0x1f, 0xfc, 0x00, 0x03, 0xe0, 0x00, 0x00, 0x00, 0x00, 0x07, 0xc0, 0x00, 0x3f, 0xf8, 0x01,
        0x60, 0x1f, 0xf8, 0x00, 0x01, 0xf0, 0x00, 0x00, 0x00, 0x00, 0x0f, 0x80, 0x00, 0x1f, 0xf8, 0x06,
        0x18, 0x3f, 0xe0, 0x01, 0xf8, 0x70, 0x00, 0x00, 0x00, 0x00, 0x0e, 0x1f, 0x80, 0x07, 0xfc, 0x0c,
        0x08, 0x3f, 0xc0, 0x01, 0xf8, 0x38, 0x00, 0x00, 0x00, 0x00, 0x1c, 0x1f, 0x80, 0x03, 0xfc, 0x10,
        0x0c, 0x3f, 0xc0, 0x00, 0xf8, 0x38, 0x00, 0x00, 0x00, 0x00, 0x1c, 0x1f, 0x00, 0x03, 0xfc, 0x30,
        0x04, 0x7f, 0x80, 0x00, 0x00, 0x18, 0x00, 0x00, 0x00, 0x00, 0x18, 0x00, 0x00, 0x01, 0xfe, 0x30,
        0x04, 0x7f, 0x80, 0x00, 0x00, 0x18, 0x00, 0x00, 0x00, 0x00, 0x18, 0x00, 0x00, 0x01, 0xfe, 0x30,
        0x0c, 0x7f, 0x80, 0x00, 0x00, 0x18, 0x00, 0x00, 0x00, 0x00, 0x18, 0x00, 0x00, 0x01, 0xfe, 0x30,
        0x18, 0x7f, 0x80, 0x00, 0x00, 0x18, 0x00, 0x00, 0x00, 0x00, 0x18, 0x00, 0x00, 0x01, 0xfe, 0x18,
        0x30, 0x7f, 0x80, 0x00, 0x00, 0x18, 0x00, 0x00, 0x00, 0x00, 0x18, 0x00, 0x00, 0x01, 0xfe, 0x0c,
        0x60, 0x7f, 0x80, 0x00, 0x00, 0x18, 0x00, 0x00, 0x00, 0x00, 0x18, 0x00, 0x00, 0x01, 0xfe, 0x07,
        0x80, 0x3f, 0xc0, 0x00, 0x00, 0x38, 0x00, 0x00, 0x00, 0x00, 0x1c, 0x00, 0x00, 0x03, 0xfc, 0x00,
        0x00, 0x3f, 0xe0, 0x00, 0x00, 0x70, 0x00, 0x00, 0x00, 0x00, 0x0e, 0x00, 0x00, 0x07, 0xfc, 0x00,
        0x00, 0x3f, 0xf0, 0x00, 0x00, 0xf0, 0x00, 0x00, 0x00, 0x00, 0x0f, 0x00, 0x00, 0x0f, 0xfc, 0x00,
        0x00, 0x1f, 0xf8, 0x00, 0x01, 0xe0, 0x00, 0x00, 0x00, 0x00, 0x07, 0x80, 0x00, 0x1f, 0xf8, 0x00,
        0x00, 0x1f, 0xfe, 0x00, 0x07, 0xe0, 0x00, 0x00, 0x00, 0x00, 0x07, 0xe0, 0x00, 0x7f, 0xf8, 0x00,
        0x00, 0x0f, 0xff, 0xc0, 0x3f, 0xc0, 0x00, 0x00, 0x00, 0x00, 0x03, 0xfc, 0x03, 0xff, 0xf0, 0x00,
        0x00, 0x07, 0xff, 0xff, 0xff, 0x80, 0x00, 0x00, 0x00, 0x00, 0x01, 0xff, 0xff, 0xff, 0xe0, 0x00,
        0x00, 0x03, 0xff, 0xff, 0xff, 0x00, 0x00, 0x00, 0x00, 0x00, 0x00, 0xff, 0xff, 0xff, 0xc0, 0x00,
        0x00, 0x01, 0xff, 0xff, 0xfe, 0x00, 0x00, 0x00, 0x00, 0x00, 0x00, 0x7f, 0xff, 0xff, 0x80, 0x00,
        0x00, 0x00, 0xff, 0xff, 0xfc, 0x00, 0x00, 0x00, 0x00, 0x00, 0x00, 0x3f, 0xff, 0xff, 0x00, 0x00,
        0x00, 0x00, 0x3f, 0xff, 0xf0, 0x00, 0x03, 0x80, 0x03, 0xc0, 0x00, 0x0f, 0xff, 0xfc, 0x00, 0x00,
        0x00, 0x00, 0x0f, 0xff, 0xc0, 0x00, 0x01, 0xff, 0xff, 0x00, 0x00, 0x03, 0xff, 0xe0, 0x00, 0x00,
        0x00, 0x00, 0x00, 0x78, 0x00, 0x00, 0x00, 0x1f, 0xf0, 0x00, 0x00, 0x00, 0x1e, 0x00, 0x00, 0x00,
        0x00, 0x00, 0x00, 0x00, 0x00, 0x00, 0x00, 0x00, 0x00, 0x00, 0x00, 0x00, 0x00, 0x00, 0x00, 0x00,
        0x00, 0x00, 0x00, 0x00, 0x00, 0x00, 0x00, 0x00, 0x00, 0x00, 0x00, 0x00, 0x00, 0x00, 0x00, 0x00,
        0x00, 0x00, 0x00, 0x00, 0x00, 0x00, 0x00, 0x00, 0x00, 0x00, 0x00, 0x00, 0x00, 0x00, 0x00, 0x00,
        0x00, 0x00, 0x00, 0x00, 0x00, 0x00, 0x00, 0x00, 0x00, 0x00, 0x00, 0x00, 0x00, 0x00, 0x00, 0x00,
        0x00, 0x00, 0x00, 0x00, 0x00, 0x00, 0x00, 0x00, 0x00, 0x00, 0x00, 0x00, 0x00, 0x00, 0x00, 0x00,
        0x00, 0x00, 0x00, 0x00, 0x00, 0x00, 0x00, 0x00, 0x00, 0x00, 0x00, 0x00, 0x00, 0x00, 0x00, 0x00,
    },
    // frame 8
    {
        0x00, 0x00, 0x00, 0x00, 0x00, 0x00, 0x00, 0x00, 0x00, 0x00, 0x00, 0x00, 0x00, 0x00, 0x00, 0x00,
        0x00, 0x00, 0x00, 0x00, 0x00, 0x00, 0x00, 0x00, 0x00, 0x00, 0x00, 0x00, 0x00, 0x00, 0x00, 0x00,
        0x00, 0x00, 0x00, 0x07, 0xe0, 0x00, 0x00, 0x00, 0x00, 0x00, 0x00, 0x07, 0xe0, 0x00, 0x00, 0x00,
        0x00, 0x00, 0x00, 0x3f, 0xf0, 0x00, 0x00, 0x00, 0x00, 0x00, 0x00, 0x0f, 0xfc, 0x00, 0x00, 0x00,
        0x00, 0x00, 0x00, 0xff, 0xf0, 0x00, 0x00, 0x00, 0x00, 0x00, 0x00, 0x0f, 0xff, 0x00, 0x00, 0x00,
        0x00, 0x00, 0x01, 0xff, 0xc0, 0x00, 0x00, 0x00, 0x00, 0x00, 0x00, 0x03, 0xff, 0x80, 0x00, 0x00,
        0x00, 0x00, 0x01, 0xfc, 0x00, 0x00, 0x00, 0x00, 0x00, 0x00, 0x00, 0x00, 0x3f, 0x80, 0x00, 0x00,
        0x00, 0x00, 0x00, 0x00, 0x00, 0x00, 0x00, 0x00, 0x00, 0x00, 0x00, 0x00, 0x00, 0x00, 0x00, 0x00,
        0x00, 0x00, 0x00, 0x00, 0x00, 0x00, 0x00, 0x00, 0x00, 0x00, 0x00, 0x00, 0x00, 0x00, 0x00, 0x00,
        0x00, 0x00, 0x00, 0x00, 0x00, 0x00, 0x00, 0x00, 0x00, 0x00, 0x00, 0x00, 0x00, 0x00, 0x00, 0x00,
        0x00, 0x00, 0x00, 0x00, 0x00, 0x00, 0x00, 0x00, 0x00, 0x00, 0x00, 0x00, 0x00, 0x00, 0x00, 0x00,
        0x00, 0x00, 0x01, 0xff, 0x00, 0x00, 0x00, 0x00, 0x00, 0x00, 0x00, 0x00, 0x7f, 0x80, 0x00, 0x00,
        0x00, 0x00, 0x1f, 0xff, 0xe0, 0x00, 0x00, 0x00, 0x00, 0x00, 0x00, 0x07, 0xff, 0xf8, 0x00, 0x00,
        0x00, 0x00, 0x7f, 0xff, 0xf8, 0x00, 0x00, 0x00, 0x00, 0x00, 0x00, 0x1f, 0xff, 0xfe, 0x00, 0x00,
        0x00, 0x00, 0xff, 0xff, 0xfe, 0x00, 0x00, 0x00, 0x00, 0x00, 0x00, 0x7f, 0xff, 0xff, 0x00, 0x00,
        0x00, 0x03, 0xff, 0xff, 0xff, 0x00, 0x00, 0x00, 0x00, 0x00, 0x00, 0xff, 0xff, 0xff, 0xc0, 0x00,
        0x00, 0x07, 0xff, 0xff, 0xff, 0x80, 0x00, 0x00, 0x00, 0x00, 0x01, 0xff, 0xff, 0xff, 0xe0, 0x00,
        0xc0, 0x0f, 0xff, 0x80, 0x1f, 0xc0, 0x00, 0x00, 0x00, 0x00, 0x03, 0xf8, 0x01, 0xff, 0xf0, 0x03,
        0x30, 0x0f, 0xfc, 0x00, 0x03, 0xe0, 0x00, 0x00, 0x00, 0x00, 0x07, 0xc0, 0x00, 0x3f, 0xf0, 0x0c,
        0x18, 0x1f, 0xf8, 0x00, 0x01, 0xe0, 0x00, 0x00, 0x00, 0x00, 0x07, 0x80, 0x00, 0x1f, 0xf8, 0x18,
        0x06, 0x3f, 0xe0, 0x01, 0xf8, 0x70, 0x00, 0x00, 0x00, 0x00, 0x0e, 0x1f, 0x80, 0x07, 0xfc, 0x60,
        0x02, 0x3f, 0xc0, 0x01, 0xf8, 0x30, 0x00, 0x00, 0x00, 0x00, 0x0c, 0x1f, 0x80, 0x03, 0xfc, 0x60,
        0x03, 0x3f, 0xc0, 0x00, 0xf8, 0x38, 0x00, 0x00, 0x00, 0x00, 0x1c, 0x1f, 0x00, 0x03, 0xfc, 0xc0,
        0x03, 0x7f, 0x80, 0x00, 0x00, 0x18, 0x00, 0x00, 0x00, 0x00, 0x18, 0x00, 0x00, 0x01, 0xfe, 0x40,
        0x03, 0x7f, 0x80, 0x00, 0x00, 0x18, 0x00, 0x00, 0x00, 0x00, 0x18, 0x00, 0x00, 0x01, 0xfe, 0xc0,
        0x03, 0x7f, 0x80, 0x00, 0x00, 0x18, 0x00, 0x00, 0x00, 0x00, 0x18, 0x00, 0x00, 0x01, 0xfe, 0x40,
        0x06, 0x7f, 0x80, 0x00, 0x00, 0x18, 0x00, 0x00, 0x00, 0x00, 0x18, 0x00, 0x00, 0x01, 0xfe, 0x60,
        0x0c, 0x7f, 0x80, 0x00, 0x00, 0x18, 0x00, 0x00, 0x00, 0x00, 0x18, 0x00, 0x00, 0x01, 0xfe, 0x30,
        0x18, 0x3f, 0x80, 0x00, 0x00, 0x18, 0x00, 0x00, 0x00, 0x00, 0x18, 0x00, 0x00, 0x01, 0xfc, 0x18,
        0x60, 0x3f, 0xc0, 0x00, 0x00, 0x38, 0x00, 0x00, 0x00, 0x00, 0x1c, 0x00, 0x00, 0x03, 0xfc, 0x0e,
        0x80, 0x3f, 0xe0, 0x00, 0x00, 0x70, 0x00, 0x00, 0x00, 0x00, 0x0e, 0x00, 0x00, 0x07, 0xfc, 0x01,
        0x00, 0x1f, 0xf0, 0x00, 0x00, 0xf0, 0x00, 0x00, 0x00, 0x00, 0x0f, 0x00, 0x00, 0x0f, 0xf8, 0x00,
        0x00, 0x1f, 0xf8, 0x00, 0x01, 0xe0, 0x00, 0x00, 0x00, 0x00, 0x07, 0x80, 0x00, 0x1f, 0xf8, 0x00,
        0x00, 0x0f, 0xfe, 0x00, 0x07, 0xe0, 0x00, 0x00, 0x00, 0x00, 0x07, 0xe0, 0x00, 0x7f, 0xf0, 0x00,
        0x00, 0x07, 0xff, 0xc0, 0x3f, 0xc0, 0x00, 0x00, 0x00, 0x00, 0x03, 0xfc, 0x03, 0xff, 0xe0, 0x00,
        0x00, 0x03, 0xff, 0xff, 0xff, 0x80, 0x00, 0x00, 0x00, 0x00, 0x01, 0xff, 0xff, 0xff, 0xc0, 0x00,
        0x00, 0x01, 0xff, 0xff, 0xff, 0x00, 0x00, 0x00, 0x00, 0x00, 0x00, 0xff, 0xff, 0xff, 0x80, 0x00,
        0x00, 0x00, 0xff, 0xff, 0xfc, 0x00, 0x00, 0x00, 0x00, 0x00, 0x00, 0x3f, 0xff, 0xff, 0x00, 0x00,
        0x00, 0x00, 0x3f, 0xff, 0xf0, 0x00, 0x00, 0x00, 0x00, 0x00, 0x00, 0x0f, 0xff, 0xfc, 0x00, 0x00,
        0x00, 0x00, 0x0f, 0xff, 0xc0, 0x00, 0x03, 0x80, 0x03, 0xc0, 0x00, 0x03, 0xff, 0xf0, 0x00, 0x00,
        0x00, 0x00, 0x00, 0x38, 0x00, 0x00, 0x01, 0xff, 0xff, 0x00, 0x00, 0x00, 0x1c, 0x00, 0x00, 0x00,
        0x00, 0x00, 0x00, 0x00, 0x00, 0x00, 0x00, 0x1f, 0xf0, 0x00, 0x00, 0x00, 0x00, 0x00, 0x00, 0x00,
        0x00, 0x00, 0x00, 0x00, 0x00, 0x00, 0x00, 0x00, 0x00, 0x00, 0x00, 0x00, 0x00, 0x00, 0x00, 0x00,
        0x00, 0x00, 0x00, 0x00, 0x00, 0x00, 0x00, 0x00, 0x00, 0x00, 0x00, 0x00, 0x00, 0x00, 0x00, 0x00,
        0x00, 0x00, 0x00, 0x00, 0x00, 0x00, 0x00, 0x00, 0x00, 0x00, 0x00, 0x00, 0x00, 0x00, 0x00, 0x00,
        0x00, 0x00, 0x00, 0x00, 0x00, 0x00, 0x00, 0x00, 0x00, 0x00, 0x00, 0x00, 0x00, 0x00, 0x00, 0x00,
        0x00, 0x00, 0x00, 0x00, 0x00, 0x00, 0x00, 0x00, 0x00, 0x00, 0x00, 0x00, 0x00, 0x00, 0x00, 0x00,
        0x00, 0x00, 0x00, 0x00, 0x00, 0x00, 0x00, 0x00, 0x00, 0x00, 0x00, 0x00, 0x00, 0x00, 0x00, 0x00,
    },
    // frame 9
    {
        0x00, 0x00, 0x00, 0x00, 0x00, 0x00, 0x00, 0x00, 0x00, 0x00, 0x00, 0x00, 0x00, 0x00, 0x00, 0x00,
        0x00, 0x00, 0x00, 0x00, 0x00, 0x00, 0x00, 0x00, 0x00, 0x00, 0x00, 0x00, 0x00, 0x00, 0x00, 0x00,
        0x00, 0x00, 0x00, 0x00, 0x00, 0x00, 0x00, 0x00, 0x00, 0x00, 0x00, 0x00, 0x00, 0x00, 0x00, 0x00,
        0x00, 0x00, 0x00, 0x07, 0xe0, 0x00, 0x00, 0x00, 0x00, 0x00, 0x00, 0x07, 0xe0, 0x00, 0x00, 0x00,
        0x00, 0x00, 0x00, 0x7f, 0xf0, 0x00, 0x00, 0x00, 0x00, 0x00, 0x00, 0x0f, 0xfe, 0x00, 0x00, 0x00,
        0x00, 0x00, 0x00, 0xff, 0xf0, 0x00, 0x00, 0x00, 0x00, 0x00, 0x00, 0x0f, 0xff, 0x00, 0x00, 0x00,
        0x00, 0x00, 0x01, 0xff, 0xc0, 0x00, 0x00, 0x00, 0x00, 0x00, 0x00, 0x03, 0xff, 0x80, 0x00, 0x00,
        0x00, 0x00, 0x01, 0xfc, 0x00, 0x00, 0x00, 0x00, 0x00, 0x00, 0x00, 0x00, 0x3f, 0x80, 0x00, 0x00,
        0x00, 0x00, 0x00, 0x00, 0x00, 0x00, 0x00, 0x00, 0x00, 0x00, 0x00, 0x00, 0x00, 0x00, 0x00, 0x00,
        0x00, 0x00, 0x00, 0x00, 0x00, 0x00, 0x00, 0x00, 0x00, 0x00, 0x00, 0x00, 0x00, 0x00, 0x00, 0x00,
        0x00, 0x00, 0x00, 0x00, 0x00, 0x00, 0x00, 0x00, 0x00, 0x00, 0x00, 0x00, 0x00, 0x00, 0x00, 0x00,
        0x00, 0x00, 0x00, 0x00, 0x00, 0x00, 0x00, 0x00, 0x00, 0x00, 0x00, 0x00, 0x00, 0x00, 0x00, 0x00,
        0x00, 0x00, 0x00, 0x00, 0x00, 0x00, 0x00, 0x00, 0x00, 0x00, 0x00, 0x00, 0x00, 0x00, 0x00, 0x00,
        0x00, 0x00, 0x07, 0xff, 0x80, 0x00, 0x00, 0x00, 0x00, 0x00, 0x00, 0x01, 0xff, 0xe0, 0x00, 0x00,
        0x00, 0x00, 0x3f, 0xff, 0xf0, 0x00, 0x00, 0x00, 0x00, 0x00, 0x00, 0x0f, 0xff, 0xfc, 0x00, 0x00,
        0x00, 0x00, 0xff, 0xff, 0xfc, 0x00, 0x00, 0x00, 0x00, 0x00, 0x00, 0x3f, 0xff, 0xff, 0x00, 0x00,
        0xc0, 0x01, 0xff, 0xff, 0xff, 0x00, 0x00, 0x00, 0x00, 0x00, 0x00, 0xff, 0xff, 0xff, 0x80, 0x03,
        0x30, 0x07, 0xff, 0x80, 0x1f, 0x80, 0x00, 0x00, 0x00, 0x00, 0x01, 0xf8, 0x01, 0xff, 0xe0, 0x0c,
        0x0c, 0x0f, 0xfc, 0x00, 0x03, 0xc0, 0x00, 0x00, 0x00, 0x00, 0x03, 0xc0, 0x00, 0x3f, 0xf0, 0x30,
        0x02, 0x1f, 0xf8, 0x00, 0x01, 0xe0, 0x00, 0x00, 0x00, 0x00, 0x07, 0x80, 0x00, 0x1f, 0xf8, 0x40,
        0x01, 0x1f, 0xe0, 0x01, 0xf8, 0x70, 0x00, 0x00, 0x00, 0x00, 0x0e, 0x1f, 0x80, 0x07, 0xf8, 0x80,
        0x00, 0xbf, 0xc0, 0x01, 0xf8, 0x30, 0x00, 0x00, 0x00, 0x00, 0x0c, 0x1f, 0x80, 0x03, 0xfd, 0x80,
        0x00, 0xff, 0xc0, 0x00, 0xf8, 0x38, 0x00, 0x00, 0x00, 0x00, 0x1c, 0x1f, 0x00, 0x03, 0xff, 0x00,
        0x00, 0xff, 0x80, 0x00, 0x00, 0x18, 0x00, 0x00, 0x00, 0x00, 0x18, 0x00, 0x00, 0x01, 0xff, 0x00,
        0x00, 0xff, 0x80, 0x00, 0x00, 0x18, 0x00, 0x00, 0x00, 0x00, 0x18, 0x00, 0x00, 0x01, 0xff, 0x00,
        0x00, 0xff, 0x80, 0x00, 0x00, 0x18, 0x00, 0x00, 0x00, 0x00, 0x18, 0x00, 0x00, 0x01, 0xff, 0x00,
        0x01, 0xff, 0x80, 0x00, 0x00, 0x18, 0x00, 0x00, 0x00, 0x00, 0x18, 0x00, 0x00, 0x01, 0xff, 0x80,
        0x01, 0x7f, 0x80, 0x00, 0x00, 0x18, 0x00, 0x00, 0x00, 0x00, 0x18, 0x00, 0x00, 0x01, 0xfe, 0xc0,
        0x06, 0x3f, 0x80, 0x00, 0x00, 0x18, 0x00, 0x00, 0x00, 0x00, 0x18, 0x00, 0x00, 0x01, 0xfc, 0x60,
        0x0c, 0x3f, 0xc0, 0x00, 0x00, 0x30, 0x00, 0x00, 0x00, 0x00, 0x0c, 0x00, 0x00, 0x03, 0xfc, 0x30,
        0x30, 0x3f, 0xe0, 0x00, 0x00, 0x70, 0x00, 0x00, 0x00, 0x00, 0x0e, 0x00, 0x00, 0x07, 0xfc, 0x06,
        0x80, 0x1f, 0xf0, 0x00, 0x00, 0xe0, 0x00, 0x00, 0x00, 0x00, 0x07, 0x00, 0x00, 0x0f, 0xf8, 0x01,
        0x00, 0x0f, 0xf8, 0x00, 0x01, 0xe0, 0x00, 0x00, 0x00, 0x00, 0x07, 0x80, 0x00, 0x1f, 0xf0, 0x00,
        0x00, 0x07, 0xfe, 0x00, 0x07, 0xc0, 0x00, 0x00, 0x00, 0x00, 0x03, 0xe0, 0x00, 0x7f, 0xe0, 0x00,
        0x00, 0x03, 0xff, 0xc0, 0x3f, 0x80, 0x00, 0x00, 0x00, 0x00, 0x01, 0xfc, 0x03, 0xff, 0xc0, 0x00,
        0x00, 0x01, 0xff, 0xff, 0xfe, 0x00, 0x00, 0x00, 0x00, 0x00, 0x00, 0x7f, 0xff, 0xff, 0x80, 0x00,
        0x00, 0x00, 0x7f, 0xff, 0xfc, 0x00, 0x00, 0x00, 0x00, 0x00, 0x00, 0x3f, 0xff, 0xfe, 0x00, 0x00,
        0x00, 0x00, 0x1f, 0xff, 0xe0, 0x00, 0x00, 0x00, 0x00, 0x00, 0x00, 0x07, 0xff, 0xf8, 0x00, 0x00,
        0x00, 0x00, 0x01, 0xff, 0x00, 0x00, 0x00, 0x00, 0x00, 0x00, 0x00, 0x00, 0xff, 0x80, 0x00, 0x00,
        0x00, 0x00, 0x00, 0x00, 0x00, 0x00, 0x03, 0x80, 0x03, 0xc0, 0x00, 0x00, 0x00, 0x00, 0x00, 0x00,
        0x00, 0x00, 0x00, 0x00, 0x00, 0x00, 0x01, 0xff, 0xff, 0x00, 0x00, 0x00, 0x00, 0x00, 0x00, 0x00,
        0x00, 0x00, 0x00, 0x00, 0x00, 0x00, 0x00, 0x1f, 0xf0, 0x00, 0x00, 0x00, 0x00, 0x00, 0x00, 0x00,
        0x00, 0x00, 0x00, 0x00, 0x00, 0x00, 0x00, 0x00, 0x00, 0x00, 0x00, 0x00, 0x00, 0x00, 0x00, 0x00,
        0x00, 0x00, 0x00, 0x00, 0x00, 0x00, 0x00, 0x00, 0x00, 0x00, 0x00, 0x00, 0x00, 0x00, 0x00, 0x00,
        0x00, 0x00, 0x00, 0x00, 0x00, 0x00, 0x00, 0x00, 0x00, 0x00, 0x00, 0x00, 0x00, 0x00, 0x00, 0x00,
        0x00, 0x00, 0x00, 0x00, 0x00, 0x00, 0x00, 0x00, 0x00, 0x00, 0x00, 0x00, 0x00, 0x00, 0x00, 0x00,
        0x00, 0x00, 0x00, 0x00, 0x00, 0x00, 0x00, 0x00, 0x00, 0x00, 0x00, 0x00, 0x00, 0x00, 0x00, 0x00,
        0x00, 0x00, 0x00, 0x00, 0x00, 0x00, 0x00, 0x00, 0x00, 0x00, 0x00, 0x00, 0x00, 0x00, 0x00, 0x00,
    },
    // frame 10
    {
        0x00, 0x00, 0x00, 0x00, 0x00, 0x00, 0x00, 0x00, 0x00, 0x00, 0x00, 0x00, 0x00, 0x00, 0x00, 0x00,
        0x00, 0x00, 0x00, 0x00, 0x00, 0x00, 0x00, 0x00, 0x00, 0x00, 0x00, 0x00, 0x00, 0x00, 0x00, 0x00,
        0x00, 0x00, 0x00, 0x00, 0x00, 0x00, 0x00, 0x00, 0x00, 0x00, 0x00, 0x00, 0x00, 0x00, 0x00, 0x00,
        0x00, 0x00, 0x00, 0x00, 0x00, 0x00, 0x00, 0x00, 0x00, 0x00, 0x00, 0x00, 0x00, 0x00, 0x00, 0x00,
        0x00, 0x00, 0x00, 0x1f, 0xf0, 0x00, 0x00, 0x00, 0x00, 0x00, 0x00, 0x0f, 0xf8, 0x00, 0x00, 0x00,
        0x00, 0x00, 0x00, 0xff, 0xf0, 0x00, 0x00, 0x00, 0x00, 0x00, 0x00, 0x0f, 0xff, 0x00, 0x00, 0x00,
        0x00, 0x00, 0x01, 0xff, 0xe0, 0x00, 0x00, 0x00, 0x00, 0x00, 0x00, 0x07, 0xff, 0x80, 0x00, 0x00,
        0x00, 0x00, 0x01, 0xff, 0x00, 0x00, 0x00, 0x00, 0x00, 0x00, 0x00, 0x00, 0xff, 0x80, 0x00, 0x00,
        0x00, 0x00, 0x00, 0x00, 0x00, 0x00, 0x00, 0x00, 0x00, 0x00, 0x00, 0x00, 0x00, 0x00, 0x00, 0x00,
        0x00, 0x00, 0x00, 0x00, 0x00, 0x00, 0x00, 0x00, 0x00, 0x00, 0x00, 0x00, 0x00, 0x00, 0x00, 0x00,
        0x00, 0x00, 0x00, 0x00, 0x00, 0x00, 0x00, 0x00, 0x00, 0x00, 0x00, 0x00, 0x00, 0x00, 0x00, 0x00,
        0x00, 0x00, 0x00, 0x00, 0x00, 0x00, 0x00, 0x00, 0x00, 0x00, 0x00, 0x00, 0x00, 0x00, 0x00, 0x00,
        0x00, 0x00, 0x00, 0x00, 0x00, 0x00, 0x00, 0x00, 0x00, 0x00, 0x00, 0x00, 0x00, 0x00, 0x00, 0x00,
        0x00, 0x00, 0x00, 0x00, 0x00, 0x00, 0x00, 0x00, 0x00, 0x00, 0x00, 0x00, 0x00, 0x00, 0x00, 0x00,
        0x00, 0x00, 0x07, 0xff, 0xc0, 0x00, 0x00, 0x00, 0x00, 0x00, 0x00, 0x03, 0xff, 0xe0, 0x00, 0x00,
        0xe0, 0x00, 0x7f, 0xff, 0xf8, 0x00, 0x00, 0x00, 0x00, 0x00, 0x00, 0x1f, 0xff, 0xfc, 0x00, 0x03,
        0x38, 0x00, 0xff, 0xff, 0xfe, 0x00, 0x00, 0x00, 0x00, 0x00, 0x00, 0x7f, 0xff, 0xff, 0x00, 0x18,
        0x06, 0x03, 0xff, 0x80, 0x1f, 0x00, 0x00, 0x00, 0x00, 0x00, 0x00, 0xf8, 0x01, 0xff, 0xc0, 0x60,
        0x01, 0x07, 0xfc, 0x00, 0x03, 0xc0, 0x00, 0x00, 0x00, 0x00, 0x03, 0xc0, 0x00, 0x3f, 0xe0, 0xc0,
        0x00, 0x8f, 0xf8, 0x00, 0x01, 0xe0, 0x00, 0x00, 0x00, 0x00, 0x03, 0x80, 0x00, 0x1f, 0xf1, 0x00,
        0x00, 0x5f, 0xe0, 0x01, 0xf8, 0x60, 0x00, 0x00, 0x00, 0x00, 0x06, 0x1f, 0x80, 0x07, 0xfb, 0x00,
        0x00, 0x7f, 0xc0, 0x01, 0xf8, 0x30, 0x00, 0x00, 0x00, 0x00, 0x0c, 0x1f, 0x80, 0x03, 0xfe, 0x00,
        0x00, 0x3f, 0xc0, 0x00, 0xf8, 0x38, 0x00, 0x00, 0x00, 0x00, 0x1c, 0x1f, 0x00, 0x03, 0xfe, 0x00,
        0x00, 0x7f, 0x80, 0x00, 0x00, 0x18, 0x00, 0x00, 0x00, 0x00, 0x18, 0x00, 0x00, 0x01, 0xfe, 0x00,
        0x00, 0x7f, 0x80, 0x00, 0x00, 0x18, 0x00, 0x00, 0x00, 0x00, 0x18, 0x00, 0x00, 0x01, 0xfe, 0x00,
        0x00, 0x7f, 0x80, 0x00, 0x00, 0x18, 0x00, 0x00, 0x00, 0x00, 0x18, 0x00, 0x00, 0x01, 0xfe, 0x00,
        0x00, 0x7f, 0x80, 0x00, 0x00, 0x18, 0x00, 0x00, 0x00, 0x00, 0x18, 0x00, 0x00, 0x01, 0xfe, 0x00,
        0x00, 0xff, 0x80, 0x00, 0x00, 0x18, 0x00, 0x00, 0x00, 0x00, 0x18, 0x00, 0x00, 0x01, 0xff, 0x00,
        0x00, 0xff, 0x80, 0x00, 0x00, 0x18, 0x00, 0x00, 0x00, 0x00, 0x18, 0x00, 0x00, 0x01, 0xfe, 0x80,
        0x03, 0x3f, 0xc0, 0x00, 0x00, 0x30, 0x00, 0x00, 0x00, 0x00, 0x0c, 0x00, 0x00, 0x03, 0xfc, 0xc0,
        0x04, 0x1f, 0xe0, 0x00, 0x00, 0x70, 0x00, 0x00, 0x00, 0x00, 0x0e, 0x00, 0x00, 0x07, 0xf8, 0x30,
        0x30, 0x1f, 0xf0, 0x00, 0x00, 0xe0, 0x00, 0x00, 0x00, 0x00, 0x07, 0x00, 0x00, 0x0f, 0xf8, 0x0c,
        0x80, 0x0f, 0xf8, 0x00, 0x01, 0xc0, 0x00, 0x00, 0x00, 0x00, 0x03, 0x80, 0x00, 0x1f, 0xf0, 0x01,
        0x00, 0x07, 0xfe, 0x00, 0x07, 0x80, 0x00, 0x00, 0x00, 0x00, 0x01, 0xe0, 0x00, 0x7f, 0xe0, 0x00,
        0x00, 0x01, 0xff, 0xc0, 0x3f, 0x00, 0x00, 0x00, 0x00, 0x00, 0x00, 0xfc, 0x03, 0xff, 0x80, 0x00,
        0x00, 0x00, 0xff, 0xff, 0xfc, 0x00, 0x00, 0x00, 0x00, 0x00, 0x00, 0x3f, 0xff, 0xff, 0x00, 0x00,
        0x00, 0x00, 0x3f, 0xff, 0xf0, 0x00, 0x00, 0x00, 0x00, 0x00, 0x00, 0x0f, 0xff, 0xfc, 0x00, 0x00,
        0x00, 0x00, 0x03, 0xff, 0x00, 0x00, 0x00, 0x00, 0x00, 0x00, 0x00, 0x00, 0xff, 0xc0, 0x00, 0x00,
        0x00, 0x00, 0x00, 0x00, 0x00, 0x00, 0x00, 0x00, 0x00, 0x00, 0x00, 0x00, 0x00, 0x00, 0x00, 0x00,
        0x00, 0x00, 0x00, 0x00, 0x00, 0x00, 0x03, 0x80, 0x03, 0xc0, 0x00, 0x00, 0x00, 0x00, 0x00, 0x00,
        0x00, 0x00, 0x00, 0x00, 0x00, 0x00, 0x01, 0xff, 0xff, 0x00, 0x00, 0x00, 0x00, 0x00, 0x00, 0x00,
        0x00, 0x00, 0x00, 0x00, 0x00, 0x00, 0x00, 0x1f, 0xf0, 0x00, 0x00, 0x00, 0x00, 0x00, 0x00, 0x00,
        0x00, 0x00, 0x00, 0x00, 0x00, 0x00, 0x00, 0x00, 0x00, 0x00, 0x00, 0x00, 0x00, 0x00, 0x00, 0x00,
        0x00, 0x00, 0x00, 0x00, 0x00, 0x00, 0x00, 0x00, 0x00, 0x00, 0x00, 0x00, 0x00, 0x00, 0x00, 0x00,
        0x00, 0x00, 0x00, 0x00, 0x00, 0x00, 0x00, 0x00, 0x00, 0x00, 0x00, 0x00, 0x00, 0x00, 0x00, 0x00,
        0x00, 0x00, 0x00, 0x00, 0x00, 0x00, 0x00, 0x00, 0x00, 0x00, 0x00, 0x00, 0x00, 0x00, 0x00, 0x00,
        0x00, 0x00, 0x00, 0x00, 0x00, 0x00, 0x00, 0x00, 0x00, 0x00, 0x00, 0x00, 0x00, 0x00, 0x00, 0x00,
        0x00, 0x00, 0x00, 0x00, 0x00, 0x00, 0x00, 0x00, 0x00, 0x00, 0x00, 0x00, 0x00, 0x00, 0x00, 0x00,
    },
    // frame 11
    {
        0x00, 0x00, 0x00, 0x00, 0x00, 0x00, 0x00, 0x00, 0x00, 0x00, 0x00, 0x00, 0x00, 0x00, 0x00, 0x00,
        0x00, 0x00, 0x00, 0x00, 0x00, 0x00, 0x00, 0x00, 0x00, 0x00, 0x00, 0x00, 0x00, 0x00, 0x00, 0x00,
        0x00, 0x00, 0x00, 0x00, 0x00, 0x00, 0x00, 0x00, 0x00, 0x00, 0x00, 0x00, 0x00, 0x00, 0x00, 0x00,
        0x00, 0x00, 0x00, 0x00, 0x00, 0x00, 0x00, 0x00, 0x00, 0x00, 0x00, 0x00, 0x00, 0x00, 0x00, 0x00,
        0x00, 0x00, 0x00, 0x1f, 0xf0, 0x00, 0x00, 0x00, 0x00, 0x00, 0x00, 0x0f, 0xf8, 0x00, 0x00, 0x00,
        0x00, 0x00, 0x00, 0x7f, 0xf0, 0x00, 0x00, 0x00, 0x00, 0x00, 0x00, 0x0f, 0xfe, 0x00, 0x00, 0x00,
        0x00, 0x00, 0x01, 0xff, 0xe0, 0x00, 0x00, 0x00, 0x00, 0x00, 0x00, 0x07, 0xff, 0x80, 0x00, 0x00,
        0x00, 0x00, 0x01, 0xff, 0x80, 0x00, 0x00, 0x00, 0x00, 0x00, 0x00, 0x01, 0xff, 0x80, 0x00, 0x00,
        0x00, 0x00, 0x00, 0x00, 0x00, 0x00, 0x00, 0x00, 0x00, 0x00, 0x00, 0x00, 0x00, 0x00, 0x00, 0x00,
        0x00, 0x00, 0x00, 0x00, 0x00, 0x00, 0x00, 0x00, 0x00, 0x00, 0x00, 0x00, 0x00, 0x00, 0x00, 0x00,
        0x00, 0x00, 0x00, 0x00, 0x00, 0x00, 0x00, 0x00, 0x00, 0x00, 0x00, 0x00, 0x00, 0x00, 0x00, 0x00,
        0x00, 0x00, 0x00, 0x00, 0x00, 0x00, 0x00, 0x00, 0x00, 0x00, 0x00, 0x00, 0x00, 0x00, 0x00, 0x00,
        0x00, 0x00, 0x00, 0x00, 0x00, 0x00, 0x00, 0x00, 0x00, 0x00, 0x00, 0x00, 0x00, 0x00, 0x00, 0x00,
        0x00, 0x00, 0x00, 0x00, 0x00, 0x00, 0x00, 0x00, 0x00, 0x00, 0x00, 0x00, 0x00, 0x00, 0x00, 0x00,
        0x40, 0x00, 0x07, 0xff, 0x80, 0x00, 0x00, 0x00, 0x00, 0x00, 0x00, 0x01, 0xff, 0xe0, 0x00, 0x02,
        0x08, 0x00, 0x3f, 0xff, 0xf0, 0x00, 0x00, 0x00, 0x00, 0x00, 0x00, 0x1f, 0xff, 0xfc, 0x00, 0x18,
        0x02, 0x00, 0xff, 0xff, 0xfe, 0x00, 0x00, 0x00, 0x00, 0x00, 0x00, 0x7f, 0xff, 0xff, 0x00, 0x40,
        0x00, 0x83, 0xff, 0x80, 0x1f, 0x00, 0x00, 0x00, 0x00, 0x00, 0x00, 0xf8, 0x01, 0xff, 0xc1, 0x80,
        0x00, 0x47, 0xfc, 0x00, 0x03, 0x80, 0x00, 0x00, 0x00, 0x00, 0x01, 0xc0, 0x00, 0x3f, 0xe2, 0x00,
        0x00, 0x2f, 0xf8, 0x00, 0x01, 0xc0, 0x00, 0x00, 0x00, 0x00, 0x03, 0x80, 0x00, 0x1f, 0xf4, 0x00,
        0x00, 0x1f, 0xe0, 0x01, 0xf8, 0x60, 0x00, 0x00, 0x00, 0x00, 0x06, 0x1f, 0x80, 0x07, 0xfc, 0x00,
        0x80, 0x3f, 0xc0, 0x01, 0xf8, 0x30, 0x00, 0x00, 0x00, 0x00, 0x0c, 0x1f, 0x80, 0x03, 0xfc, 0x00,
        0xc0, 0x3f, 0xc0, 0x00, 0xf8, 0x38, 0x00, 0x00, 0x00, 0x00, 0x1c, 0x1f, 0x00, 0x03, 0xfc, 0x01,
        0xc0, 0x3f, 0x80, 0x00, 0x00, 0x18, 0x00, 0x00, 0x00, 0x00, 0x18, 0x00, 0x00, 0x01, 0xfc, 0x03,
        0xc0, 0x7f, 0x80, 0x00, 0x00, 0x18, 0x00, 0x00, 0x00, 0x00, 0x18, 0x00, 0x00, 0x01, 0xfe, 0x03,
        0x80, 0x7f, 0x80, 0x00, 0x00, 0x18, 0x00, 0x00, 0x00, 0x00, 0x18, 0x00, 0x00, 0x01, 0xfe, 0x01,
        0x00, 0x7f, 0x80, 0x00, 0x00, 0x18, 0x00, 0x00, 0x00, 0x00, 0x18, 0x00, 0x00, 0x01, 0xfe, 0x00,
        0x00, 0x7f, 0x80, 0x00, 0x00, 0x18, 0x00, 0x00, 0x00, 0x00, 0x18, 0x00, 0x00, 0x01, 0xfe, 0x00,
        0x00, 0x7f, 0x80, 0x00, 0x00, 0x18, 0x00, 0x00, 0x00, 0x00, 0x18, 0x00, 0x00, 0x01, 0xfe, 0x00,
        0x00, 0x7f, 0xc0, 0x00, 0x00, 0x30, 0x00, 0x00, 0x00, 0x00, 0x0c, 0x00, 0x00, 0x03, 0xff, 0x00,
        0x01, 0x1f, 0xe0, 0x00, 0x00, 0x70, 0x00, 0x00, 0x00, 0x00, 0x0e, 0x00, 0x00, 0x07, 0xf8, 0x80,
        0x06, 0x1f, 0xf0, 0x00, 0x00, 0xe0, 0x00, 0x00, 0x00, 0x00, 0x07, 0x00, 0x00, 0x0f, 0xf8, 0x20,
        0x10, 0x0f, 0xf8, 0x00, 0x01, 0xc0, 0x00, 0x00, 0x00, 0x00, 0x03, 0x80, 0x00, 0x1f, 0xf0, 0x00,
        0x00, 0x07, 0xfe, 0x00, 0x07, 0x80, 0x00, 0x00, 0x00, 0x00, 0x01, 0xe0, 0x00, 0x7f, 0xe0, 0x00,
        0x00, 0x01, 0xff, 0xc0, 0x3f, 0x00, 0x00, 0x00, 0x00, 0x00, 0x00, 0xfc, 0x03, 0xff, 0x80, 0x00,
        0x00, 0x00, 0xff, 0xff, 0xfc, 0x00, 0x00, 0x00, 0x00, 0x00, 0x00, 0x3f, 0xff, 0xff, 0x00, 0x00,
        0x00, 0x00, 0x1f, 0xff, 0xf0, 0x00, 0x00, 0x00, 0x00, 0x00, 0x00, 0x0f, 0xff, 0xf8, 0x00, 0x00,
        0x00, 0x00, 0x01, 0xfe, 0x00, 0x00, 0x00, 0x00, 0x00, 0x00, 0x00, 0x00, 0x7f, 0x80, 0x00, 0x00,
        0x00, 0x00, 0x00, 0x00, 0x00, 0x00, 0x00, 0x00, 0x00, 0x00, 0x00, 0x00, 0x00, 0x00, 0x00, 0x00,
        0x00, 0x00, 0x00, 0x00, 0x00, 0x00, 0x03, 0x80, 0x03, 0xc0, 0x00, 0x00, 0x00, 0x00, 0x00, 0x00,
        0x00, 0x00, 0x00, 0x00, 0x00, 0x00, 0x01, 0xff, 0xff, 0x00, 0x00, 0x00, 0x00, 0x00, 0x00, 0x00,
        0x00, 0x00, 0x00, 0x00, 0x00, 0x00, 0x00, 0x1f, 0xf0, 0x00, 0x00, 0x00, 0x00, 0x00, 0x00, 0x00,
        0x00, 0x00, 0x00, 0x00, 0x00, 0x00, 0x00, 0x00, 0x00, 0x00, 0x00, 0x00, 0x00, 0x00, 0x00, 0x00,
        0x00, 0x00, 0x00, 0x00, 0x00, 0x00, 0x00, 0x00, 0x00, 0x00, 0x00, 0x00, 0x00, 0x00, 0x00, 0x00,
        0x00, 0x00, 0x00, 0x00, 0x00, 0x00, 0x00, 0x00, 0x00, 0x00, 0x00, 0x00, 0x00, 0x00, 0x00, 0x00,
        0x00, 0x00, 0x00, 0x00, 0x00, 0x00, 0x00, 0x00, 0x00, 0x00, 0x00, 0x00, 0x00, 0x00, 0x00, 0x00,
        0x00, 0x00, 0x00, 0x00, 0x00, 0x00, 0x00, 0x00, 0x00, 0x00, 0x00, 0x00, 0x00, 0x00, 0x00, 0x00,
        0x00, 0x00, 0x00, 0x00, 0x00, 0x00, 0x00, 0x00, 0x00, 0x00, 0x00, 0x00, 0x00, 0x00, 0x00, 0x00,
    },
    // frame 12
    {
        0x00, 0x00, 0x00, 0x00, 0x00, 0x00, 0x00, 0x00, 0x00, 0x00, 0x00, 0x00, 0x00, 0x00, 0x00, 0x00,
        0x00, 0x00, 0x00, 0x00, 0x00, 0x00, 0x00, 0x00, 0x00, 0x00, 0x00, 0x00, 0x00, 0x00, 0x00, 0x00,
        0x00, 0x00, 0x00, 0x00, 0x00, 0x00, 0x00, 0x00, 0x00, 0x00, 0x00, 0x00, 0x00, 0x00, 0x00, 0x00,
        0x00, 0x00, 0x00, 0x00, 0x00, 0x00, 0x00, 0x00, 0x00, 0x00, 0x00, 0x00, 0x00, 0x00, 0x00, 0x00,
        0x00, 0x00, 0x00, 0x1f, 0xf0, 0x00, 0x00, 0x00, 0x00, 0x00, 0x00, 0x0f, 0xf8, 0x00, 0x00, 0x00,
        0x00, 0x00, 0x00, 0xff, 0xf0, 0x00, 0x00, 0x00, 0x00, 0x00, 0x00, 0x0f, 0xff, 0x00, 0x00, 0x00,
        0x00, 0x00, 0x01, 0xff, 0xe0, 0x00, 0x00, 0x00, 0x00, 0x00, 0x00, 0x07, 0xff, 0x80, 0x00, 0x00,
        0x00, 0x00, 0x01, 0xff, 0x00, 0x00, 0x00, 0x00, 0x00, 0x00, 0x00, 0x00, 0xff, 0x80, 0x00, 0x00,
        0x00, 0x00, 0x00, 0x00, 0x00, 0x00, 0x00, 0x00, 0x00, 0x00, 0x00, 0x00, 0x00, 0x00, 0x00, 0x00,
        0x00, 0x00, 0x00, 0x00, 0x00, 0x00, 0x00, 0x00, 0x00, 0x00, 0x00, 0x00, 0x00, 0x00, 0x00, 0x00,
        0x00, 0x00, 0x00, 0x00, 0x00, 0x00, 0x00, 0x00, 0x00, 0x00, 0x00, 0x00, 0x00, 0x00, 0x00, 0x00,
        0x00, 0x00, 0x00, 0x00, 0x00, 0x00, 0x00, 0x00, 0x00, 0x00, 0x00, 0x00, 0x00, 0x00, 0x00, 0x00,
        0x00, 0x00, 0x00, 0x00, 0x00, 0x00, 0x00, 0x00, 0x00, 0x00, 0x00, 0x00, 0x00, 0x00, 0x00, 0x00,
        0x10, 0x00, 0x00, 0x10, 0x00, 0x00, 0x00, 0x00, 0x00, 0x00, 0x00, 0x00, 0x08, 0x00, 0x00, 0x00,
        0x00, 0x00, 0x0f, 0xff, 0xc0, 0x00, 0x00, 0x00, 0x00, 0x00, 0x00, 0x03, 0xff, 0xf0, 0x00, 0x40,
        0x00, 0x80, 0x7f, 0xff, 0xf8, 0x00, 0x00, 0x00, 0x00, 0x00, 0x00, 0x1f, 0xff, 0xfe, 0x01, 0x00,
        0x00, 0x21, 0xff, 0xff, 0xfe, 0x00, 0x00, 0x00, 0x00, 0x00, 0x00, 0x7f, 0xff, 0xff, 0x82, 0x00,
        0x00, 0x13, 0xff, 0x80, 0x1f, 0x00, 0x00, 0x00, 0x00, 0x00, 0x00, 0xf8, 0x01, 0xff, 0xc8, 0x00,
        0x00, 0x0f, 0xfc, 0x00, 0x03, 0xc0, 0x00, 0x00, 0x00, 0x00, 0x03, 0xc0, 0x00, 0x3f, 0xf0, 0x00,
        0x80, 0x0f, 0xf8, 0x00, 0x01, 0xe0, 0x00, 0x00, 0x00, 0x00, 0x07, 0x80, 0x00, 0x1f, 0xf0, 0x01,
        0xc0, 0x1f, 0xe0, 0x01, 0xf8, 0x60, 0x00, 0x00, 0x00, 0x00, 0x06, 0x1f, 0x80, 0x07, 0xf8, 0x03,
        0x60, 0x3f, 0xc0, 0x01, 0xf8, 0x30, 0x00, 0x00, 0x00, 0x00, 0x0c, 0x1f, 0x80, 0x03, 0xfc, 0x06,
        0x30, 0x3f, 0xc0, 0x00, 0xf8, 0x38, 0x00, 0x00, 0x00, 0x00, 0x1c, 0x1f, 0x00, 0x03, 0xfc, 0x0c,
        0x10, 0x3f, 0x80, 0x00, 0x00, 0x18, 0x00, 0x00, 0x00, 0x00, 0x18, 0x00, 0x00, 0x01, 0xfc, 0x0c,
        0x30, 0x7f, 0x80, 0x00, 0x00, 0x18, 0x00, 0x00, 0x00, 0x00, 0x18, 0x00, 0x00, 0x01, 0xfe, 0x0c,
        0x30, 0x7f, 0x80, 0x00, 0x00, 0x18, 0x00, 0x00, 0x00, 0x00, 0x18, 0x00, 0x00, 0x01, 0xfe, 0x0c,
        0x60, 0x7f, 0x80, 0x00, 0x00, 0x18, 0x00, 0x00, 0x00, 0x00, 0x18, 0x00, 0x00, 0x01, 0xfe, 0x06,
        0xc0, 0x7f, 0x80, 0x00, 0x00, 0x18, 0x00, 0x00, 0x00, 0x00, 0x18, 0x00, 0x00, 0x01, 0xfe, 0x03,
        0x00, 0x3f, 0x80, 0x00, 0x00, 0x18, 0x00, 0x00, 0x00, 0x00, 0x18, 0x00, 0x00, 0x01, 0xfc, 0x00,
        0x00, 0x3f, 0xc0, 0x00, 0x00, 0x30, 0x00, 0x00, 0x00, 0x00, 0x0c, 0x00, 0x00, 0x03, 0xfc, 0x00,
        0x00, 0x3f, 0xe0, 0x00, 0x00, 0x70, 0x00, 0x00, 0x00, 0x00, 0x0e, 0x00, 0x00, 0x07, 0xfc, 0x00,
        0x00, 0x5f, 0xf0, 0x00, 0x00, 0xe0, 0x00, 0x00, 0x00, 0x00, 0x07, 0x00, 0x00, 0x0f, 0xfa, 0x00,
        0x01, 0x0f, 0xf8, 0x00, 0x01, 0xc0, 0x00, 0x00, 0x00, 0x00, 0x03, 0x80, 0x00, 0x1f, 0xf0, 0x80,
        0x04, 0x07, 0xfe, 0x00, 0x07, 0x80, 0x00, 0x00, 0x00, 0x00, 0x01, 0xe0, 0x00, 0x7f, 0xe0, 0x00,
        0x20, 0x03, 0xff, 0xc0, 0x7f, 0x00, 0x00, 0x00, 0x00, 0x00, 0x00, 0xfc, 0x03, 0xff, 0xc0, 0x04,
        0x00, 0x00, 0xff, 0xff, 0xfc, 0x00, 0x00, 0x00, 0x00, 0x00, 0x00, 0x3f, 0xff, 0xff, 0x00, 0x00,
        0x00, 0x00, 0x3f, 0xff, 0xf0, 0x00, 0x00, 0x00, 0x00, 0x00, 0x00, 0x0f, 0xff, 0xfc, 0x00, 0x00,
        0x00, 0x00, 0x03, 0xff, 0x80, 0x00, 0x00, 0x00, 0x00, 0x00, 0x00, 0x01, 0xff, 0xc0, 0x00, 0x00,
        0x00, 0x00, 0x00, 0x00, 0x00, 0x00, 0x00, 0x00, 0x00, 0x00, 0x00, 0x00, 0x00, 0x00, 0x00, 0x00,
        0x00, 0x00, 0x00, 0x00, 0x00, 0x00, 0x03, 0x80, 0x03, 0xc0, 0x00, 0x00, 0x00, 0x00, 0x00, 0x00,
        0x00, 0x00, 0x00, 0x00, 0x00, 0x00, 0x01, 0xff, 0xff, 0x00, 0x00, 0x00, 0x00, 0x00, 0x00, 0x00,
        0x00, 0x00, 0x00, 0x00, 0x00, 0x00, 0x00, 0x1f, 0xf0, 0x00, 0x00, 0x00, 0x00, 0x00, 0x00, 0x00,
        0x00, 0x00, 0x00, 0x00, 0x00, 0x00, 0x00, 0x00, 0x00, 0x00, 0x00, 0x00, 0x00, 0x00, 0x00, 0x00,
        0x00, 0x00, 0x00, 0x00, 0x00, 0x00, 0x00, 0x00, 0x00, 0x00, 0x00, 0x00, 0x00, 0x00, 0x00, 0x00,
        0x00, 0x00, 0x00, 0x00, 0x00, 0x00, 0x00, 0x00, 0x00, 0x00, 0x00, 0x00, 0x00, 0x00, 0x00, 0x00,
        0x00, 0x00, 0x00, 0x00, 0x00, 0x00, 0x00, 0x00, 0x00, 0x00, 0x00, 0x00, 0x00, 0x00, 0x00, 0x00,
        0x00, 0x00, 0x00, 0x00, 0x00, 0x00, 0x00, 0x00, 0x00, 0x00, 0x00, 0x00, 0x00, 0x00, 0x00, 0x00,
        0x00, 0x00, 0x00, 0x00, 0x00, 0x00, 0x00, 0x00, 0x00, 0x00, 0x00, 0x00, 0x00, 0x00, 0x00, 0x00,
    },
    // frame 13
    {
        0x00, 0x00, 0x00, 0x00, 0x00, 0x00, 0x00, 0x00, 0x00, 0x00, 0x00, 0x00, 0x00, 0x00, 0x00, 0x00,
        0x00, 0x00, 0x00, 0x00, 0x00, 0x00, 0x00, 0x00, 0x00, 0x00, 0x00, 0x00, 0x00, 0x00, 0x00, 0x00,
        0x00, 0x00, 0x00, 0x00, 0x00, 0x00, 0x00, 0x00, 0x00, 0x00, 0x00, 0x00, 0x00, 0x00, 0x00, 0x00,
        0x00, 0x00, 0x00, 0x00, 0x00, 0x00, 0x00, 0x00, 0x00, 0x00, 0x00, 0x00, 0x00, 0x00, 0x00, 0x00,
        0x00, 0x00, 0x00, 0x00, 0x00, 0x00, 0x00, 0x00, 0x00, 0x00, 0x00, 0x00, 0x00, 0x00, 0x00, 0x00,
        0x00, 0x00, 0x00, 0x00, 0x00, 0x00, 0x00, 0x00, 0x00, 0x00, 0x00, 0x00, 0x00, 0x00, 0x00, 0x00,
        0x00, 0x00, 0x00, 0x3f, 0xf0, 0x00, 0x00, 0x00, 0x00, 0x00, 0x00, 0x0f, 0xfc, 0x00, 0x00, 0x00,
        0x00, 0x00, 0x00, 0xff, 0xf0, 0x00, 0x00, 0x00, 0x00, 0x00, 0x00, 0x0f, 0xff, 0x00, 0x00, 0x00,
        0x00, 0x00, 0x01, 0xff, 0xe0, 0x00, 0x00, 0x00, 0x00, 0x00, 0x00, 0x07, 0xff, 0x80, 0x00, 0x00,
        0x00, 0x00, 0x01, 0xfe, 0x00, 0x00, 0x00, 0x00, 0x00, 0x00, 0x00, 0x00, 0x7f, 0x80, 0x00, 0x00,
        0x00, 0x00, 0x00, 0x00, 0x00, 0x00, 0x00, 0x00, 0x00, 0x00, 0x00, 0x00, 0x00, 0x00, 0x00, 0x00,
        0x00, 0x00, 0x00, 0x00, 0x00, 0x00, 0x00, 0x00, 0x00, 0x00, 0x00, 0x00, 0x00, 0x00, 0x00, 0x00,
        0x00, 0x00, 0x00, 0x00, 0x00, 0x00, 0x00, 0x00, 0x00, 0x00, 0x00, 0x00, 0x00, 0x00, 0x00, 0x00,
        0x00, 0x00, 0x00, 0x00, 0x00, 0x00, 0x00, 0x00, 0x00, 0x00, 0x00, 0x00, 0x00, 0x00, 0x00, 0x40,
        0x00, 0x00, 0x00, 0x00, 0x00, 0x00, 0x00, 0x00, 0x00, 0x00, 0x00, 0x00, 0x00, 0x00, 0x01, 0x00,
        0x00, 0x20, 0x0f, 0xff, 0xc0, 0x00, 0x00, 0x00, 0x00, 0x00, 0x00, 0x03, 0xff, 0xf0, 0x04, 0x00,
        0x00, 0x00, 0x3f, 0xff, 0xf8, 0x00, 0x00, 0x00, 0x00, 0x00, 0x00, 0x1f, 0xff, 0xfc, 0x08, 0x00,
        0x00, 0x05, 0xff, 0xc0, 0x3e, 0x00, 0x00, 0x00, 0x00, 0x00, 0x00, 0x7e, 0x07, 0xff, 0x80, 0x00,
        0x80, 0x07, 0xfe, 0x00, 0x07, 0x00, 0x00, 0x00, 0x00, 0x00, 0x00, 0xe0, 0x00, 0x7f, 0xe0, 0x01,
        0xe0, 0x07, 0xf8, 0x00, 0x01, 0xc0, 0x00, 0x00, 0x00, 0x00, 0x03, 0x80, 0x00, 0x1f, 0xe0, 0x07,
        0x30, 0x0f, 0xe0, 0x01, 0xf0, 0xe0, 0x00, 0x00, 0x00, 0x00, 0x07, 0x0f, 0x00, 0x0f, 0xf0, 0x0c,
        0x18, 0x1f, 0xc0, 0x01, 0xf8, 0x70, 0x00, 0x00, 0x00, 0x00, 0x0e, 0x1f, 0x80, 0x07, 0xf8, 0x18,
        0x0c, 0x3f, 0xc0, 0x01, 0xf0, 0x30, 0x00, 0x00, 0x00, 0x00, 0x0c, 0x1f, 0x80, 0x03, 0xfc, 0x30,
        0x0c, 0x3f, 0x80, 0x00, 0x60, 0x38, 0x00, 0x00, 0x00, 0x00, 0x18, 0x0e, 0x00, 0x03, 0xfc, 0x30,
        0x0c, 0x7f, 0x80, 0x00, 0x00, 0x18, 0x00, 0x00, 0x00, 0x00, 0x18, 0x00, 0x00, 0x01, 0xfe, 0x30,
        0x0c, 0x7f, 0x80, 0x00, 0x00, 0x18, 0x00, 0x00, 0x00, 0x00, 0x18, 0x00, 0x00, 0x01, 0xfe, 0x10,
        0x18, 0x7f, 0x00, 0x00, 0x00, 0x18, 0x00, 0x00, 0x00, 0x00, 0x18, 0x00, 0x00, 0x01, 0xfe, 0x18,
        0x30, 0x7f, 0x80, 0x00, 0x00, 0x18, 0x00, 0x00, 0x00, 0x00, 0x18, 0x00, 0x00, 0x01, 0xfe, 0x0c,
        0xe0, 0x3f, 0x80, 0x00, 0x00, 0x38, 0x00, 0x00, 0x00, 0x00, 0x18, 0x00, 0x00, 0x01, 0xfc, 0x03,
        0x00, 0x3f, 0x80, 0x00, 0x00, 0x38, 0x00, 0x00, 0x00, 0x00, 0x1c, 0x00, 0x00, 0x03, 0xfc, 0x00,
        0x00, 0x3f, 0xc0, 0x00, 0x00, 0x70, 0x00, 0x00, 0x00, 0x00, 0x0c, 0x00, 0x00, 0x03, 0xfc, 0x00,
        0x00, 0x1f, 0xe0, 0x00, 0x00, 0xe0, 0x00, 0x00, 0x00, 0x00, 0x06, 0x00, 0x00, 0x07, 0xf8, 0x00,
        0x00, 0x2f, 0xf0, 0x00, 0x01, 0xc0, 0x00, 0x00, 0x00, 0x00, 0x03, 0x00, 0x00, 0x1f, 0xf4, 0x00,
        0x00, 0x07, 0xfc, 0x00, 0x07, 0x80, 0x00, 0x00, 0x00, 0x00, 0x01, 0xc0, 0x00, 0x3f, 0xe0, 0x00,
        0x00, 0x03, 0xff, 0x80, 0x1f, 0x00, 0x00, 0x00, 0x00, 0x00, 0x00, 0xf0, 0x01, 0xff, 0xc0, 0x00,
        0x00, 0x00, 0xff, 0xff, 0xfc, 0x00, 0x00, 0x00, 0x00, 0x00, 0x00, 0x3f, 0xff, 0xff, 0x00, 0x00,
        0x00, 0x00, 0x3f, 0xff, 0xf0, 0x00, 0x00, 0x00, 0x00, 0x00, 0x00, 0x0f, 0xff, 0xfc, 0x00, 0x00,
        0x00, 0x00, 0x01, 0xff, 0x00, 0x00, 0x00, 0x00, 0x00, 0x00, 0x00, 0x00, 0xff, 0x80, 0x00, 0x00,
        0x00, 0x00, 0x00, 0x00, 0x00, 0x00, 0x00, 0x00, 0x00, 0x00, 0x00, 0x00, 0x00, 0x00, 0x00, 0x00,
        0x00, 0x00, 0x00, 0x00, 0x00, 0x00, 0x00, 0x00, 0x00, 0x00, 0x00, 0x00, 0x00, 0x00, 0x00, 0x00,
        0x00, 0x00, 0x00, 0x00, 0x00, 0x00, 0x01, 0xe0, 0x0f, 0x80, 0x00, 0x00, 0x00, 0x00, 0x00, 0x00,
        0x00, 0x00, 0x00, 0x00, 0x00, 0x00, 0x00, 0x7f, 0xfe, 0x00, 0x00, 0x00, 0x00, 0x00, 0x00, 0x00,
        0x00, 0x00, 0x00, 0x00, 0x00, 0x00, 0x00, 0x00, 0x00, 0x00, 0x00, 0x00, 0x00, 0x00, 0x00, 0x00,
        0x00, 0x00, 0x00, 0x00, 0x00, 0x00, 0x00, 0x00, 0x00, 0x00, 0x00, 0x00, 0x00, 0x00, 0x00, 0x00,
        0x00, 0x00, 0x00, 0x00, 0x00, 0x00, 0x00, 0x00, 0x00, 0x00, 0x00, 0x00, 0x00, 0x00, 0x00, 0x00,
        0x00, 0x00, 0x00, 0x00, 0x00, 0x00, 0x00, 0x00, 0x00, 0x00, 0x00, 0x00, 0x00, 0x00, 0x00, 0x00,
        0x00, 0x00, 0x00, 0x00, 0x00, 0x00, 0x00, 0x00, 0x00, 0x00, 0x00, 0x00, 0x00, 0x00, 0x00, 0x00,
        0x00, 0x00, 0x00, 0x00, 0x00, 0x00, 0x00, 0x00, 0x00, 0x00, 0x00, 0x00, 0x00, 0x00, 0x00, 0x00,
    },
    // frame 14
    {
        0x00, 0x00, 0x00, 0x00, 0x00, 0x00, 0x00, 0x00, 0x00, 0x00, 0x00, 0x00, 0x00, 0x00, 0x00, 0x00,
        0x00, 0x00, 0x00, 0x00, 0x00, 0x00, 0x00, 0x00, 0x00, 0x00, 0x00, 0x00, 0x00, 0x00, 0x00, 0x00,
        0x00, 0x00, 0x00, 0x00, 0x00, 0x00, 0x00, 0x00, 0x00, 0x00, 0x00, 0x00, 0x00, 0x00, 0x00, 0x00,
        0x00, 0x00, 0x00, 0x00, 0x00, 0x00, 0x00, 0x00, 0x00, 0x00, 0x00, 0x00, 0x00, 0x00, 0x00, 0x00,
        0x00, 0x00, 0x00, 0x00, 0x00, 0x00, 0x00, 0x00, 0x00, 0x00, 0x00, 0x00, 0x00, 0x00, 0x00, 0x00,
        0x00, 0x00, 0x00, 0x00, 0x00, 0x00, 0x00, 0x00, 0x00, 0x00, 0x00, 0x00, 0x00, 0x00, 0x00, 0x00,
        0x00, 0x00, 0x00, 0x00, 0x00, 0x00, 0x00, 0x00, 0x00, 0x00, 0x00, 0x00, 0x00, 0x00, 0x00, 0x00,
        0x00, 0x00, 0x00, 0x00, 0x00, 0x00, 0x00, 0x00, 0x00, 0x00, 0x00, 0x00, 0x00, 0x00, 0x00, 0x00,
        0x00, 0x00, 0x00, 0x00, 0x00, 0x00, 0x00, 0x00, 0x00, 0x00, 0x00, 0x00, 0x00, 0x00, 0x00, 0x00,
        0x00, 0x00, 0x00, 0x00, 0x00, 0x00, 0x00, 0x00, 0x00, 0x00, 0x00, 0x00, 0x00, 0x00, 0x00, 0x00,
        0x00, 0x00, 0x00, 0x0f, 0xe0, 0x00, 0x00, 0x00, 0x00, 0x00, 0x00, 0x07, 0xf0, 0x00, 0x00, 0x00,
        0x00, 0x00, 0x00, 0x7f, 0xf0, 0x00, 0x00, 0x00, 0x00, 0x00, 0x00, 0x0f, 0xfe, 0x00, 0x00, 0x00,
        0x00, 0x00, 0x01, 0xff, 0xf0, 0x00, 0x00, 0x00, 0x00, 0x00, 0x00, 0x0f, 0xff, 0x80, 0x00, 0x00,
        0x00, 0x40, 0x01, 0xff, 0x80, 0x00, 0x00, 0x00, 0x00, 0x00, 0x00, 0x01, 0xff, 0x80, 0x00, 0x00,
        0x00, 0x10, 0x00, 0xf0, 0x00, 0x00, 0x00, 0x00, 0x00, 0x00, 0x00, 0x00, 0x0f, 0x00, 0x08, 0x00,
        0x00, 0x00, 0x00, 0x00, 0x00, 0x00, 0x00, 0x00, 0x00, 0x00, 0x00, 0x00, 0x00, 0x00, 0x10, 0x00,
        0x00, 0x02, 0x00, 0x00, 0x00, 0x00, 0x00, 0x00, 0x00, 0x00, 0x00, 0x00, 0x00, 0x00, 0x40, 0x00,
        0xc0, 0x01, 0x00, 0x00, 0x00, 0x00, 0x00, 0x00, 0x00, 0x00, 0x00, 0x00, 0x00, 0x00, 0x00, 0x01,
        0x70, 0x00, 0x80, 0x00, 0x00, 0x00, 0x00, 0x00, 0x00, 0x00, 0x00, 0x00, 0x01, 0xf0, 0x80, 0x0e,
        0x18, 0x00, 0x00, 0x0c, 0x04, 0x00, 0x00, 0x00, 0x00, 0x00, 0x00, 0x00, 0x00, 0x7f, 0x00, 0x18,
        0x0c, 0x00, 0x00, 0x3f, 0x07, 0x00, 0x00, 0x00, 0x00, 0x00, 0x00, 0x0c, 0x00, 0x1f, 0x80, 0x30,
        0x06, 0x06, 0x00, 0x3f, 0x03, 0x80, 0x00, 0x00, 0x00, 0x00, 0x00, 0x3f, 0x00, 0x0f, 0xe0, 0x60,
        0x02, 0x0c, 0x00, 0x1e, 0x01, 0xe0, 0x00, 0x00, 0x00, 0x00, 0x00, 0x3f, 0x00, 0x0f, 0xf0, 0x60,
        0x03, 0x1c, 0x00, 0x00, 0x01, 0xf0, 0x00, 0x00, 0x00, 0x00, 0x00, 0x1e, 0x00, 0x07, 0xf8, 0xc0,
        0x03, 0x38, 0x00, 0x00, 0x01, 0xf0, 0x00, 0x00, 0x00, 0x00, 0x00, 0x00, 0x00, 0x07, 0xfc, 0x40,
        0x02, 0x38, 0x00, 0x00, 0x00, 0xf8, 0x00, 0x00, 0x00, 0x00, 0x00, 0x00, 0x00, 0x03, 0xfc, 0x60,
        0x06, 0x7c, 0x00, 0x00, 0x00, 0xf8, 0x00, 0x00, 0x00, 0x00, 0x00, 0x00, 0x00, 0x03, 0xfe, 0x60,
        0x0c, 0x7c, 0x00, 0x00, 0x01, 0xf8, 0x00, 0x00, 0x00, 0x00, 0x00, 0x00, 0x00, 0x07, 0xfe, 0x30,
        0x38, 0x7c, 0x00, 0x00, 0x01, 0xf8, 0x00, 0x00, 0x00, 0x00, 0x10, 0x00, 0x00, 0x07, 0xfe, 0x1c,
        0xe0, 0x3e, 0x00, 0x00, 0x03, 0xf8, 0x00, 0x00, 0x00, 0x00, 0x10, 0x00, 0x00, 0x07, 0xfc, 0x07,
        0x80, 0x3f, 0x00, 0x00, 0x07, 0xf0, 0x00, 0x00, 0x00, 0x00, 0x08, 0x00, 0x00, 0x0f, 0xfc, 0x01,
        0x00, 0x1f, 0x80, 0x00, 0x0f, 0xf0, 0x00, 0x00, 0x00, 0x00, 0x0c, 0x00, 0x00, 0x1f, 0xf8, 0x00,
        0x00, 0x1f, 0xc0, 0x00, 0x1f, 0xe0, 0x00, 0x00, 0x00, 0x00, 0x06, 0x00, 0x00, 0x3f, 0xf8, 0x00,
        0x00, 0x27, 0xf0, 0x00, 0x7f, 0x80, 0x00, 0x00, 0x00, 0x00, 0x01, 0x80, 0x00, 0xff, 0xe4, 0x00,
        0x00, 0x41, 0xff, 0x9f, 0xff, 0x00, 0x00, 0x00, 0x00, 0x00, 0x00, 0xe0, 0x03, 0xff, 0x80, 0x00,
        0x00, 0x00, 0x7f, 0xff, 0xf8, 0x00, 0x00, 0x00, 0x00, 0x00, 0x00, 0x3f, 0xff, 0xfe, 0x00, 0x00,
        0x00, 0x00, 0x0f, 0xff, 0xc0, 0x00, 0x00, 0x00, 0x00, 0x00, 0x00, 0x07, 0xff, 0xf0, 0x00, 0x00,
        0x00, 0x00, 0x00, 0x00, 0x00, 0x00, 0x00, 0x00, 0x00, 0x00, 0x00, 0x00, 0x00, 0x00, 0x00, 0x00,
        0x00, 0x00, 0x00, 0x00, 0x00, 0x00, 0x00, 0x00, 0x00, 0x00, 0x00, 0x00, 0x00, 0x00, 0x00, 0x00,
        0x00, 0x00, 0x00, 0x00, 0x00, 0x00, 0x00, 0x00, 0x00, 0x00, 0x00, 0x00, 0x00, 0x00, 0x00, 0x00,
        0x00, 0x00, 0x00, 0x00, 0x00, 0x00, 0x00, 0x00, 0x00, 0x00, 0x00, 0x00, 0x00, 0x00, 0x00, 0x00,
        0x00, 0x00, 0x00, 0x00, 0x00, 0x00, 0x00, 0x00, 0x00, 0x00, 0x00, 0x00, 0x00, 0x00, 0x00, 0x00,
        0x00, 0x00, 0x00, 0x00, 0x00, 0x00, 0x00, 0x3f, 0xfc, 0x00, 0x00, 0x00, 0x00, 0x00, 0x00, 0x00,
        0x00, 0x00, 0x00, 0x00, 0x00, 0x00, 0x00, 0x00, 0x00, 0x00, 0x00, 0x00, 0x00, 0x00, 0x00, 0x00,
        0x00, 0x00, 0x00, 0x00, 0x00, 0x00, 0x00, 0x00, 0x00, 0x00, 0x00, 0x00, 0x00, 0x00, 0x00, 0x00,
        0x00, 0x00, 0x00, 0x00, 0x00, 0x00, 0x00, 0x00, 0x00, 0x00, 0x00, 0x00, 0x00, 0x00, 0x00, 0x00,
        0x00, 0x00, 0x00, 0x00, 0x00, 0x00, 0x00, 0x00, 0x00, 0x00, 0x00, 0x00, 0x00, 0x00, 0x00, 0x00,
        0x00, 0x00, 0x00, 0x00, 0x00, 0x00, 0x00, 0x00, 0x00, 0x00, 0x00, 0x00, 0x00, 0x00, 0x00, 0x00,
    },
    // frame 15
    {
        0x00, 0x00, 0x00, 0x00, 0x00, 0x00, 0x00, 0x00, 0x00, 0x00, 0x00, 0x00, 0x00, 0x00, 0x00, 0x00,
        0x00, 0x00, 0x00, 0x00, 0x00, 0x00, 0x00, 0x00, 0x00, 0x00, 0x00, 0x00, 0x00, 0x00, 0x00, 0x00,
        0x00, 0x00, 0x00, 0x00, 0x00, 0x00, 0x00, 0x00, 0x00, 0x00, 0x00, 0x00, 0x00, 0x00, 0x00, 0x00,
        0x00, 0x00, 0x00, 0x00, 0x00, 0x00, 0x00, 0x00, 0x00, 0x00, 0x00, 0x00, 0x00, 0x00, 0x00, 0x00,
        0x00, 0x00, 0x00, 0x00, 0x00, 0x00, 0x00, 0x00, 0x00, 0x00, 0x00, 0x00, 0x00, 0x00, 0x00, 0x00,
        0x00, 0x00, 0x00, 0x00, 0x00, 0x00, 0x00, 0x00, 0x00, 0x00, 0x00, 0x00, 0x00, 0x00, 0x00, 0x00,
        0x00, 0x00, 0x00, 0x00, 0x00, 0x00, 0x00, 0x00, 0x00, 0x00, 0x00, 0x00, 0x00, 0x00, 0x00, 0x00,
        0x00, 0x00, 0x00, 0x00, 0x00, 0x00, 0x00, 0x00, 0x00, 0x00, 0x00, 0x00, 0x00, 0x00, 0x00, 0x00,
        0x00, 0x00, 0x00, 0x07, 0xe0, 0x00, 0x00, 0x00, 0x00, 0x00, 0x00, 0x07, 0xe0, 0x00, 0x00, 0x00,
        0x00, 0x00, 0x00, 0x7f, 0xf0, 0x00, 0x00, 0x00, 0x00, 0x00, 0x00, 0x0f, 0xfe, 0x00, 0x00, 0x00,
        0x00, 0x00, 0x00, 0xff, 0xf0, 0x00, 0x00, 0x00, 0x00, 0x00, 0x00, 0x0f, 0xff, 0x00, 0x00, 0x00,
        0x00, 0x00, 0x01, 0xff, 0xc0, 0x00, 0x00, 0x00, 0x00, 0x00, 0x00, 0x03, 0xff, 0x80, 0x00, 0x00,
        0x00, 0x00, 0x00, 0xf8, 0x00, 0x00, 0x00, 0x00, 0x00, 0x00, 0x00, 0x00, 0x1f, 0x00, 0x00, 0x00,
        0x00, 0x00, 0x00, 0x00, 0x00, 0x00, 0x00, 0x00, 0x00, 0x00, 0x00, 0x00, 0x00, 0x00, 0x08, 0x00,
        0x00, 0x04, 0x00, 0x00, 0x00, 0x00, 0x00, 0x00, 0x00, 0x00, 0x00, 0x00, 0x00, 0x00, 0x20, 0x00,
        0x00, 0x00, 0x00, 0x00, 0x00, 0x00, 0x00, 0x00, 0x00, 0x00, 0x00, 0x00, 0x00, 0x00, 0x40, 0x00,
        0xc0, 0x00, 0x81, 0xc0, 0x00, 0x00, 0x00, 0x00, 0x00, 0x00, 0x00, 0x00, 0x00, 0x00, 0x00, 0x03,
        0x70, 0x00, 0x1f, 0xe0, 0x00, 0x00, 0x00, 0x00, 0x00, 0x00, 0x00, 0x00, 0x00, 0x7a, 0x00, 0x0e,
        0x0c, 0x00, 0x1f, 0xe0, 0x1c, 0x00, 0x00, 0x00, 0x00, 0x00, 0x00, 0x3e, 0x00, 0x3f, 0x00, 0x30,
        0x06, 0x00, 0x1f, 0xc0, 0x0f, 0x00, 0x00, 0x00, 0x00, 0x00, 0x00, 0xfe, 0x00, 0x3f, 0xc0, 0x60,
        0x03, 0x00, 0x07, 0x80, 0x0f, 0xc0, 0x00, 0x00, 0x00, 0x00, 0x01, 0xfe, 0x00, 0x1f, 0xe0, 0xc0,
        0x01, 0x80, 0x00, 0x00, 0x0f, 0xe0, 0x00, 0x00, 0x00, 0x00, 0x00, 0xfc, 0x00, 0x0f, 0xf1, 0x80,
        0x01, 0x80, 0x00, 0x00, 0x0f, 0xf0, 0x00, 0x00, 0x00, 0x00, 0x00, 0x00, 0x00, 0x0f, 0xf9, 0x80,
        0x00, 0x80, 0x00, 0x00, 0x0f, 0xf0, 0x00, 0x00, 0x00, 0x00, 0x00, 0x00, 0x00, 0x0f, 0xfd, 0x80,
        0x00, 0x80, 0x00, 0x00, 0x0f, 0xf8, 0x00, 0x00, 0x00, 0x00, 0x00, 0x00, 0x00, 0x0f, 0xff, 0x80,
        0x01, 0x80, 0x00, 0x00, 0x0f, 0xf8, 0x00, 0x00, 0x00, 0x00, 0x00, 0x00, 0x00, 0x0f, 0xff, 0x80,
        0x01, 0xc0, 0x00, 0x00, 0x1f, 0xf8, 0x00, 0x00, 0x00, 0x00, 0x00, 0x00, 0x00, 0x1f, 0xfe, 0x80,
        0x03, 0x60, 0x00, 0x00, 0x3f, 0xf8, 0x00, 0x00, 0x00, 0x00, 0x00, 0x00, 0x00, 0x1f, 0xfe, 0xc0,
        0x06, 0x30, 0x00, 0x00, 0x7f, 0xf8, 0x00, 0x00, 0x00, 0x00, 0x00, 0x00, 0x00, 0x3f, 0xfc, 0x60,
        0x1c, 0x38, 0x00, 0x00, 0xff, 0xf8, 0x00, 0x00, 0x00, 0x00, 0x00, 0x00, 0x00, 0x7f, 0xfc, 0x18,
        0x70, 0x3e, 0x00, 0x03, 0xff, 0xf0, 0x00, 0x00, 0x00, 0x00, 0x00, 0x00, 0x01, 0xff, 0xfc, 0x07,
        0x80, 0x1f, 0xe0, 0x3f, 0xff, 0xe0, 0x00, 0x00, 0x00, 0x00, 0x06, 0x00, 0x03, 0xff, 0xf8, 0x01,
        0x00, 0x0f, 0xff, 0xff, 0xff, 0xc0, 0x00, 0x00, 0x00, 0x00, 0x03, 0x80, 0x3f, 0xff, 0xf0, 0x00,
        0x00, 0x07, 0xff, 0xff, 0xff, 0x80, 0x00, 0x00, 0x00, 0x00, 0x01, 0xff, 0xff, 0xff, 0xe0, 0x00,
        0x00, 0x01, 0xff, 0xff, 0xfe, 0x00, 0x00, 0x00, 0x00, 0x00, 0x00, 0x7f, 0xff, 0xff, 0x80, 0x00,
        0x00, 0x40, 0x3f, 0xff, 0xf0, 0x00, 0x00, 0x00, 0x00, 0x00, 0x00, 0x0f, 0xff, 0xfc, 0x00, 0x00,
        0x00, 0x00, 0x03, 0xff, 0x80, 0x00, 0x00, 0x00, 0x00, 0x00, 0x00, 0x01, 0xff, 0xc0, 0x00, 0x00,
        0x00, 0x00, 0x00, 0x00, 0x00, 0x00, 0x00, 0x00, 0x00, 0x00, 0x00, 0x00, 0x00, 0x00, 0x00, 0x00,
        0x00, 0x00, 0x00, 0x00, 0x00, 0x00, 0x00, 0x00, 0x00, 0x00, 0x00, 0x00, 0x00, 0x00, 0x00, 0x00,
        0x00, 0x00, 0x00, 0x00, 0x00, 0x00, 0x00, 0x00, 0x00, 0x00, 0x00, 0x00, 0x00, 0x00, 0x00, 0x00,
        0x00, 0x00, 0x00, 0x00, 0x00, 0x00, 0x00, 0x1f, 0xf8, 0x00, 0x00, 0x00, 0x00, 0x00, 0x00, 0x00,
        0x00, 0x00, 0x00, 0x00, 0x00, 0x00, 0x00, 0x3f, 0xfc, 0x00, 0x00, 0x00, 0x00, 0x00, 0x00, 0x00,
        0x00, 0x00, 0x00, 0x00, 0x00, 0x00, 0x00, 0x03, 0x80, 0x00, 0x00, 0x00, 0x00, 0x00, 0x00, 0x00,
        0x00, 0x00, 0x00, 0x00, 0x00, 0x00, 0x00, 0x00, 0x00, 0x00, 0x00, 0x00, 0x00, 0x00, 0x00, 0x00,
        0x00, 0x00, 0x00, 0x00, 0x00, 0x00, 0x00, 0x00, 0x00, 0x00, 0x00, 0x00, 0x00, 0x00, 0x00, 0x00,
        0x00, 0x00, 0x00, 0x00, 0x00, 0x00, 0x00, 0x00, 0x00, 0x00, 0x00, 0x00, 0x00, 0x00, 0x00, 0x00,
        0x00, 0x00, 0x00, 0x00, 0x00, 0x00, 0x00, 0x00, 0x00, 0x00, 0x00, 0x00, 0x00, 0x00, 0x00, 0x00,
        0x00, 0x00, 0x00, 0x00, 0x00, 0x00, 0x00, 0x00, 0x00, 0x00, 0x00, 0x00, 0x00, 0x00, 0x00, 0x00,
    },
    // frame 16
    {
        0x00, 0x00, 0x00, 0x00, 0x00, 0x00, 0x00, 0x00, 0x00, 0x00, 0x00, 0x00, 0x00, 0x00, 0x00, 0x00,
        0x00, 0x00, 0x00, 0x00, 0x00, 0x00, 0x00, 0x00, 0x00, 0x00, 0x00, 0x00, 0x00, 0x00, 0x00, 0x00,
        0x00, 0x00, 0x00, 0x00, 0x00, 0x00, 0x00, 0x00, 0x00, 0x00, 0x00, 0x00, 0x00, 0x00, 0x00, 0x00,
        0x00, 0x00, 0x00, 0x03, 0xc0, 0x00, 0x00, 0x00, 0x00, 0x00, 0x00, 0x03, 0xc0, 0x00, 0x00, 0x00,
        0x00, 0x00, 0x00, 0x3f, 0xf0, 0x00, 0x00, 0x00, 0x00, 0x00, 0x00, 0x0f, 0xfc, 0x00, 0x00, 0x00,
        0x00, 0x00, 0x00, 0xff, 0xf0, 0x00, 0x00, 0x00, 0x00, 0x00, 0x00, 0x0f, 0xff, 0x00, 0x00, 0x00,
        0x00, 0x00, 0x01, 0xff, 0xc0, 0x00, 0x00, 0x00, 0x00, 0x00, 0x00, 0x03, 0xff, 0x80, 0x00, 0x00,
        0x00, 0x00, 0x01, 0xfc, 0x00, 0x00, 0x00, 0x00, 0x00, 0x00, 0x00, 0x00, 0x3f, 0x80, 0x00, 0x00,
        0x00, 0x00, 0x00, 0x00, 0x00, 0x00, 0x00, 0x00, 0x00, 0x00, 0x00, 0x00, 0x00, 0x00, 0x00, 0x00,
        0x00, 0x00, 0x00, 0x00, 0x00, 0x00, 0x00, 0x00, 0x00, 0x00, 0x00, 0x00, 0x00, 0x00, 0x00, 0x00,
        0x00, 0x00, 0x00, 0x00, 0x00, 0x00, 0x00, 0x00, 0x00, 0x00, 0x00, 0x00, 0x00, 0x00, 0x00, 0x00,
        0x00, 0x00, 0x00, 0x00, 0x00, 0x00, 0x00, 0x00, 0x00, 0x00, 0x00, 0x00, 0x00, 0x00, 0x00, 0x00,
        0x00, 0x00, 0x00, 0x00, 0x00, 0x00, 0x00, 0x00, 0x00, 0x00, 0x00, 0x00, 0x00, 0x00, 0x10, 0x00,
        0x00, 0x02, 0x00, 0x00, 0x00, 0x00, 0x00, 0x00, 0x00, 0x00, 0x00, 0x00, 0x07, 0x00, 0x40, 0x00,
        0x00, 0x00, 0x1f, 0x80, 0x60, 0x00, 0x00, 0x00, 0x00, 0x00, 0x00, 0x00, 0x01, 0xf8, 0x80, 0x00,
        0xc0, 0x00, 0x7f, 0xc0, 0x38, 0x00, 0x00, 0x00, 0x00, 0x00, 0x00, 0x00, 0x00, 0xff, 0x00, 0x03,
        0x38, 0x00, 0xff, 0xe0, 0x1e, 0x00, 0x00, 0x00, 0x00, 0x00, 0x00, 0x7c, 0x00, 0x7f, 0x80, 0x1c,
        0x06, 0x00, 0xff, 0xe0, 0x1f, 0x80, 0x00, 0x00, 0x00, 0x00, 0x01, 0xff, 0x00, 0x3f, 0xc0, 0x70,
        0x03, 0x00, 0x7f, 0xc0, 0x0f, 0xc0, 0x00, 0x00, 0x00, 0x00, 0x03, 0xff, 0x00, 0x1f, 0xe0, 0xc0,
        0x01, 0x80, 0x3f, 0x80, 0x0f, 0xe0, 0x00, 0x00, 0x00, 0x00, 0x03, 0xff, 0x00, 0x1f, 0xf1, 0x80,
        0x00, 0xc0, 0x00, 0x00, 0x0f, 0xf0, 0x00, 0x00, 0x00, 0x00, 0x03, 0xfe, 0x00, 0x0f, 0xfb, 0x00,
        0x00, 0x40, 0x00, 0x00, 0x0f, 0xf0, 0x00, 0x00, 0x00, 0x00, 0x00, 0xfc, 0x00, 0x0f, 0xfe, 0x00,
        0x00, 0x40, 0x00, 0x00, 0x0f, 0xf8, 0x00, 0x00, 0x00, 0x00, 0x00, 0x00, 0x00, 0x0f, 0xfe, 0x00,
        0x00, 0x00, 0x00, 0x00, 0x0f, 0xf8, 0x00, 0x00, 0x00, 0x00, 0x00, 0x00, 0x00, 0x0f, 0xfe, 0x00,
        0x00, 0x00, 0x00, 0x00, 0x1f, 0xf8, 0x00, 0x00, 0x00, 0x00, 0x00, 0x00, 0x00, 0x0f, 0xfe, 0x00,
        0x00, 0x00, 0x00, 0x00, 0x1f, 0xf8, 0x00, 0x00, 0x00, 0x00, 0x00, 0x00, 0x00, 0x1f, 0xfe, 0x00,
        0x00, 0x00, 0x00, 0x00, 0x3f, 0xf8, 0x00, 0x00, 0x00, 0x00, 0x00, 0x00, 0x00, 0x1f, 0xff, 0x00,
        0x00, 0xe0, 0x00, 0x00, 0x7f, 0xf8, 0x00, 0x00, 0x00, 0x00, 0x00, 0x00, 0x00, 0x3f, 0xff, 0x00,
        0x01, 0xf0, 0x00, 0x00, 0xff, 0xf8, 0x00, 0x00, 0x00, 0x00, 0x00, 0x00, 0x00, 0x7f, 0xfc, 0x80,
        0x03, 0x3c, 0x00, 0x03, 0xff, 0xf0, 0x00, 0x00, 0x00, 0x00, 0x00, 0x00, 0x00, 0xff, 0xfc, 0x40,
        0x0c, 0x3f, 0x80, 0x1f, 0xff, 0xf0, 0x00, 0x00, 0x00, 0x00, 0x00, 0x00, 0x03, 0xff, 0xfc, 0x30,
        0x70, 0x1f, 0xff, 0xff, 0xff, 0xe0, 0x00, 0x00, 0x00, 0x00, 0x07, 0x00, 0x1f, 0xff, 0xf8, 0x0e,
        0x80, 0x0f, 0xff, 0xff, 0xff, 0xc0, 0x00, 0x00, 0x00, 0x00, 0x03, 0xff, 0xff, 0xff, 0xf0, 0x00,
        0x00, 0x07, 0xff, 0xff, 0xff, 0x80, 0x00, 0x00, 0x00, 0x00, 0x01, 0xff, 0xff, 0xff, 0xe0, 0x00,
        0x00, 0x03, 0xff, 0xff, 0xff, 0x00, 0x00, 0x00, 0x00, 0x00, 0x00, 0xff, 0xff, 0xff, 0xc0, 0x00,
        0x00, 0x08, 0xff, 0xff, 0xfe, 0x00, 0x00, 0x00, 0x00, 0x00, 0x00, 0x7f, 0xff, 0xff, 0x00, 0x00,
        0x00, 0x00, 0x3f, 0xff, 0xf8, 0x00, 0x00, 0x00, 0x00, 0x00, 0x00, 0x1f, 0xff, 0xfc, 0x00, 0x00,
        0x00, 0x00, 0x07, 0xff, 0xc0, 0x00, 0x00, 0x00, 0x00, 0x00, 0x00, 0x03, 0xff, 0xe0, 0x00, 0x00,
        0x00, 0x00, 0x00, 0x00, 0x00, 0x00, 0x00, 0x00, 0x00, 0x00, 0x00, 0x00, 0x00, 0x00, 0x00, 0x00,
        0x00, 0x00, 0x00, 0x00, 0x00, 0x00, 0x00, 0x3f, 0xf8, 0x00, 0x00, 0x00, 0x00, 0x00, 0x00, 0x00,
        0x00, 0x00, 0x00, 0x00, 0x00, 0x00, 0x00, 0x1f, 0xf8, 0x00, 0x00, 0x00, 0x00, 0x00, 0x00, 0x00,
        0x00, 0x00, 0x00, 0x00, 0x00, 0x00, 0x00, 0x07, 0xe0, 0x00, 0x00, 0x00, 0x00, 0x00, 0x00, 0x00,
        0x00, 0x00, 0x00, 0x00, 0x00, 0x00, 0x00, 0x00, 0x00, 0x00, 0x00, 0x00, 0x00, 0x00, 0x00, 0x00,
        0x00, 0x00, 0x00, 0x00, 0x00, 0x00, 0x00, 0x00, 0x00, 0x00, 0x00, 0x00, 0x00, 0x00, 0x00, 0x00,
        0x00, 0x00, 0x00, 0x00, 0x00, 0x00, 0x00, 0x00, 0x00, 0x00, 0x00, 0x00, 0x00, 0x00, 0x00, 0x00,
        0x00, 0x00, 0x00, 0x00, 0x00, 0x00, 0x00, 0x00, 0x00, 0x00, 0x00, 0x00, 0x00, 0x00, 0x00, 0x00,
        0x00, 0x00, 0x00, 0x00, 0x00, 0x00, 0x00, 0x00, 0x00, 0x00, 0x00, 0x00, 0x00, 0x00, 0x00, 0x00,
        0x00, 0x00, 0x00, 0x00, 0x00, 0x00, 0x00, 0x00, 0x00, 0x00, 0x00, 0x00, 0x00, 0x00, 0x00, 0x00,
    },
    // frame 17
    {
        0x00, 0x00, 0x00, 0x00, 0x00, 0x00, 0x00, 0x00, 0x00, 0x00, 0x00, 0x00, 0x00, 0x00, 0x00, 0x00,
        0x00, 0x00, 0x00, 0x00, 0x00, 0x00, 0x00, 0x00, 0x00, 0x00, 0x00, 0x00, 0x00, 0x00, 0x00, 0x00,
        0x00, 0x00, 0x00, 0x01, 0xc0, 0x00, 0x00, 0x00, 0x00, 0x00, 0x00, 0x03, 0x80, 0x00, 0x00, 0x00,
        0x00, 0x00, 0x00, 0x3f, 0xf0, 0x00, 0x00, 0x00, 0x00, 0x00, 0x00, 0x0f, 0xfc, 0x00, 0x00, 0x00,
        0x00, 0x00, 0x00, 0xff, 0xf0, 0x00, 0x00, 0x00, 0x00, 0x00, 0x00, 0x0f, 0xff, 0x00, 0x00, 0x00,
        0x00, 0x00, 0x01, 0xff, 0xe0, 0x00, 0x00, 0x00, 0x00, 0x00, 0x00, 0x07, 0xff, 0x80, 0x00, 0x00,
        0x00, 0x00, 0x01, 0xfe, 0x00, 0x00, 0x00, 0x00, 0x00, 0x00, 0x00, 0x00, 0x7f, 0x80, 0x00, 0x00,
        0x00, 0x00, 0x00, 0x00, 0x00, 0x00, 0x00, 0x00, 0x00, 0x00, 0x00, 0x00, 0x00, 0x00, 0x00, 0x00,
        0x00, 0x00, 0x00, 0x00, 0x00, 0x00, 0x00, 0x00, 0x00, 0x00, 0x00, 0x00, 0x00, 0x00, 0x00, 0x00,
        0x00, 0x00, 0x00, 0x00, 0x00, 0x00, 0x00, 0x00, 0x00, 0x00, 0x00, 0x00, 0x00, 0x00, 0x00, 0x00,
        0x00, 0x00, 0x00, 0x00, 0x00, 0x00, 0x00, 0x00, 0x00, 0x00, 0x00, 0x00, 0x00, 0x00, 0x00, 0x00,
        0x00, 0x00, 0x00, 0x00, 0x00, 0x00, 0x00, 0x00, 0x00, 0x00, 0x00, 0x00, 0x00, 0x00, 0x00, 0x00,
        0x00, 0x00, 0x00, 0x00, 0x00, 0x00, 0x00, 0x00, 0x00, 0x00, 0x00, 0x00, 0x00, 0x00, 0x00, 0x00,
        0x00, 0x00, 0x80, 0x00, 0x00, 0x00, 0x00, 0x00, 0x00, 0x00, 0x00, 0x00, 0x07, 0xe1, 0x00, 0x00,
        0xe0, 0x00, 0x3f, 0x80, 0x70, 0x00, 0x00, 0x00, 0x00, 0x00, 0x00, 0x00, 0x01, 0xfe, 0x00, 0x03,
        0x38, 0x00, 0x7f, 0xe0, 0x3c, 0x00, 0x00, 0x00, 0x00, 0x00, 0x00, 0x00, 0x00, 0xff, 0x00, 0x1c,
        0x06, 0x00, 0xff, 0xe0, 0x1f, 0x00, 0x00, 0x00, 0x00, 0x00, 0x00, 0xfe, 0x00, 0x3f, 0x80, 0x60,
        0x01, 0x80, 0xff, 0xe0, 0x0f, 0x80, 0x00, 0x00, 0x00, 0x00, 0x01, 0xff, 0x00, 0x3f, 0xe1, 0x80,
        0x00, 0xc0, 0x7f, 0xe0, 0x0f, 0xc0, 0x00, 0x00, 0x00, 0x00, 0x03, 0xff, 0x00, 0x1f, 0xf3, 0x00,
        0x00, 0x60, 0x3f, 0x80, 0x0f, 0xe0, 0x00, 0x00, 0x00, 0x00, 0x07, 0xff, 0x00, 0x0f, 0xfe, 0x00,
        0x00, 0x20, 0x00, 0x00, 0x0f, 0xf0, 0x00, 0x00, 0x00, 0x00, 0x03, 0xff, 0x00, 0x0f, 0xfc, 0x00,
        0x00, 0x00, 0x00, 0x00, 0x0f, 0xf0, 0x00, 0x00, 0x00, 0x00, 0x00, 0xfc, 0x00, 0x0f, 0xfc, 0x00,
        0x80, 0x00, 0x00, 0x00, 0x0f, 0xf8, 0x00, 0x00, 0x00, 0x00, 0x00, 0x00, 0x00, 0x0f, 0xfc, 0x01,
        0xc0, 0x00, 0x00, 0x00, 0x0f, 0xf8, 0x00, 0x00, 0x00, 0x00, 0x00, 0x00, 0x00, 0x0f, 0xfe, 0x01,
        0x80, 0x00, 0x00, 0x00, 0x0f, 0xf8, 0x00, 0x00, 0x00, 0x00, 0x00, 0x00, 0x00, 0x0f, 0xfe, 0x01,
        0x80, 0x00, 0x00, 0x00, 0x1f, 0xf8, 0x00, 0x00, 0x00, 0x00, 0x00, 0x00, 0x00, 0x0f, 0xfe, 0x01,
        0x00, 0x00, 0x00, 0x00, 0x3f, 0xf8, 0x00, 0x00, 0x00, 0x00, 0x00, 0x00, 0x00, 0x1f, 0xfe, 0x00,
        0x00, 0x40, 0x00, 0x00, 0x7f, 0xf8, 0x00, 0x00, 0x00, 0x00, 0x00, 0x00, 0x00, 0x3f, 0xfe, 0x00,
        0x00, 0x70, 0x00, 0x00, 0xff, 0xf8, 0x00, 0x00, 0x00, 0x00, 0x00, 0x00, 0x00, 0x7f, 0xfe, 0x00,
        0x00, 0xfc, 0x00, 0x03, 0xff, 0xf0, 0x00, 0x00, 0x00, 0x00, 0x00, 0x00, 0x00, 0xff, 0xff, 0x00,
        0x03, 0x3f, 0x00, 0x1f, 0xff, 0xf0, 0x00, 0x00, 0x00, 0x00, 0x00, 0x00, 0x03, 0xff, 0xfc, 0xc0,
        0x06, 0x1f, 0xff, 0xff, 0xff, 0xe0, 0x00, 0x00, 0x00, 0x00, 0x06, 0x00, 0x0f, 0xff, 0xf8, 0x30,
        0x38, 0x0f, 0xff, 0xff, 0xff, 0xe0, 0x00, 0x00, 0x00, 0x00, 0x07, 0xff, 0xff, 0xff, 0xf0, 0x0e,
        0x80, 0x07, 0xff, 0xff, 0xff, 0xc0, 0x00, 0x00, 0x00, 0x00, 0x03, 0xff, 0xff, 0xff, 0xe0, 0x01,
        0x00, 0x03, 0xff, 0xff, 0xff, 0x80, 0x00, 0x00, 0x00, 0x00, 0x01, 0xff, 0xff, 0xff, 0xc0, 0x00,
        0x00, 0x01, 0xff, 0xff, 0xfe, 0x00, 0x00, 0x00, 0x00, 0x00, 0x00, 0x7f, 0xff, 0xff, 0xc0, 0x00,
        0x00, 0x00, 0x7f, 0xff, 0xf8, 0x00, 0x00, 0x00, 0x00, 0x00, 0x00, 0x1f, 0xff, 0xfe, 0x00, 0x00,
        0x00, 0x20, 0x1f, 0xff, 0xe0, 0x00, 0x00, 0x00, 0x00, 0x00, 0x00, 0x07, 0xff, 0xf8, 0x00, 0x00,
        0x00, 0x00, 0x01, 0xfe, 0x00, 0x00, 0x00, 0x00, 0x00, 0x00, 0x00, 0x00, 0x7f, 0x80, 0x00, 0x00,
        0x00, 0x00, 0x00, 0x00, 0x00, 0x00, 0x00, 0x3f, 0xf8, 0x00, 0x00, 0x00, 0x00, 0x00, 0x00, 0x00,
        0x00, 0x00, 0x00, 0x00, 0x00, 0x00, 0x00, 0x1f, 0xf8, 0x00, 0x00, 0x00, 0x00, 0x00, 0x00, 0x00,
        0x00, 0x00, 0x00, 0x00, 0x00, 0x00, 0x00, 0x07, 0xe0, 0x00, 0x00, 0x00, 0x00, 0x00, 0x00, 0x00,
        0x00, 0x00, 0x00, 0x00, 0x00, 0x00, 0x00, 0x00, 0x00, 0x00, 0x00, 0x00, 0x00, 0x00, 0x00, 0x00,
        0x00, 0x00, 0x00, 0x00, 0x00, 0x00, 0x00, 0x00, 0x00, 0x00, 0x00, 0x00, 0x00, 0x00, 0x00, 0x00,
        0x00, 0x00, 0x00, 0x00, 0x00, 0x00, 0x00, 0x00, 0x00, 0x00, 0x00, 0x00, 0x00, 0x00, 0x00, 0x00,
        0x00, 0x00, 0x00, 0x00, 0x00, 0x00, 0x00, 0x00, 0x00, 0x00, 0x00, 0x00, 0x00, 0x00, 0x00, 0x00,
        0x00, 0x00, 0x00, 0x00, 0x00, 0x00, 0x00, 0x00, 0x00, 0x00, 0x00, 0x00, 0x00, 0x00, 0x00, 0x00,
        0x00, 0x00, 0x00, 0x00, 0x00, 0x00, 0x00, 0x00, 0x00, 0x00, 0x00, 0x00, 0x00, 0x00, 0x00, 0x00,
    },
    // frame 18
    {
        0x00, 0x00, 0x00, 0x00, 0x00, 0x00, 0x00, 0x00, 0x00, 0x00, 0x00, 0x00, 0x00, 0x00, 0x00, 0x00,
        0x00, 0x00, 0x00, 0x00, 0x00, 0x00, 0x00, 0x00, 0x00, 0x00, 0x00, 0x00, 0x00, 0x00, 0x00, 0x00,
        0x00, 0x00, 0x00, 0x00, 0x00, 0x00, 0x00, 0x00, 0x00, 0x00, 0x00, 0x00, 0x00, 0x00, 0x00, 0x00,
        0x00, 0x00, 0x00, 0x0f, 0xf0, 0x00, 0x00, 0x00, 0x00, 0x00, 0x00, 0x0f, 0xf0, 0x00, 0x00, 0x00,
        0x00, 0x00, 0x00, 0x7f, 0xf0, 0x00, 0x00, 0x00, 0x00, 0x00, 0x00, 0x0f, 0xfe, 0x00, 0x00, 0x00,
        0x00, 0x00, 0x01, 0xff, 0xe0, 0x00, 0x00, 0x00, 0x00, 0x00, 0x00, 0x07, 0xff, 0x80, 0x00, 0x00,
        0x00, 0x00, 0x01, 0xff, 0x80, 0x00, 0x00, 0x00, 0x00, 0x00, 0x00, 0x01, 0xff, 0x80, 0x00, 0x00,
        0x00, 0x00, 0x00, 0x00, 0x00, 0x00, 0x00, 0x00, 0x00, 0x00, 0x00, 0x00, 0x00, 0x00, 0x00, 0x00,
        0x00, 0x00, 0x00, 0x00, 0x00, 0x00, 0x00, 0x00, 0x00, 0x00, 0x00, 0x00, 0x00, 0x00, 0x00, 0x00,
        0x00, 0x00, 0x00, 0x00, 0x00, 0x00, 0x00, 0x00, 0x00, 0x00, 0x00, 0x00, 0x00, 0x00, 0x00, 0x00,
        0x00, 0x00, 0x00, 0x00, 0x00, 0x00, 0x00, 0x00, 0x00, 0x00, 0x00, 0x00, 0x00, 0x00, 0x00, 0x00,
        0x00, 0x00, 0x00, 0x00, 0x00, 0x00, 0x00, 0x00, 0x00, 0x00, 0x00, 0x00, 0x00, 0x00, 0x00, 0x00,
        0x00, 0x00, 0x00, 0x00, 0x00, 0x00, 0x00, 0x00, 0x00, 0x00, 0x00, 0x00, 0x00, 0x02, 0x00, 0x00,
        0xc0, 0x00, 0x00, 0x00, 0x00, 0x00, 0x00, 0x00, 0x00, 0x00, 0x00, 0x00, 0x07, 0xc0, 0x00, 0x03,
        0x1c, 0x00, 0x3f, 0x80, 0x70, 0x00, 0x00, 0x00, 0x00, 0x00, 0x00, 0x00, 0x01, 0xfc, 0x00, 0x18,
        0x03, 0x00, 0x7f, 0xc0, 0x3c, 0x00, 0x00, 0x00, 0x00, 0x00, 0x00, 0x00, 0x00, 0xff, 0x00, 0xe0,
        0x00, 0xc0, 0xff, 0xe0, 0x1f, 0x00, 0x00, 0x00, 0x00, 0x00, 0x00, 0xfe, 0x00, 0x7f, 0x81, 0x00,
        0x00, 0x60, 0xff, 0xe0, 0x1f, 0x80, 0x00, 0x00, 0x00, 0x00, 0x01, 0xff, 0x00, 0x3f, 0xe6, 0x00,
        0x00, 0x30, 0x7f, 0xc0, 0x0f, 0xc0, 0x00, 0x00, 0x00, 0x00, 0x03, 0xff, 0x00, 0x1f, 0xfc, 0x00,
        0x00, 0x00, 0x3f, 0x80, 0x0f, 0xe0, 0x00, 0x00, 0x00, 0x00, 0x03, 0xff, 0x00, 0x0f, 0xf8, 0x00,
        0x80, 0x00, 0x00, 0x00, 0x0f, 0xf0, 0x00, 0x00, 0x00, 0x00, 0x03, 0xff, 0x00, 0x0f, 0xf8, 0x01,
        0xc0, 0x00, 0x00, 0x00, 0x0f, 0xf0, 0x00, 0x00, 0x00, 0x00, 0x00, 0xfc, 0x00, 0x0f, 0xfc, 0x03,
        0x60, 0x00, 0x00, 0x00, 0x0f, 0xf8, 0x00, 0x00, 0x00, 0x00, 0x00, 0x00, 0x00, 0x0f, 0xfc, 0x06,
        0x60, 0x00, 0x00, 0x00, 0x0f, 0xf8, 0x00, 0x00, 0x00, 0x00, 0x00, 0x00, 0x00, 0x0f, 0xfc, 0x06,
        0x60, 0x00, 0x00, 0x00, 0x0f, 0xf8, 0x00, 0x00, 0x00, 0x00, 0x00, 0x00, 0x00, 0x0f, 0xfe, 0x06,
        0x60, 0x00, 0x00, 0x00, 0x1f, 0xf8, 0x00, 0x00, 0x00, 0x00, 0x00, 0x00, 0x00, 0x1f, 0xfe, 0x07,
        0xc0, 0x00, 0x00, 0x00, 0x3f, 0xf8, 0x00, 0x00, 0x00, 0x00, 0x00, 0x00, 0x00, 0x1f, 0xfe, 0x03,
        0x80, 0x60, 0x00, 0x00, 0x7f, 0xf8, 0x00, 0x00, 0x00, 0x00, 0x00, 0x00, 0x00, 0x3f, 0xfe, 0x00,
        0x00, 0x30, 0x00, 0x00, 0xff, 0xf8, 0x00, 0x00, 0x00, 0x00, 0x00, 0x00, 0x00, 0x7f, 0xfc, 0x00,
        0x00, 0x3c, 0x00, 0x03, 0xff, 0xf0, 0x00, 0x00, 0x00, 0x00, 0x00, 0x00, 0x00, 0xff, 0xfc, 0x00,
        0x00, 0x7f, 0x00, 0x1f, 0xff, 0xf0, 0x00, 0x00, 0x00, 0x00, 0x00, 0x00, 0x03, 0xff, 0xfe, 0x00,
        0x01, 0x9f, 0xff, 0xff, 0xff, 0xe0, 0x00, 0x00, 0x00, 0x00, 0x06, 0x00, 0x1f, 0xff, 0xf9, 0x80,
        0x06, 0x0f, 0xff, 0xff, 0xff, 0xc0, 0x00, 0x00, 0x00, 0x00, 0x03, 0xff, 0xff, 0xff, 0xf0, 0x60,
        0x38, 0x07, 0xff, 0xff, 0xff, 0xc0, 0x00, 0x00, 0x00, 0x00, 0x03, 0xff, 0xff, 0xff, 0xe0, 0x1c,
        0x80, 0x03, 0xff, 0xff, 0xff, 0x00, 0x00, 0x00, 0x00, 0x00, 0x00, 0xff, 0xff, 0xff, 0xc0, 0x01,
        0x00, 0x01, 0xff, 0xff, 0xfe, 0x00, 0x00, 0x00, 0x00, 0x00, 0x00, 0x7f, 0xff, 0xff, 0x80, 0x00,
        0x00, 0x00, 0x7f, 0xff, 0xf8, 0x00, 0x00, 0x00, 0x00, 0x00, 0x00, 0x1f, 0xff, 0xfe, 0x00, 0x00,
        0x00, 0x00, 0x0f, 0xff, 0xc0, 0x00, 0x00, 0x00, 0x00, 0x00, 0x00, 0x03, 0xff, 0xf0, 0x00, 0x00,
        0x00, 0x00, 0x00, 0x78, 0x00, 0x00, 0x00, 0x00, 0x00, 0x00, 0x00, 0x00, 0x1e, 0x00, 0x00, 0x00,
        0x00, 0x00, 0x00, 0x00, 0x00, 0x00, 0x00, 0x3f, 0xf8, 0x00, 0x00, 0x00, 0x00, 0x00, 0x00, 0x00,
        0x00, 0x00, 0x00, 0x00, 0x00, 0x00, 0x00, 0x1f, 0xf8, 0x00, 0x00, 0x00, 0x00, 0x00, 0x00, 0x00,
        0x00, 0x00, 0x00, 0x00, 0x00, 0x00, 0x00, 0x07, 0xe0, 0x00, 0x00, 0x00, 0x00, 0x00, 0x00, 0x00,
        0x00, 0x00, 0x00, 0x00, 0x00, 0x00, 0x00, 0x00, 0x00, 0x00, 0x00, 0x00, 0x00, 0x00, 0x00, 0x00,
        0x00, 0x00, 0x00, 0x00, 0x00, 0x00, 0x00, 0x00, 0x00, 0x00, 0x00, 0x00, 0x00, 0x00, 0x00, 0x00,
        0x00, 0x00, 0x00, 0x00, 0x00, 0x00, 0x00, 0x00, 0x00, 0x00, 0x00, 0x00, 0x00, 0x00, 0x00, 0x00,
        0x00, 0x00, 0x00, 0x00, 0x00, 0x00, 0x00, 0x00, 0x00, 0x00, 0x00, 0x00, 0x00, 0x00, 0x00, 0x00,
        0x00, 0x00, 0x00, 0x00, 0x00, 0x00, 0x00, 0x00, 0x00, 0x00, 0x00, 0x00, 0x00, 0x00, 0x00, 0x00,
        0x00, 0x00, 0x00, 0x00, 0x00, 0x00, 0x00, 0x00, 0x00, 0x00, 0x00, 0x00, 0x00, 0x00, 0x00, 0x00,
    },
    // frame 19
    {
        0x00, 0x00, 0x00, 0x00, 0x00, 0x00, 0x00, 0x00, 0x00, 0x00, 0x00, 0x00, 0x00, 0x00, 0x00, 0x00,
        0x00, 0x00, 0x00, 0x00, 0x00, 0x00, 0x00, 0x00, 0x00, 0x00, 0x00, 0x00, 0x00, 0x00, 0x00, 0x00,
        0x00, 0x00, 0x00, 0x00, 0x00, 0x00, 0x00, 0x00, 0x00, 0x00, 0x00, 0x00, 0x00, 0x00, 0x00, 0x00,
        0x00, 0x00, 0x00, 0x00, 0x00, 0x00, 0x00, 0x00, 0x00, 0x00, 0x00, 0x00, 0x00, 0x00, 0x00, 0x00,
        0x00, 0x00, 0x00, 0x0f, 0xe0, 0x00, 0x00, 0x00, 0x00, 0x00, 0x00, 0x07, 0xf0, 0x00, 0x00, 0x00,
        0x00, 0x00, 0x00, 0x7f, 0xf0, 0x00, 0x00, 0x00, 0x00, 0x00, 0x00, 0x0f, 0xfe, 0x00, 0x00, 0x00,
        0x00, 0x00, 0x00, 0xff, 0xf0, 0x00, 0x00, 0x00, 0x00, 0x00, 0x00, 0x0f, 0xff, 0x00, 0x00, 0x00,
        0x00, 0x00, 0x01, 0xff, 0xc0, 0x00, 0x00, 0x00, 0x00, 0x00, 0x00, 0x03, 0xff, 0x80, 0x00, 0x00,
        0x00, 0x00, 0x00, 0xf8, 0x00, 0x00, 0x00, 0x00, 0x00, 0x00, 0x00, 0x00, 0x1f, 0x00, 0x00, 0x00,
        0x00, 0x00, 0x00, 0x00, 0x00, 0x00, 0x00, 0x00, 0x00, 0x00, 0x00, 0x00, 0x00, 0x00, 0x00, 0x00,
        0x00, 0x00, 0x00, 0x00, 0x00, 0x00, 0x00, 0x00, 0x00, 0x00, 0x00, 0x00, 0x00, 0x00, 0x00, 0x00,
        0x00, 0x00, 0x00, 0x00, 0x00, 0x00, 0x00, 0x00, 0x00, 0x00, 0x00, 0x00, 0x00, 0x00, 0x00, 0x00,
        0x00, 0x00, 0x00, 0x00, 0x00, 0x00, 0x00, 0x00, 0x00, 0x00, 0x00, 0x00, 0x00, 0x08, 0x00, 0x03,
        0x0c, 0x00, 0x00, 0x00, 0x00, 0x00, 0x00, 0x00, 0x00, 0x00, 0x00, 0x00, 0x00, 0x00, 0x00, 0x10,
        0x01, 0x00, 0x00, 0x00, 0x00, 0x00, 0x00, 0x00, 0x00, 0x00, 0x00, 0x00, 0x00, 0x00, 0x00, 0xc0,
        0x00, 0x40, 0x07, 0xc0, 0x00, 0x00, 0x00, 0x00, 0x00, 0x00, 0x00, 0x00, 0x00, 0xe0, 0x03, 0x00,
        0x00, 0x30, 0x7f, 0xc0, 0x38, 0x00, 0x00, 0x00, 0x00, 0x00, 0x00, 0x1c, 0x00, 0x7c, 0x04, 0x00,
        0x00, 0x18, 0x7f, 0xc0, 0x1e, 0x00, 0x00, 0x00, 0x00, 0x00, 0x00, 0x7c, 0x00, 0x3f, 0x98, 0x00,
        0x00, 0x00, 0x3f, 0x00, 0x0f, 0x00, 0x00, 0x00, 0x00, 0x00, 0x01, 0xfc, 0x00, 0x1f, 0xf0, 0x00,
        0xc0, 0x00, 0x00, 0x00, 0x0f, 0xc0, 0x00, 0x00, 0x00, 0x00, 0x03, 0xfc, 0x00, 0x1f, 0xf0, 0x01,
        0x60, 0x00, 0x00, 0x00, 0x0f, 0xe0, 0x00, 0x00, 0x00, 0x00, 0x03, 0xf8, 0x00, 0x0f, 0xf8, 0x07,
        0x30, 0x00, 0x00, 0x00, 0x0f, 0xf0, 0x00, 0x00, 0x00, 0x00, 0x00, 0x00, 0x00, 0x0f, 0xf8, 0x0c,
        0x18, 0x00, 0x00, 0x00, 0x0f, 0xf0, 0x00, 0x00, 0x00, 0x00, 0x00, 0x00, 0x00, 0x0f, 0xfc, 0x0c,
        0x18, 0x00, 0x00, 0x00, 0x0f, 0xf8, 0x00, 0x00, 0x00, 0x00, 0x00, 0x00, 0x00, 0x0f, 0xfc, 0x18,
        0x18, 0x00, 0x00, 0x00, 0x1f, 0xf8, 0x00, 0x00, 0x00, 0x00, 0x00, 0x00, 0x00, 0x0f, 0xfe, 0x18,
        0x30, 0x00, 0x00, 0x00, 0x1f, 0xf8, 0x00, 0x00, 0x00, 0x00, 0x00, 0x00, 0x00, 0x1f, 0xfe, 0x0c,
        0x30, 0x00, 0x00, 0x00, 0x3f, 0xf8, 0x00, 0x00, 0x00, 0x00, 0x00, 0x00, 0x00, 0x1f, 0xfe, 0x0e,
        0xe0, 0x60, 0x00, 0x00, 0x7f, 0xf8, 0x00, 0x00, 0x00, 0x00, 0x00, 0x00, 0x00, 0x3f, 0xfe, 0x07,
        0x80, 0x30, 0x00, 0x00, 0xff, 0xf8, 0x00, 0x00, 0x00, 0x00, 0x00, 0x00, 0x00, 0x7f, 0xfc, 0x01,
        0x00, 0x3c, 0x00, 0x03, 0xff, 0xf0, 0x00, 0x00, 0x00, 0x00, 0x00, 0x00, 0x00, 0xff, 0xfc, 0x00,
        0x00, 0x1f, 0x80, 0x1f, 0xff, 0xf0, 0x00, 0x00, 0x00, 0x00, 0x00, 0x00, 0x03, 0xff, 0xf8, 0x00,
        0x00, 0x3f, 0xff, 0xff, 0xff, 0xe0, 0x00, 0x00, 0x00, 0x00, 0x06, 0x00, 0x1f, 0xff, 0xfe, 0x00,
        0x00, 0xc7, 0xff, 0xff, 0xff, 0xc0, 0x00, 0x00, 0x00, 0x00, 0x03, 0xff, 0xff, 0xff, 0xe1, 0x80,
        0x06, 0x03, 0xff, 0xff, 0xff, 0x00, 0x00, 0x00, 0x00, 0x00, 0x00, 0xff, 0xff, 0xff, 0xc0, 0x60,
        0x28, 0x01, 0xff, 0xff, 0xfe, 0x00, 0x00, 0x00, 0x00, 0x00, 0x00, 0x7f, 0xff, 0xff, 0x00, 0x18,
        0x00, 0x00, 0x3f, 0xff, 0xf8, 0x00, 0x00, 0x00, 0x00, 0x00, 0x00, 0x1f, 0xff, 0xfe, 0x00, 0x00,
        0x00, 0x00, 0x07, 0xff, 0x80, 0x00, 0x00, 0x00, 0x00, 0x00, 0x00, 0x01, 0xff, 0xe0, 0x00, 0x00,
        0x00, 0x00, 0x00, 0x00, 0x00, 0x00, 0x00, 0x00, 0x00, 0x00, 0x00, 0x00, 0x00, 0x00, 0x00, 0x00,
        0x00, 0x00, 0x00, 0x00, 0x00, 0x00, 0x00, 0x00, 0x00, 0x00, 0x00, 0x00, 0x00, 0x00, 0x00, 0x00,
        0x00, 0x00, 0x00, 0x00, 0x00, 0x00, 0x00, 0x3f, 0xf8, 0x00, 0x00, 0x00, 0x00, 0x00, 0x00, 0x00,
        0x00, 0x00, 0x00, 0x00, 0x00, 0x00, 0x00, 0x3f, 0xf8, 0x00, 0x00, 0x00, 0x00, 0x00, 0x00, 0x00,
        0x00, 0x00, 0x00, 0x00, 0x00, 0x00, 0x00, 0x0f, 0xe0, 0x00, 0x00, 0x00, 0x00, 0x00, 0x00, 0x00,
        0x00, 0x00, 0x00, 0x00, 0x00, 0x00, 0x00, 0x00, 0x00, 0x00, 0x00, 0x00, 0x00, 0x00, 0x00, 0x00,
        0x00, 0x00, 0x00, 0x00, 0x00, 0x00, 0x00, 0x00, 0x00, 0x00, 0x00, 0x00, 0x00, 0x00, 0x00, 0x00,
        0x00, 0x00, 0x00, 0x00, 0x00, 0x00, 0x00, 0x00, 0x00, 0x00, 0x00, 0x00, 0x00, 0x00, 0x00, 0x00,
        0x00, 0x00, 0x00, 0x00, 0x00, 0x00, 0x00, 0x00, 0x00, 0x00, 0x00, 0x00, 0x00, 0x00, 0x00, 0x00,
        0x00, 0x00, 0x00, 0x00, 0x00, 0x00, 0x00, 0x00, 0x00, 0x00, 0x00, 0x00, 0x00, 0x00, 0x00, 0x00,
        0x00, 0x00, 0x00, 0x00, 0x00, 0x00, 0x00, 0x00, 0x00, 0x00, 0x00, 0x00, 0x00, 0x00, 0x00, 0x00,
    },
    // frame 20
    {
        0x00, 0x00, 0x00, 0x00, 0x00, 0x00, 0x00, 0x00, 0x00, 0x00, 0x00, 0x00, 0x00, 0x00, 0x00, 0x00,
        0x00, 0x00, 0x00, 0x00, 0x00, 0x00, 0x00, 0x00, 0x00, 0x00, 0x00, 0x00, 0x00, 0x00, 0x00, 0x00,
        0x00, 0x00, 0x00, 0x00, 0x00, 0x00, 0x00, 0x00, 0x00, 0x00, 0x00, 0x00, 0x00, 0x00, 0x00, 0x00,
        0x00, 0x00, 0x00, 0x00, 0x00, 0x00, 0x00, 0x00, 0x00, 0x00, 0x00, 0x00, 0x00, 0x00, 0x00, 0x00,
        0x00, 0x00, 0x00, 0x00, 0x00, 0x00, 0x00, 0x00, 0x00, 0x00, 0x00, 0x00, 0x00, 0x00, 0x00, 0x00,
        0x00, 0x00, 0x00, 0x00, 0x00, 0x00, 0x00, 0x00, 0x00, 0x00, 0x00, 0x00, 0x00, 0x00, 0x00, 0x00,
        0x00, 0x00, 0x00, 0x00, 0x00, 0x00, 0x00, 0x00, 0x00, 0x00, 0x00, 0x00, 0x00, 0x00, 0x00, 0x00,
        0x00, 0x00, 0x00, 0x00, 0x00, 0x00, 0x00, 0x00, 0x00, 0x00, 0x00, 0x00, 0x00, 0x00, 0x00, 0x00,
        0x00, 0x00, 0x00, 0x07, 0xe0, 0x00, 0x00, 0x00, 0x00, 0x00, 0x00, 0x07, 0xe0, 0x00, 0x00, 0x00,
        0x00, 0x00, 0x00, 0x7f, 0xf0, 0x00, 0x00, 0x00, 0x00, 0x00, 0x00, 0x0f, 0xfe, 0x00, 0x00, 0x00,
        0x00, 0x00, 0x00, 0xff, 0xf0, 0x00, 0x00, 0x00, 0x00, 0x00, 0x00, 0x0f, 0xff, 0x00, 0x00, 0x00,
        0x00, 0x00, 0x01, 0xff, 0xc0, 0x00, 0x00, 0x00, 0x00, 0x00, 0x00, 0x03, 0xff, 0x90, 0x00, 0x00,
        0x00, 0x00, 0x01, 0xf8, 0x00, 0x00, 0x00, 0x00, 0x00, 0x00, 0x00, 0x00, 0x1f, 0x80, 0x00, 0x10,
        0x00, 0x00, 0x00, 0x00, 0x00, 0x00, 0x00, 0x00, 0x00, 0x00, 0x00, 0x00, 0x00, 0x00, 0x00, 0x80,
        0x00, 0x00, 0x00, 0x00, 0x00, 0x00, 0x00, 0x00, 0x00, 0x00, 0x00, 0x00, 0x00, 0x00, 0x00, 0x00,
        0x00, 0x10, 0x00, 0x00, 0x00, 0x00, 0x00, 0x00, 0x00, 0x00, 0x00, 0x00, 0x00, 0x00, 0x08, 0x00,
        0x00, 0x0c, 0x00, 0x40, 0x00, 0x00, 0x00, 0x00, 0x00, 0x00, 0x00, 0x00, 0x00, 0x00, 0x10, 0x00,
        0x00, 0x06, 0x00, 0x20, 0x00, 0x00, 0x00, 0x00, 0x00, 0x00, 0x00, 0x00, 0x00, 0x00, 0x60, 0x00,
        0xc0, 0x02, 0x00, 0x00, 0x00, 0x00, 0x00, 0x00, 0x00, 0x00, 0x00, 0x00, 0x00, 0x00, 0x40, 0x03,
        0x70, 0x01, 0x00, 0x00, 0x00, 0x00, 0x00, 0x00, 0x00, 0x00, 0x00, 0x00, 0x00, 0x00, 0x80, 0x0e,
        0x18, 0x00, 0x80, 0x00, 0x00, 0x00, 0x00, 0x00, 0x00, 0x00, 0x00, 0x00, 0x08, 0x00, 0x00, 0x18,
        0x0c, 0x00, 0x80, 0x00, 0x00, 0x00, 0x00, 0x00, 0x00, 0x00, 0x00, 0x00, 0x00, 0x01, 0x00, 0x30,
        0x0c, 0x00, 0x80, 0x00, 0x00, 0x00, 0x00, 0x00, 0x00, 0x00, 0x00, 0x00, 0x00, 0x01, 0x00, 0x30,
        0x06, 0x00, 0x80, 0x00, 0x00, 0x00, 0x00, 0x00, 0x00, 0x00, 0x00, 0x00, 0x00, 0x01, 0x00, 0x20,
        0x06, 0x00, 0x00, 0x00, 0x00, 0x00, 0x00, 0x00, 0x00, 0x00, 0x00, 0x00, 0x00, 0x01, 0x00, 0x20,
        0x0c, 0x00, 0x80, 0x00, 0x00, 0x00, 0x00, 0x00, 0x00, 0x00, 0x00, 0x00, 0x00, 0x01, 0x00, 0x30,
        0x0c, 0x00, 0x80, 0x00, 0x00, 0x00, 0x00, 0x00, 0x00, 0x00, 0x00, 0x00, 0x00, 0x00, 0x00, 0x10,
        0x18, 0x3c, 0x00, 0x00, 0x01, 0xf0, 0x00, 0x00, 0x00, 0x00, 0x08, 0x00, 0x00, 0x00, 0xfc, 0x0c,
        0x60, 0x01, 0x00, 0x00, 0x00, 0x00, 0x00, 0x00, 0x00, 0x00, 0x00, 0x00, 0x00, 0x00, 0x80, 0x07,
        0x80, 0x02, 0x00, 0x00, 0x00, 0x00, 0x00, 0x00, 0x00, 0x00, 0x00, 0x00, 0x04, 0x00, 0x40, 0x01,
        0x00, 0x04, 0x00, 0x00, 0x00, 0x00, 0x00, 0x00, 0x00, 0x00, 0x00, 0x00, 0x00, 0x00, 0x20, 0x00,
        0x00, 0x08, 0x00, 0x00, 0x00, 0x00, 0x00, 0x00, 0x00, 0x00, 0x00, 0x00, 0x00, 0x00, 0x10, 0x00,
        0x00, 0x10, 0x00, 0x00, 0x00, 0x00, 0x00, 0x00, 0x00, 0x00, 0x00, 0x00, 0x01, 0x00, 0x00, 0x00,
        0x00, 0x40, 0x00, 0x00, 0x00, 0x00, 0x00, 0x00, 0x00, 0x00, 0x00, 0x00, 0x00, 0x80, 0x02, 0x00,
        0x00, 0x00, 0x02, 0x00, 0x00, 0x00, 0x00, 0x00, 0x00, 0x00, 0x00, 0x00, 0x00, 0x00, 0x00, 0x80,
        0x00, 0x00, 0x00, 0x00, 0x00, 0x00, 0x00, 0x00, 0x00, 0x00, 0x00, 0x00, 0x00, 0x00, 0x00, 0x08,
        0x00, 0x00, 0x00, 0x00, 0x00, 0x00, 0x00, 0x00, 0x00, 0x00, 0x00, 0x00, 0x00, 0x00, 0x00, 0x00,
        0x00, 0x00, 0x00, 0x00, 0x00, 0x00, 0x00, 0x00, 0x00, 0x00, 0x00, 0x00, 0x00, 0x00, 0x00, 0x00,
        0x00, 0x00, 0x00, 0x00, 0x00, 0x00, 0x00, 0x00, 0x00, 0x00, 0x00, 0x00, 0x00, 0x00, 0x00, 0x00,
        0x00, 0x00, 0x00, 0x00, 0x00, 0x00, 0x00, 0x00, 0x00, 0x00, 0x00, 0x00, 0x00, 0x00, 0x00, 0x00,
        0x00, 0x00, 0x00, 0x00, 0x00, 0x00, 0x00, 0x00, 0x00, 0x00, 0x00, 0x00, 0x00, 0x00, 0x00, 0x00,
        0x00, 0x00, 0x00, 0x00, 0x00, 0x00, 0x00, 0xff, 0xfe, 0x00, 0x00, 0x00, 0x00, 0x00, 0x00, 0x00,
        0x00, 0x00, 0x00, 0x00, 0x00, 0x00, 0x00, 0x3f, 0xf8, 0x00, 0x00, 0x00, 0x00, 0x00, 0x00, 0x00,
        0x00, 0x00, 0x00, 0x00, 0x00, 0x00, 0x00, 0x00, 0x00, 0x00, 0x00, 0x00, 0x00, 0x00, 0x00, 0x00,
        0x00, 0x00, 0x00, 0x00, 0x00, 0x00, 0x00, 0x00, 0x00, 0x00, 0x00, 0x00, 0x00, 0x00, 0x00, 0x00,
        0x00, 0x00, 0x00, 0x00, 0x00, 0x00, 0x00, 0x00, 0x00, 0x00, 0x00, 0x00, 0x00, 0x00, 0x00, 0x00,
        0x00, 0x00, 0x00, 0x00, 0x00, 0x00, 0x00, 0x00, 0x00, 0x00, 0x00, 0x00, 0x00, 0x00, 0x00, 0x00,
        0x00, 0x00, 0x00, 0x00, 0x00, 0x00, 0x00, 0x00, 0x00, 0x00, 0x00, 0x00, 0x00, 0x00, 0x00, 0x00,
    },
    // frame 21
    {
        0x00, 0x00, 0x00, 0x00, 0x00, 0x00, 0x00, 0x00, 0x00, 0x00, 0x00, 0x00, 0x00, 0x00, 0x00, 0x00,
        0x00, 0x00, 0x00, 0x00, 0x00, 0x00, 0x00, 0x00, 0x00, 0x00, 0x00, 0x00, 0x00, 0x00, 0x00, 0x00,
        0x00, 0x00, 0x00, 0x00, 0x00, 0x00, 0x00, 0x00, 0x00, 0x00, 0x00, 0x00, 0x00, 0x00, 0x00, 0x00,
        0x00, 0x00, 0x00, 0x00, 0x00, 0x00, 0x00, 0x00, 0x00, 0x00, 0x00, 0x00, 0x00, 0x00, 0x00, 0x00,
        0x00, 0x00, 0x00, 0x00, 0x00, 0x00, 0x00, 0x00, 0x00, 0x00, 0x00, 0x00, 0x00, 0x00, 0x00, 0x00,
        0x00, 0x00, 0x00, 0x00, 0x00, 0x00, 0x00, 0x00, 0x00, 0x00, 0x00, 0x00, 0x00, 0x00, 0x00, 0x00,
        0x00, 0x00, 0x00, 0x01, 0xc0, 0x00, 0x00, 0x00, 0x00, 0x00, 0x00, 0x03, 0x80, 0x00, 0x00, 0x00,
        0x00, 0x00, 0x00, 0x3f, 0xf0, 0x00, 0x00, 0x00, 0x00, 0x00, 0x00, 0x0f, 0xfc, 0x00, 0x00, 0x00,
        0x00, 0x00, 0x00, 0xff, 0xf0, 0x00, 0x00, 0x00, 0x00, 0x00, 0x00, 0x0f, 0xff, 0x00, 0x00, 0x00,
        0x00, 0x00, 0x01, 0xff, 0xe0, 0x00, 0x00, 0x00, 0x00, 0x00, 0x00, 0x07, 0xff, 0x80, 0x00, 0x00,
        0x00, 0x00, 0x01, 0xfe, 0x00, 0x00, 0x00, 0x00, 0x00, 0x00, 0x00, 0x00, 0x7f, 0x80, 0x00, 0x00,
        0x00, 0x00, 0x00, 0x00, 0x00, 0x00, 0x00, 0x00, 0x00, 0x00, 0x00, 0x00, 0x00, 0x00, 0x00, 0x00,
        0x00, 0x00, 0x00, 0x00, 0x00, 0x00, 0x00, 0x00, 0x00, 0x00, 0x00, 0x00, 0x00, 0x00, 0x00, 0x00,
        0x00, 0x00, 0x00, 0x00, 0x00, 0x00, 0x00, 0x00, 0x00, 0x00, 0x00, 0x00, 0x00, 0x00, 0x00, 0x00,
        0x00, 0x00, 0x00, 0x00, 0x00, 0x00, 0x00, 0x00, 0x00, 0x00, 0x00, 0x00, 0x00, 0x00, 0x00, 0x00,
        0x00, 0x04, 0x00, 0x00, 0x00, 0x00, 0x00, 0x00, 0x00, 0x00, 0x00, 0x00, 0x00, 0x00, 0x20, 0x00,
        0x00, 0x00, 0x00, 0x00, 0x00, 0x00, 0x00, 0x00, 0x00, 0x00, 0x00, 0x00, 0x00, 0x00, 0x40, 0x00,
        0xe0, 0x00, 0x00, 0x00, 0x00, 0x00, 0x00, 0x00, 0x00, 0x00, 0x00, 0x00, 0x00, 0x00, 0x80, 0x03,
        0x38, 0x00, 0x00, 0x00, 0x00, 0x00, 0x00, 0x00, 0x00, 0x00, 0x00, 0x00, 0x00, 0x01, 0x00, 0x0c,
        0x0c, 0x00, 0x40, 0x00, 0x00, 0x00, 0x00, 0x00, 0x00, 0x00, 0x00, 0x00, 0x00, 0x02, 0x00, 0x30,
        0x06, 0x00, 0x00, 0x00, 0x00, 0x00, 0x00, 0x00, 0x00, 0x00, 0x00, 0x00, 0x00, 0x02, 0x00, 0x60,
        0x03, 0x00, 0x20, 0x00, 0x00, 0x00, 0x00, 0x00, 0x00, 0x00, 0x00, 0x00, 0x00, 0x00, 0x00, 0x40,
        0x03, 0x00, 0x20, 0x00, 0x00, 0x00, 0x00, 0x00, 0x00, 0x00, 0x00, 0x00, 0x00, 0x04, 0x00, 0xc0,
        0x01, 0x00, 0x7c, 0x00, 0x00, 0x00, 0x00, 0x00, 0x00, 0x00, 0x00, 0x3c, 0x00, 0x00, 0x00, 0xc0,
        0x03, 0x0f, 0xfc, 0x00, 0x00, 0x00, 0x00, 0x00, 0x00, 0x00, 0x03, 0xfc, 0x00, 0x00, 0x00, 0xc0,
        0x03, 0x3f, 0xfc, 0x00, 0x00, 0x00, 0x00, 0x00, 0x00, 0x00, 0x0f, 0xfe, 0x00, 0x00, 0x00, 0xc0,
        0x02, 0x7f, 0xfe, 0x00, 0x00, 0x00, 0x00, 0x00, 0x00, 0x00, 0x1f, 0xfe, 0x00, 0x00, 0x00, 0x60,
        0x06, 0x3f, 0xfe, 0x00, 0x00, 0x00, 0x00, 0x00, 0x00, 0x00, 0x0f, 0xff, 0x00, 0x00, 0x00, 0x30,
        0x1c, 0x0f, 0xff, 0x00, 0x00, 0x00, 0x00, 0x00, 0x00, 0x00, 0x03, 0xff, 0x80, 0x00, 0x00, 0x18,
        0x70, 0x00, 0xff, 0x80, 0x00, 0x00, 0x00, 0x00, 0x00, 0x00, 0x00, 0x1f, 0xc0, 0x00, 0x00, 0x0e,
        0xc0, 0x01, 0x00, 0x00, 0x00, 0x00, 0x00, 0x00, 0x00, 0x00, 0x00, 0x00, 0x00, 0x00, 0x80, 0x03,
        0x00, 0x02, 0x00, 0x00, 0x00, 0x00, 0x00, 0x00, 0x00, 0x00, 0x00, 0x00, 0x00, 0x00, 0x40, 0x00,
        0x00, 0x04, 0x00, 0x00, 0x00, 0x00, 0x00, 0x00, 0x00, 0x00, 0x00, 0x00, 0x00, 0x00, 0x00, 0x00,
        0x00, 0x10, 0x00, 0x00, 0x00, 0x00, 0x00, 0x00, 0x00, 0x00, 0x00, 0x00, 0x00, 0x00, 0x08, 0x00,
        0x00, 0x00, 0x00, 0x00, 0x00, 0x00, 0x00, 0x00, 0x00, 0x00, 0x00, 0x00, 0x00, 0x00, 0x00, 0x00,
        0x00, 0x00, 0x00, 0x00, 0x00, 0x00, 0x00, 0x00, 0x00, 0x00, 0x00, 0x00, 0x00, 0x00, 0x00, 0x80,
        0x00, 0x00, 0x00, 0x00, 0x00, 0x00, 0x00, 0x00, 0x00, 0x00, 0x00, 0x00, 0x00, 0x00, 0x00, 0x00,
        0x00, 0x00, 0x00, 0x00, 0x00, 0x00, 0x00, 0x00, 0x00, 0x00, 0x00, 0x00, 0x00, 0x00, 0x00, 0x00,
        0x00, 0x00, 0x00, 0x00, 0x00, 0x00, 0x00, 0x00, 0x00, 0x00, 0x00, 0x00, 0x00, 0x00, 0x00, 0x00,
        0x00, 0x00, 0x00, 0x00, 0x00, 0x00, 0x00, 0x00, 0x00, 0x00, 0x00, 0x00, 0x00, 0x00, 0x00, 0x00,
        0x00, 0x00, 0x00, 0x00, 0x00, 0x00, 0x01, 0xf0, 0x0f, 0x80, 0x00, 0x00, 0x00, 0x00, 0x00, 0x00,
        0x00, 0x00, 0x00, 0x00, 0x00, 0x00, 0x00, 0x7f, 0xfe, 0x00, 0x00, 0x00, 0x00, 0x00, 0x00, 0x00,
        0x00, 0x00, 0x00, 0x00, 0x00, 0x00, 0x00, 0x00, 0x00, 0x00, 0x00, 0x00, 0x00, 0x00, 0x00, 0x00,
        0x00, 0x00, 0x00, 0x00, 0x00, 0x00, 0x00, 0x00, 0x00, 0x00, 0x00, 0x00, 0x00, 0x00, 0x00, 0x00,
        0x00, 0x00, 0x00, 0x00, 0x00, 0x00, 0x00, 0x00, 0x00, 0x00, 0x00, 0x00, 0x00, 0x00, 0x00, 0x00,
        0x00, 0x00, 0x00, 0x00, 0x00, 0x00, 0x00, 0x00, 0x00, 0x00, 0x00, 0x00, 0x00, 0x00, 0x00, 0x00,
        0x00, 0x00, 0x00, 0x00, 0x00, 0x00, 0x00, 0x00, 0x00, 0x00, 0x00, 0x00, 0x00, 0x00, 0x00, 0x00,
        0x00, 0x00, 0x00, 0x00, 0x00, 0x00, 0x00, 0x00, 0x00, 0x00, 0x00, 0x00, 0x00, 0x00, 0x00, 0x00,
    },
    // frame 22
    {
        0x00, 0x00, 0x00, 0x00, 0x00, 0x00, 0x00, 0x00, 0x00, 0x00, 0x00, 0x00, 0x00, 0x00, 0x00, 0x00,
        0x00, 0x00, 0x00, 0x00, 0x00, 0x00, 0x00, 0x00, 0x00, 0x00, 0x00, 0x00, 0x00, 0x00, 0x00, 0x00,
        0x00, 0x00, 0x00, 0x00, 0x00, 0x00, 0x00, 0x00, 0x00, 0x00, 0x00, 0x00, 0x00, 0x00, 0x00, 0x00,
        0x00, 0x00, 0x00, 0x0f, 0xe0, 0x00, 0x00, 0x00, 0x00, 0x00, 0x00, 0x07, 0xf0, 0x00, 0x00, 0x00,
        0x00, 0x00, 0x00, 0x7f, 0xf0, 0x00, 0x00, 0x00, 0x00, 0x00, 0x00, 0x0f, 0xfe, 0x00, 0x00, 0x00,
        0x00, 0x00, 0x01, 0xff, 0xf0, 0x00, 0x00, 0x00, 0x00, 0x00, 0x00, 0x0f, 0xff, 0x80, 0x00, 0x00,
        0x00, 0x00, 0x01, 0xff, 0xc0, 0x00, 0x00, 0x00, 0x00, 0x00, 0x00, 0x03, 0xff, 0x80, 0x00, 0x00,
        0x00, 0x00, 0x00, 0xf0, 0x00, 0x00, 0x00, 0x00, 0x00, 0x00, 0x00, 0x00, 0x0f, 0x00, 0x00, 0x00,
        0x00, 0x00, 0x00, 0x00, 0x00, 0x00, 0x00, 0x00, 0x00, 0x00, 0x00, 0x00, 0x00, 0x00, 0x00, 0x00,
        0x00, 0x00, 0x00, 0x00, 0x00, 0x00, 0x00, 0x00, 0x00, 0x00, 0x00, 0x00, 0x00, 0x00, 0x00, 0x00,
        0x00, 0x00, 0x00, 0x00, 0x00, 0x00, 0x00, 0x00, 0x00, 0x00, 0x00, 0x00, 0x00, 0x00, 0x00, 0x00,
        0x00, 0x00, 0x01, 0xfe, 0x00, 0x00, 0x00, 0x00, 0x00, 0x00, 0x00, 0x00, 0x7f, 0x80, 0x00, 0x00,
        0x00, 0x00, 0x0f, 0xff, 0xe0, 0x00, 0x00, 0x00, 0x00, 0x00, 0x00, 0x07, 0xff, 0xf0, 0x00, 0x00,
        0x00, 0x08, 0x7f, 0xff, 0xe0, 0x00, 0x00, 0x00, 0x00, 0x00, 0x00, 0x1f, 0xff, 0x80, 0x10, 0x00,
        0x00, 0x03, 0xff, 0xfc, 0x00, 0x00, 0x00, 0x00, 0x00, 0x00, 0x00, 0x7f, 0xf8, 0x1f, 0x00, 0x00,
        0x00, 0x03, 0xff, 0xe0, 0x3f, 0x00, 0x00, 0x00, 0x00, 0x00, 0x00, 0xff, 0xe0, 0x7f, 0xc0, 0x00,
        0xe0, 0x07, 0xff, 0xc0, 0xff, 0x80, 0x00, 0x00, 0x00, 0x00, 0x01, 0xff, 0xc0, 0xff, 0xc0, 0x07,
        0x38, 0x0f, 0xff, 0x80, 0xff, 0xc0, 0x00, 0x00, 0x00, 0x00, 0x03, 0xff, 0x80, 0xff, 0xc0, 0x1c,
        0x0e, 0x0f, 0xff, 0x00, 0xff, 0xc0, 0x00, 0x00, 0x00, 0x00, 0x07, 0xff, 0x00, 0x7f, 0xc0, 0x30,
        0x03, 0x1f, 0xfe, 0x00, 0xff, 0x80, 0x00, 0x00, 0x00, 0x00, 0x07, 0xff, 0x00, 0x3f, 0x80, 0xc0,
        0x01, 0xbf, 0xfe, 0x00, 0x3f, 0x00, 0x00, 0x00, 0x00, 0x00, 0x0f, 0xfe, 0x00, 0x00, 0x01, 0x80,
        0x00, 0xff, 0xfe, 0x00, 0x00, 0x00, 0x00, 0x00, 0x00, 0x00, 0x0f, 0xfe, 0x00, 0x00, 0x01, 0x80,
        0x00, 0xff, 0xfe, 0x00, 0x00, 0x00, 0x00, 0x00, 0x00, 0x00, 0x1f, 0xfe, 0x00, 0x00, 0x03, 0x00,
        0x00, 0xff, 0xfe, 0x00, 0x00, 0x00, 0x00, 0x00, 0x00, 0x00, 0x1f, 0xfe, 0x00, 0x00, 0x01, 0x00,
        0x00, 0xff, 0xfe, 0x00, 0x00, 0x00, 0x00, 0x00, 0x00, 0x00, 0x1f, 0xff, 0x00, 0x00, 0x01, 0x00,
        0x00, 0xff, 0xfe, 0x00, 0x00, 0x00, 0x00, 0x00, 0x00, 0x00, 0x1f, 0xff, 0x00, 0x00, 0x01, 0x00,
        0x01, 0xff, 0xff, 0x00, 0x00, 0x00, 0x00, 0x00, 0x00, 0x00, 0x1f, 0xff, 0x80, 0x00, 0x01, 0x80,
        0x01, 0x7f, 0xff, 0x80, 0x00, 0x00, 0x00, 0x00, 0x00, 0x00, 0x1f, 0xff, 0xc0, 0x00, 0x00, 0xc0,
        0x07, 0x3f, 0xff, 0xc0, 0x00, 0x00, 0x00, 0x00, 0x00, 0x00, 0x1f, 0xff, 0xe0, 0x00, 0x04, 0x60,
        0x0c, 0x3f, 0xff, 0xf0, 0x00, 0x00, 0x00, 0x00, 0x00, 0x00, 0x1f, 0xff, 0xf8, 0x00, 0x0c, 0x30,
        0x38, 0x3f, 0xff, 0xfc, 0x00, 0x70, 0x00, 0x00, 0x00, 0x00, 0x0f, 0xff, 0xfe, 0x00, 0x7c, 0x0c,
        0xc0, 0x1f, 0xff, 0xff, 0xff, 0xf0, 0x00, 0x00, 0x00, 0x00, 0x0f, 0xff, 0xff, 0xff, 0xf8, 0x03,
        0x00, 0x1f, 0xff, 0xff, 0xff, 0xe0, 0x00, 0x00, 0x00, 0x00, 0x07, 0xff, 0xff, 0xff, 0xf8, 0x00,
        0x00, 0x0f, 0xff, 0xff, 0xff, 0xe0, 0x00, 0x00, 0x00, 0x00, 0x07, 0xff, 0xff, 0xff, 0xf0, 0x00,
        0x00, 0x0f, 0xff, 0xff, 0xff, 0xc0, 0x00, 0x00, 0x00, 0x00, 0x03, 0xff, 0xff, 0xff, 0xf0, 0x00,
        0x00, 0x03, 0xff, 0xff, 0xff, 0x80, 0x00, 0x00, 0x00, 0x00, 0x01, 0xff, 0xff, 0xff, 0xc0, 0x00,
        0x00, 0x01, 0xff, 0xff, 0xfe, 0x00, 0x00, 0x00, 0x00, 0x00, 0x00, 0x7f, 0xff, 0xff, 0x80, 0x00,
        0x00, 0x00, 0xff, 0xff, 0xfc, 0x00, 0x00, 0x00, 0x00, 0x00, 0x00, 0x3f, 0xff, 0xff, 0x00, 0x00,
        0x00, 0x00, 0x3f, 0xff, 0xf0, 0x00, 0x00, 0x00, 0x00, 0x00, 0x00, 0x0f, 0xff, 0xfc, 0x00, 0x00,
        0x00, 0x00, 0x07, 0xff, 0xc0, 0x00, 0x03, 0x80, 0x03, 0xc0, 0x00, 0x03, 0xff, 0xe0, 0x00, 0x00,
        0x00, 0x00, 0x00, 0x00, 0x00, 0x00, 0x01, 0xff, 0xff, 0x00, 0x00, 0x00, 0x00, 0x00, 0x00, 0x00,
        0x00, 0x00, 0x00, 0x00, 0x00, 0x00, 0x00, 0x1f, 0xf0, 0x00, 0x00, 0x00, 0x00, 0x00, 0x00, 0x00,
        0x00, 0x00, 0x00, 0x00, 0x00, 0x00, 0x00, 0x00, 0x00, 0x00, 0x00, 0x00, 0x00, 0x00, 0x00, 0x00,
        0x00, 0x00, 0x00, 0x00, 0x00, 0x00, 0x00, 0x00, 0x00, 0x00, 0x00, 0x00, 0x00, 0x00, 0x00, 0x00,
        0x00, 0x00, 0x00, 0x00, 0x00, 0x00, 0x00, 0x00, 0x00, 0x00, 0x00, 0x00, 0x00, 0x00, 0x00, 0x00,
        0x00, 0x00, 0x00, 0x00, 0x00, 0x00, 0x00, 0x00, 0x00, 0x00, 0x00, 0x00, 0x00, 0x00, 0x00, 0x00,
        0x00, 0x00, 0x00, 0x00, 0x00, 0x00, 0x00, 0x00, 0x00, 0x00, 0x00, 0x00, 0x00, 0x00, 0x00, 0x00,
        0x00, 0x00, 0x00, 0x00, 0x00, 0x00, 0x00, 0x00, 0x00, 0x00, 0x00, 0x00, 0x00, 0x00, 0x00, 0x00,
    },
    // frame 23
    {
        0x00, 0x00, 0x00, 0x00, 0x00, 0x00, 0x00, 0x00, 0x00, 0x00, 0x00, 0x00, 0x00, 0x00, 0x00, 0x00,
        0x00, 0x00, 0x00, 0x00, 0x00, 0x00, 0x00, 0x00, 0x00, 0x00, 0x00, 0x00, 0x00, 0x00, 0x00, 0x00,
        0x00, 0x00, 0x00, 0x00, 0x00, 0x00, 0x00, 0x00, 0x00, 0x00, 0x00, 0x00, 0x00, 0x00, 0x00, 0x00,
        0x00, 0x00, 0x00, 0x1f, 0xf0, 0x00, 0x00, 0x00, 0x00, 0x00, 0x00, 0x0f, 0xf8, 0x00, 0x00, 0x00,
        0x00, 0x00, 0x00, 0x7f, 0xf0, 0x00, 0x00, 0x00, 0x00, 0x00, 0x00, 0x0f, 0xfe, 0x00, 0x00, 0x00,
        0x00, 0x00, 0x01, 0xff, 0xe0, 0x00, 0x00, 0x00, 0x00, 0x00, 0x00, 0x07, 0xff, 0x80, 0x00, 0x00,
        0x00, 0x00, 0x01, 0xff, 0x80, 0x00, 0x00, 0x00, 0x00, 0x00, 0x00, 0x01, 0xff, 0x80, 0x00, 0x00,
        0x00, 0x00, 0x00, 0x00, 0x00, 0x00, 0x00, 0x00, 0x00, 0x00, 0x00, 0x00, 0x00, 0x00, 0x00, 0x00,
        0x00, 0x00, 0x00, 0x00, 0x00, 0x00, 0x00, 0x00, 0x00, 0x00, 0x00, 0x00, 0x00, 0x00, 0x00, 0x00,
        0x00, 0x00, 0x00, 0x00, 0x00, 0x00, 0x00, 0x00, 0x00, 0x00, 0x00, 0x00, 0x00, 0x00, 0x00, 0x00,
        0x00, 0x00, 0x01, 0xfe, 0x00, 0x00, 0x00, 0x00, 0x00, 0x00, 0x00, 0x00, 0x7f, 0x80, 0x00, 0x00,
        0x00, 0x00, 0x0f, 0xff, 0xc0, 0x00, 0x00, 0x00, 0x00, 0x00, 0x00, 0x03, 0xff, 0xf0, 0x00, 0x00,
        0x00, 0x04, 0x3f, 0xff, 0xf8, 0x00, 0x00, 0x00, 0x00, 0x00, 0x00, 0x1f, 0xff, 0xfc, 0x00, 0x00,
        0x00, 0x01, 0xff, 0xff, 0xfc, 0x00, 0x00, 0x00, 0x00, 0x00, 0x00, 0x3f, 0xff, 0x80, 0x40, 0x00,
        0x00, 0x01, 0xff, 0xfc, 0x00, 0x00, 0x00, 0x00, 0x00, 0x00, 0x00, 0xff, 0xf8, 0x1f, 0x00, 0x00,
        0xe0, 0x03, 0xff, 0xe0, 0x3f, 0x00, 0x00, 0x00, 0x00, 0x00, 0x01, 0xff, 0xe0, 0x7f, 0xc0, 0x07,
        0x1c, 0x07, 0xff, 0xc0, 0xff, 0x80, 0x00, 0x00, 0x00, 0x00, 0x03, 0xff, 0xc0, 0xff, 0xc0, 0x38,
        0x07, 0x0f, 0xff, 0x80, 0xff, 0xc0, 0x00, 0x00, 0x00, 0x00, 0x03, 0xff, 0x80, 0xff, 0xc0, 0x60,
        0x01, 0x9f, 0xff, 0x00, 0xff, 0xc0, 0x00, 0x00, 0x00, 0x00, 0x07, 0xff, 0x00, 0x7f, 0xc1, 0x80,
        0x00, 0xdf, 0xfe, 0x00, 0xff, 0x80, 0x00, 0x00, 0x00, 0x00, 0x0f, 0xff, 0x00, 0x3f, 0x83, 0x00,
        0x00, 0x7f, 0xfe, 0x00, 0x3f, 0x00, 0x00, 0x00, 0x00, 0x00, 0x0f, 0xfe, 0x00, 0x00, 0x02, 0x00,
        0x00, 0x7f, 0xfe, 0x00, 0x00, 0x00, 0x00, 0x00, 0x00, 0x00, 0x1f, 0xfe, 0x00, 0x00, 0x02, 0x00,
        0x00, 0x3f, 0xfe, 0x00, 0x00, 0x00, 0x00, 0x00, 0x00, 0x00, 0x1f, 0xfe, 0x00, 0x00, 0x00, 0x00,
        0x80, 0x7f, 0xfe, 0x00, 0x00, 0x00, 0x00, 0x00, 0x00, 0x00, 0x1f, 0xfe, 0x00, 0x00, 0x00, 0x00,
        0x00, 0x7f, 0xfe, 0x00, 0x00, 0x00, 0x00, 0x00, 0x00, 0x00, 0x1f, 0xff, 0x00, 0x00, 0x00, 0x00,
        0x00, 0x7f, 0xfe, 0x00, 0x00, 0x00, 0x00, 0x00, 0x00, 0x00, 0x1f, 0xff, 0x00, 0x00, 0x00, 0x00,
        0x00, 0x7f, 0xff, 0x00, 0x00, 0x00, 0x00, 0x00, 0x00, 0x00, 0x1f, 0xff, 0x80, 0x00, 0x00, 0x00,
        0x00, 0x7f, 0xff, 0x80, 0x00, 0x00, 0x00, 0x00, 0x00, 0x00, 0x1f, 0xff, 0xc0, 0x00, 0x03, 0x00,
        0x00, 0xff, 0xff, 0xc0, 0x00, 0x00, 0x00, 0x00, 0x00, 0x00, 0x1f, 0xff, 0xe0, 0x00, 0x07, 0x80,
        0x03, 0x3f, 0xff, 0xf0, 0x00, 0x18, 0x00, 0x00, 0x00, 0x00, 0x1f, 0xff, 0xf8, 0x00, 0x1c, 0xc0,
        0x06, 0x3f, 0xff, 0xfc, 0x00, 0x70, 0x00, 0x00, 0x00, 0x00, 0x0f, 0xff, 0xff, 0x00, 0x7c, 0x70,
        0x38, 0x3f, 0xff, 0xff, 0xff, 0xf0, 0x00, 0x00, 0x00, 0x00, 0x0f, 0xff, 0xff, 0xff, 0xfc, 0x1c,
        0xe0, 0x1f, 0xff, 0xff, 0xff, 0xe0, 0x00, 0x00, 0x00, 0x00, 0x07, 0xff, 0xff, 0xff, 0xf8, 0x03,
        0x00, 0x0f, 0xff, 0xff, 0xff, 0xe0, 0x00, 0x00, 0x00, 0x00, 0x07, 0xff, 0xff, 0xff, 0xf0, 0x00,
        0x00, 0x0f, 0xff, 0xff, 0xff, 0xc0, 0x00, 0x00, 0x00, 0x00, 0x03, 0xff, 0xff, 0xff, 0xf0, 0x00,
        0x00, 0x07, 0xff, 0xff, 0xff, 0x80, 0x00, 0x00, 0x00, 0x00, 0x01, 0xff, 0xff, 0xff, 0xf0, 0x00,
        0x00, 0x03, 0xff, 0xff, 0xff, 0x00, 0x00, 0x00, 0x00, 0x00, 0x00, 0xff, 0xff, 0xff, 0xc0, 0x00,
        0x00, 0x01, 0xff, 0xff, 0xfe, 0x00, 0x00, 0x00, 0x00, 0x00, 0x00, 0x7f, 0xff, 0xff, 0x80, 0x00,
        0x00, 0x00, 0x7f, 0xff, 0xfc, 0x00, 0x00, 0x00, 0x00, 0x00, 0x00, 0x3f, 0xff, 0xfe, 0x00, 0x00,
        0x00, 0x00, 0x3f, 0xff, 0xf0, 0x00, 0x03, 0x80, 0x03, 0xc0, 0x00, 0x0f, 0xff, 0xfc, 0x00, 0x00,
        0x00, 0x00, 0x07, 0xff, 0x80, 0x00, 0x01, 0xff, 0xff, 0x00, 0x00, 0x01, 0xff, 0xe0, 0x00, 0x00,
        0x00, 0x00, 0x00, 0x00, 0x00, 0x00, 0x00, 0x1f, 0xf0, 0x00, 0x00, 0x00, 0x00, 0x00, 0x00, 0x00,
        0x00, 0x00, 0x00, 0x00, 0x00, 0x00, 0x00, 0x00, 0x00, 0x00, 0x00, 0x00, 0x00, 0x00, 0x00, 0x00,
        0x00, 0x00, 0x00, 0x00, 0x00, 0x00, 0x00, 0x00, 0x00, 0x00, 0x00, 0x00, 0x00, 0x00, 0x00, 0x00,
        0x00, 0x00, 0x00, 0x00, 0x00, 0x00, 0x00, 0x00, 0x00, 0x00, 0x00, 0x00, 0x00, 0x00, 0x00, 0x00,
        0x00, 0x00, 0x00, 0x00, 0x00, 0x00, 0x00, 0x00, 0x00, 0x00, 0x00, 0x00, 0x00, 0x00, 0x00, 0x00,
        0x00, 0x00, 0x00, 0x00, 0x00, 0x00, 0x00, 0x00, 0x00, 0x00, 0x00, 0x00, 0x00, 0x00, 0x00, 0x00,
        0x00, 0x00, 0x00, 0x00, 0x00, 0x00, 0x00, 0x00, 0x00, 0x00, 0x00, 0x00, 0x00, 0x00, 0x00, 0x00,
    },
    // frame 24
    {
        0x00, 0x00, 0x00, 0x00, 0x00, 0x00, 0x00, 0x00, 0x00, 0x00, 0x00, 0x00, 0x00, 0x00, 0x00, 0x00,
        0x00, 0x00, 0x00, 0x00, 0x00, 0x00, 0x00, 0x00, 0x00, 0x00, 0x00, 0x00, 0x00, 0x00, 0x00, 0x00,
        0x00, 0x00, 0x00, 0x00, 0x00, 0x00, 0x00, 0x00, 0x00, 0x00, 0x00, 0x00, 0x00, 0x00, 0x00, 0x00,
        0x00, 0x00, 0x00, 0x00, 0x00, 0x00, 0x00, 0x00, 0x00, 0x00, 0x00, 0x00, 0x00, 0x00, 0x00, 0x00,
        0x00, 0x00, 0x00, 0x07, 0xe0, 0x00, 0x00, 0x00, 0x00, 0x00, 0x00, 0x07, 0xe0, 0x00, 0x00, 0x00,
        0x00, 0x00, 0x00, 0x7f, 0xf0, 0x00, 0x00, 0x00, 0x00, 0x00, 0x00, 0x0f, 0xfe, 0x00, 0x00, 0x00,
        0x00, 0x00, 0x00, 0xff, 0xf0, 0x00, 0x00, 0x00, 0x00, 0x00, 0x00, 0x0f, 0xff, 0x00, 0x00, 0x00,
        0x00, 0x00, 0x01, 0xff, 0xc0, 0x00, 0x00, 0x00, 0x00, 0x00, 0x00, 0x03, 0xff, 0x80, 0x00, 0x00,
        0x00, 0x00, 0x01, 0xfc, 0x00, 0x00, 0x00, 0x00, 0x00, 0x00, 0x00, 0x00, 0x3f, 0x80, 0x00, 0x00,
        0x00, 0x00, 0x00, 0x00, 0x00, 0x00, 0x00, 0x00, 0x00, 0x00, 0x00, 0x00, 0x00, 0x00, 0x00, 0x00,
        0x00, 0x00, 0x00, 0x00, 0x00, 0x00, 0x00, 0x00, 0x00, 0x00, 0x00, 0x00, 0x00, 0x00, 0x00, 0x00,
        0x00, 0x00, 0x00, 0x00, 0x00, 0x00, 0x00, 0x00, 0x00, 0x00, 0x00, 0x00, 0x00, 0x00, 0x00, 0x00,
        0x00, 0x00, 0x00, 0x00, 0x00, 0x00, 0x00, 0x00, 0x00, 0x00, 0x00, 0x00, 0x00, 0x00, 0x00, 0x00,
        0xc0, 0x00, 0x0f, 0xff, 0x80, 0x00, 0x00, 0x00, 0x00, 0x00, 0x00, 0x03, 0xff, 0x00, 0x00, 0x01,
        0x38, 0x00, 0x3f, 0xfc, 0x00, 0x00, 0x00, 0x00, 0x00, 0x00, 0x00, 0x1f, 0xf8, 0x1e, 0x00, 0x1c,
        0x06, 0x00, 0xff, 0xe0, 0x3e, 0x00, 0x00, 0x00, 0x00, 0x00, 0x00, 0x7f, 0xe0, 0x7f, 0x00, 0x60,
        0x01, 0x83, 0xff, 0xc0, 0xff, 0x00, 0x00, 0x00, 0x00, 0x00, 0x00, 0xff, 0xc0, 0xff, 0xc1, 0x80,
        0x00, 0x67, 0xff, 0x80, 0xff, 0x80, 0x00, 0x00, 0x00, 0x00, 0x01, 0xff, 0x80, 0xff, 0xc3, 0x00,
        0x00, 0x3f, 0xff, 0x00, 0xff, 0xc0, 0x00, 0x00, 0x00, 0x00, 0x03, 0xff, 0x00, 0x7f, 0xcc, 0x00,
        0x00, 0x1f, 0xfe, 0x00, 0xff, 0x80, 0x00, 0x00, 0x00, 0x00, 0x07, 0xff, 0x00, 0x3f, 0x80, 0x00,
        0x80, 0x1f, 0xfe, 0x00, 0x3f, 0x00, 0x00, 0x00, 0x00, 0x00, 0x0f, 0xfe, 0x00, 0x00, 0x00, 0x00,
        0xc0, 0x3f, 0xfe, 0x00, 0x00, 0x00, 0x00, 0x00, 0x00, 0x00, 0x0f, 0xfe, 0x00, 0x00, 0x00, 0x03,
        0xe0, 0x3f, 0xfc, 0x00, 0x00, 0x00, 0x00, 0x00, 0x00, 0x00, 0x1f, 0xfe, 0x00, 0x00, 0x00, 0x07,
        0x60, 0x7f, 0xfe, 0x00, 0x00, 0x00, 0x00, 0x00, 0x00, 0x00, 0x1f, 0xfe, 0x00, 0x00, 0x00, 0x06,
        0x60, 0x7f, 0xfe, 0x00, 0x00, 0x00, 0x00, 0x00, 0x00, 0x00, 0x1f, 0xfe, 0x00, 0x00, 0x00, 0x07,
        0xe0, 0x7f, 0xfe, 0x00, 0x00, 0x00, 0x00, 0x00, 0x00, 0x00, 0x1f, 0xff, 0x00, 0x00, 0x00, 0x03,
        0xc0, 0x7f, 0xff, 0x00, 0x00, 0x00, 0x00, 0x00, 0x00, 0x00, 0x1f, 0xff, 0x80, 0x00, 0x00, 0x03,
        0x00, 0x7f, 0xff, 0x80, 0x00, 0x00, 0x00, 0x00, 0x00, 0x00, 0x1f, 0xff, 0xc0, 0x00, 0x00, 0x00,
        0x00, 0x3f, 0xff, 0xc0, 0x00, 0x00, 0x00, 0x00, 0x00, 0x00, 0x1f, 0xff, 0xe0, 0x00, 0x04, 0x00,
        0x00, 0x3f, 0xff, 0xe0, 0x00, 0x00, 0x00, 0x00, 0x00, 0x00, 0x1f, 0xff, 0xf8, 0x00, 0x0e, 0x00,
        0x00, 0xff, 0xff, 0xfc, 0x00, 0x70, 0x00, 0x00, 0x00, 0x00, 0x0f, 0xff, 0xfe, 0x00, 0x7f, 0x00,
        0x01, 0x9f, 0xff, 0xff, 0xff, 0xe0, 0x00, 0x00, 0x00, 0x00, 0x07, 0xff, 0xff, 0xff, 0xf9, 0xc0,
        0x0e, 0x0f, 0xff, 0xff, 0xff, 0xe0, 0x00, 0x00, 0x00, 0x00, 0x07, 0xff, 0xff, 0xff, 0xf0, 0x70,
        0xf8, 0x07, 0xff, 0xff, 0xff, 0xc0, 0x00, 0x00, 0x00, 0x00, 0x03, 0xff, 0xff, 0xff, 0xe0, 0x0e,
        0x00, 0x03, 0xff, 0xff, 0xff, 0x80, 0x00, 0x00, 0x00, 0x00, 0x01, 0xff, 0xff, 0xff, 0xc0, 0x00,
        0x00, 0x01, 0xff, 0xff, 0xfe, 0x00, 0x00, 0x00, 0x00, 0x00, 0x00, 0x7f, 0xff, 0xff, 0x80, 0x00,
        0x00, 0x00, 0xff, 0xff, 0xfc, 0x00, 0x00, 0x00, 0x00, 0x00, 0x00, 0x3f, 0xff, 0xff, 0x00, 0x00,
        0x00, 0x00, 0x1f, 0xff, 0xf0, 0x00, 0x00, 0x00, 0x00, 0x00, 0x00, 0x0f, 0xff, 0xf8, 0x00, 0x00,
        0x00, 0x00, 0x03, 0xff, 0x00, 0x00, 0x00, 0x00, 0x00, 0x00, 0x00, 0x00, 0xff, 0xc0, 0x00, 0x00,
        0x00, 0x00, 0x00, 0x00, 0x00, 0x00, 0x03, 0x80, 0x03, 0xc0, 0x00, 0x00, 0x00, 0x00, 0x00, 0x00,
        0x00, 0x00, 0x00, 0x00, 0x00, 0x00, 0x01, 0xff, 0xff, 0x00, 0x00, 0x00, 0x00, 0x00, 0x00, 0x00,
        0x00, 0x00, 0x00, 0x00, 0x00, 0x00, 0x00, 0x1f, 0xf0, 0x00, 0x00, 0x00, 0x00, 0x00, 0x00, 0x00,
        0x00, 0x00, 0x00, 0x00, 0x00, 0x00, 0x00, 0x00, 0x00, 0x00, 0x00, 0x00, 0x00, 0x00, 0x00, 0x00,
        0x00, 0x00, 0x00, 0x00, 0x00, 0x00, 0x00, 0x00, 0x00, 0x00, 0x00, 0x00, 0x00, 0x00, 0x00, 0x00,
        0x00, 0x00, 0x00, 0x00, 0x00, 0x00, 0x00, 0x00, 0x00, 0x00, 0x00, 0x00, 0x00, 0x00, 0x00, 0x00,
        0x00, 0x00, 0x00, 0x00, 0x00, 0x00, 0x00, 0x00, 0x00, 0x00, 0x00, 0x00, 0x00, 0x00, 0x00, 0x00,
        0x00, 0x00, 0x00, 0x00, 0x00, 0x00, 0x00, 0x00, 0x00, 0x00, 0x00, 0x00, 0x00, 0x00, 0x00, 0x00,
        0x00, 0x00, 0x00, 0x00, 0x00, 0x00, 0x00, 0x00, 0x00, 0x00, 0x00, 0x00, 0x00, 0x00, 0x00, 0x00,
    },
    // frame 25
    {
        0x00, 0x00, 0x00, 0x00, 0x00, 0x00, 0x00, 0x00, 0x00, 0x00, 0x00, 0x00, 0x00, 0x00, 0x00, 0x00,
        0x00, 0x00, 0x00, 0x00, 0x00, 0x00, 0x00, 0x00, 0x00, 0x00, 0x00, 0x00, 0x00, 0x00, 0x00, 0x00,
        0x00, 0x00, 0x00, 0x00, 0x00, 0x00, 0x00, 0x00, 0x00, 0x00, 0x00, 0x00, 0x00, 0x00, 0x00, 0x00,
        0x00, 0x00, 0x00, 0x00, 0x00, 0x00, 0x00, 0x00, 0x00, 0x00, 0x00, 0x00, 0x00, 0x00, 0x00, 0x00,
        0x00, 0x00, 0x00, 0x00, 0x00, 0x00, 0x00, 0x00, 0x00, 0x00, 0x00, 0x00, 0x00, 0x00, 0x00, 0x00,
        0x00, 0x00, 0x00, 0x00, 0x00, 0x00, 0x00, 0x00, 0x00, 0x00, 0x00, 0x00, 0x00, 0x00, 0x00, 0x00,
        0x00, 0x00, 0x00, 0x00, 0x00, 0x00, 0x00, 0x00, 0x00, 0x00, 0x00, 0x00, 0x00, 0x00, 0x00, 0x00,
        0x00, 0x00, 0x00, 0x1f, 0xf0, 0x00, 0x00, 0x00, 0x00, 0x00, 0x00, 0x0f, 0xf8, 0x00, 0x00, 0x00,
        0x00, 0x00, 0x00, 0xff, 0xf0, 0x00, 0x00, 0x00, 0x00, 0x00, 0x00, 0x0f, 0xff, 0x00, 0x00, 0x00,
        0x00, 0x00, 0x01, 0xff, 0xe0, 0x00, 0x00, 0x00, 0x00, 0x00, 0x00, 0x07, 0xff, 0x80, 0x00, 0x00,
        0x00, 0x00, 0x01, 0xff, 0x00, 0x00, 0x00, 0x00, 0x00, 0x00, 0x00, 0x00, 0xff, 0x80, 0x00, 0x00,
        0x00, 0x00, 0x00, 0x00, 0x00, 0x00, 0x00, 0x00, 0x00, 0x00, 0x00, 0x00, 0x00, 0x00, 0x00, 0x00,
        0xc0, 0x00, 0x00, 0x00, 0x00, 0x00, 0x00, 0x00, 0x00, 0x00, 0x00, 0x00, 0x00, 0x00, 0x00, 0x01,
        0x18, 0x00, 0x00, 0x10, 0x00, 0x00, 0x00, 0x00, 0x00, 0x00, 0x00, 0x00, 0x0c, 0x10, 0x00, 0x18,
        0x03, 0x00, 0x0f, 0xfe, 0x00, 0x00, 0x00, 0x00, 0x00, 0x00, 0x00, 0x03, 0xfc, 0x00, 0x00, 0x60,
        0x00, 0xc0, 0x7f, 0xe0, 0x00, 0x00, 0x00, 0x00, 0x00, 0x00, 0x00, 0x1f, 0xc0, 0xe0, 0x03, 0x00,
        0x00, 0x21, 0xff, 0xc0, 0x3e, 0x00, 0x00, 0x00, 0x00, 0x00, 0x00, 0x7f, 0x83, 0xf8, 0x06, 0x00,
        0x00, 0x13, 0xff, 0x00, 0xff, 0x00, 0x00, 0x00, 0x00, 0x00, 0x00, 0xfe, 0x07, 0xfc, 0x08, 0x00,
        0x00, 0x0f, 0xfe, 0x00, 0xff, 0x80, 0x00, 0x00, 0x00, 0x00, 0x03, 0xfc, 0x07, 0xfc, 0x10, 0x00,
        0x80, 0x0f, 0xfc, 0x00, 0xff, 0x80, 0x00, 0x00, 0x00, 0x00, 0x07, 0xfc, 0x03, 0xfc, 0x00, 0x01,
        0xe0, 0x1f, 0xfc, 0x00, 0xff, 0x00, 0x00, 0x00, 0x00, 0x00, 0x07, 0xf8, 0x01, 0xf0, 0x00, 0x07,
        0x70, 0x3f, 0xf8, 0x00, 0x1c, 0x00, 0x00, 0x00, 0x00, 0x00, 0x0f, 0xf8, 0x00, 0x00, 0x00, 0x0e,
        0x30, 0x3f, 0xf8, 0x00, 0x00, 0x00, 0x00, 0x00, 0x00, 0x00, 0x1f, 0xf8, 0x00, 0x00, 0x00, 0x0c,
        0x18, 0x3f, 0xf8, 0x00, 0x00, 0x00, 0x00, 0x00, 0x00, 0x00, 0x1f, 0xf8, 0x00, 0x00, 0x00, 0x1c,
        0x18, 0x7f, 0xf8, 0x00, 0x00, 0x00, 0x00, 0x00, 0x00, 0x00, 0x1f, 0xf8, 0x00, 0x00, 0x00, 0x0c,
        0x30, 0x7f, 0xf8, 0x00, 0x00, 0x00, 0x00, 0x00, 0x00, 0x00, 0x1f, 0xf8, 0x00, 0x00, 0x00, 0x0c,
        0x70, 0x7f, 0xfc, 0x00, 0x00, 0x00, 0x00, 0x00, 0x00, 0x00, 0x1f, 0xfc, 0x00, 0x00, 0x02, 0x0e,
        0xe0, 0x7f, 0xfe, 0x00, 0x00, 0x00, 0x00, 0x00, 0x00, 0x00, 0x1f, 0xfc, 0x00, 0x00, 0x06, 0x03,
        0x80, 0x3f, 0xff, 0x00, 0x00, 0x00, 0x00, 0x00, 0x00, 0x00, 0x1f, 0xfe, 0x00, 0x00, 0x0c, 0x01,
        0x00, 0x3f, 0xff, 0x80, 0x00, 0x00, 0x00, 0x00, 0x00, 0x00, 0x0f, 0xff, 0x80, 0x00, 0x1c, 0x00,
        0x00, 0x3f, 0xff, 0xc0, 0x00, 0x30, 0x00, 0x00, 0x00, 0x00, 0x0f, 0xff, 0xc0, 0x00, 0x7c, 0x00,
        0x00, 0x7f, 0xff, 0xf8, 0x00, 0xe0, 0x00, 0x00, 0x00, 0x00, 0x07, 0xff, 0xf8, 0x03, 0xfe, 0x00,
        0x01, 0x8f, 0xff, 0xff, 0xff, 0xc0, 0x00, 0x00, 0x00, 0x00, 0x03, 0xff, 0xff, 0xff, 0xf1, 0x80,
        0x06, 0x07, 0xff, 0xff, 0xff, 0x80, 0x00, 0x00, 0x00, 0x00, 0x01, 0xff, 0xff, 0xff, 0xe0, 0x60,
        0x70, 0x03, 0xff, 0xff, 0xff, 0x00, 0x00, 0x00, 0x00, 0x00, 0x00, 0xff, 0xff, 0xff, 0xc0, 0x0e,
        0x80, 0x00, 0xff, 0xff, 0xfc, 0x00, 0x00, 0x00, 0x00, 0x00, 0x00, 0x3f, 0xff, 0xff, 0x00, 0x01,
        0x00, 0x00, 0x7f, 0xff, 0xf0, 0x00, 0x00, 0x00, 0x00, 0x00, 0x00, 0x0f, 0xff, 0xfc, 0x00, 0x00,
        0x00, 0x00, 0x03, 0xff, 0x80, 0x00, 0x00, 0x00, 0x00, 0x00, 0x00, 0x01, 0xff, 0xc0, 0x00, 0x00,
        0x00, 0x00, 0x00, 0x00, 0x00, 0x00, 0x00, 0x00, 0x00, 0x00, 0x00, 0x00, 0x00, 0x00, 0x00, 0x00,
        0x00, 0x00, 0x00, 0x00, 0x00, 0x00, 0x03, 0x80, 0x03, 0xc0, 0x00, 0x00, 0x00, 0x00, 0x00, 0x00,
        0x00, 0x00, 0x00, 0x00, 0x00, 0x00, 0x01, 0xff, 0xff, 0x00, 0x00, 0x00, 0x00, 0x00, 0x00, 0x00,
        0x00, 0x00, 0x00, 0x00, 0x00, 0x00, 0x00, 0x1f, 0xf0, 0x00, 0x00, 0x00, 0x00, 0x00, 0x00, 0x00,
        0x00, 0x00, 0x00, 0x00, 0x00, 0x00, 0x00, 0x00, 0x00, 0x00, 0x00, 0x00, 0x00, 0x00, 0x00, 0x00,
        0x00, 0x00, 0x00, 0x00, 0x00, 0x00, 0x00, 0x00, 0x00, 0x00, 0x00, 0x00, 0x00, 0x00, 0x00, 0x00,
        0x00, 0x00, 0x00, 0x00, 0x00, 0x00, 0x00, 0x00, 0x00, 0x00, 0x00, 0x00, 0x00, 0x00, 0x00, 0x00,
        0x00, 0x00, 0x00, 0x00, 0x00, 0x00, 0x00, 0x00, 0x00, 0x00, 0x00, 0x00, 0x00, 0x00, 0x00, 0x00,
        0x00, 0x00, 0x00, 0x00, 0x00, 0x00, 0x00, 0x00, 0x00, 0x00, 0x00, 0x00, 0x00, 0x00, 0x00, 0x00,
        0x00, 0x00, 0x00, 0x00, 0x00, 0x00, 0x00, 0x00, 0x00, 0x00, 0x00, 0x00, 0x00, 0x00, 0x00, 0x00,
    },
    // frame 26
    {
        0x00, 0x00, 0x00, 0x00, 0x00, 0x00, 0x00, 0x00, 0x00, 0x00, 0x00, 0x00, 0x00, 0x00, 0x00, 0x00,
        0x00, 0x00, 0x00, 0x00, 0x00, 0x00, 0x00, 0x00, 0x00, 0x00, 0x00, 0x00, 0x00, 0x00, 0x00, 0x00,
        0x00, 0x00, 0x00, 0x00, 0x00, 0x00, 0x00, 0x00, 0x00, 0x00, 0x00, 0x00, 0x00, 0x00, 0x00, 0x00,
        0x00, 0x00, 0x00, 0x00, 0x00, 0x00, 0x00, 0x00, 0x00, 0x00, 0x00, 0x00, 0x00, 0x00, 0x00, 0x00,
        0x00, 0x00, 0x00, 0x00, 0x00, 0x00, 0x00, 0x00, 0x00, 0x00, 0x00, 0x00, 0x00, 0x00, 0x00, 0x00,
        0x00, 0x00, 0x00, 0x00, 0x00, 0x00, 0x00, 0x00, 0x00, 0x00, 0x00, 0x00, 0x00, 0x00, 0x00, 0x00,
        0x00, 0x00, 0x00, 0x1f, 0xf0, 0x00, 0x00, 0x00, 0x00, 0x00, 0x00, 0x0f, 0xf8, 0x00, 0x00, 0x00,
        0x00, 0x00, 0x00, 0xff, 0xf0, 0x00, 0x00, 0x00, 0x00, 0x00, 0x00, 0x0f, 0xff, 0x00, 0x00, 0x00,
        0x00, 0x00, 0x01, 0xff, 0xe0, 0x00, 0x00, 0x00, 0x00, 0x00, 0x00, 0x07, 0xff, 0x80, 0x00, 0x00,
        0x00, 0x00, 0x01, 0xff, 0x00, 0x00, 0x00, 0x00, 0x00, 0x00, 0x00, 0x00, 0xff, 0x80, 0x00, 0x00,
        0x00, 0x00, 0x00, 0x00, 0x00, 0x00, 0x00, 0x00, 0x00, 0x00, 0x00, 0x00, 0x00, 0x00, 0x00, 0x00,
        0x80, 0x00, 0x00, 0x00, 0x00, 0x00, 0x00, 0x00, 0x00, 0x00, 0x00, 0x00, 0x00, 0x00, 0x00, 0x01,
        0x1c, 0x00, 0x04, 0x00, 0x00, 0x00, 0x00, 0x00, 0x00, 0x00, 0x00, 0x00, 0x00, 0x00, 0x00, 0x38,
        0x02, 0x00, 0x00, 0x00, 0x00, 0x00, 0x00, 0x00, 0x00, 0x00, 0x00, 0x00, 0x00, 0x00, 0x00, 0xc0,
        0x00, 0x60, 0x07, 0xff, 0x80, 0x00, 0x00, 0x00, 0x00, 0x00, 0x00, 0x01, 0xff, 0xe0, 0x03, 0x00,
        0x00, 0x30, 0x3f, 0xff, 0xf8, 0x00, 0x00, 0x00, 0x00, 0x00, 0x00, 0x1f, 0xff, 0xfc, 0x0c, 0x00,
        0x00, 0x08, 0xff, 0xf0, 0x3e, 0x00, 0x00, 0x00, 0x00, 0x00, 0x00, 0x7f, 0x01, 0xff, 0x10, 0x00,
        0x00, 0x07, 0xff, 0x00, 0x03, 0x00, 0x00, 0x00, 0x00, 0x00, 0x00, 0xf8, 0x00, 0x1f, 0xe0, 0x00,
        0xc0, 0x07, 0xfc, 0x00, 0x00, 0x80, 0x00, 0x00, 0x00, 0x00, 0x01, 0xe0, 0x00, 0x07, 0xe0, 0x03,
        0x70, 0x0f, 0xf8, 0x00, 0xf8, 0x60, 0x00, 0x00, 0x00, 0x00, 0x03, 0x83, 0xe0, 0x03, 0xf0, 0x06,
        0x38, 0x1f, 0xf0, 0x01, 0xfc, 0x20, 0x00, 0x00, 0x00, 0x00, 0x07, 0x07, 0xf0, 0x01, 0xf8, 0x1c,
        0x1c, 0x3f, 0xe0, 0x01, 0xfc, 0x10, 0x00, 0x00, 0x00, 0x00, 0x0f, 0x07, 0xe0, 0x00, 0xfc, 0x18,
        0x0c, 0x3f, 0xc0, 0x00, 0xf8, 0x08, 0x00, 0x00, 0x00, 0x00, 0x1e, 0x03, 0xc0, 0x00, 0xfc, 0x30,
        0x0e, 0x3f, 0xc0, 0x00, 0x00, 0x08, 0x00, 0x00, 0x00, 0x00, 0x1e, 0x00, 0x00, 0x00, 0x7c, 0x30,
        0x0c, 0x7f, 0xc0, 0x00, 0x00, 0x08, 0x00, 0x00, 0x00, 0x00, 0x1c, 0x00, 0x00, 0x00, 0x7e, 0x30,
        0x0c, 0x7f, 0xc0, 0x00, 0x00, 0x08, 0x00, 0x00, 0x00, 0x00, 0x1c, 0x00, 0x00, 0x00, 0x7e, 0x30,
        0x1c, 0x7f, 0xc0, 0x00, 0x00, 0x08, 0x00, 0x00, 0x00, 0x00, 0x1e, 0x00, 0x00, 0x00, 0x7e, 0x18,
        0x38, 0x7f, 0xc0, 0x00, 0x00, 0x08, 0x00, 0x00, 0x00, 0x00, 0x1e, 0x00, 0x00, 0x00, 0xfe, 0x0c,
        0xe0, 0x3f, 0xe0, 0x00, 0x00, 0x18, 0x00, 0x00, 0x00, 0x00, 0x1e, 0x00, 0x00, 0x00, 0xfc, 0x07,
        0x80, 0x3f, 0xe0, 0x00, 0x00, 0x10, 0x00, 0x00, 0x00, 0x00, 0x0f, 0x00, 0x00, 0x01, 0xfc, 0x01,
        0x00, 0x1f, 0xf0, 0x00, 0x00, 0x30, 0x00, 0x00, 0x00, 0x00, 0x0f, 0x80, 0x00, 0x03, 0xf8, 0x00,
        0x00, 0x1f, 0xf8, 0x00, 0x00, 0x60, 0x00, 0x00, 0x00, 0x00, 0x07, 0xc0, 0x00, 0x07, 0xf8, 0x00,
        0x00, 0x3f, 0xfe, 0x00, 0x01, 0xc0, 0x00, 0x00, 0x00, 0x00, 0x03, 0xf0, 0x00, 0x1f, 0xf4, 0x00,
        0x00, 0xc7, 0xff, 0xc0, 0x0f, 0x80, 0x00, 0x00, 0x00, 0x00, 0x01, 0xfc, 0x00, 0x7f, 0xe3, 0x00,
        0x03, 0x01, 0xff, 0xff, 0xff, 0x00, 0x00, 0x00, 0x00, 0x00, 0x00, 0xff, 0xff, 0xff, 0x80, 0x60,
        0x78, 0x00, 0xff, 0xff, 0xfc, 0x00, 0x00, 0x00, 0x00, 0x00, 0x00, 0x3f, 0xff, 0xff, 0x00, 0x0c,
        0x00, 0x00, 0x3f, 0xff, 0xf0, 0x00, 0x00, 0x00, 0x00, 0x00, 0x00, 0x0f, 0xff, 0xfc, 0x00, 0x00,
        0x00, 0x00, 0x01, 0xfe, 0x00, 0x00, 0x00, 0x00, 0x00, 0x00, 0x00, 0x00, 0x7f, 0x80, 0x00, 0x00,
        0x00, 0x00, 0x00, 0x00, 0x00, 0x00, 0x00, 0x00, 0x00, 0x00, 0x00, 0x00, 0x00, 0x00, 0x00, 0x00,
        0x00, 0x00, 0x00, 0x00, 0x00, 0x00, 0x03, 0x80, 0x03, 0xc0, 0x00, 0x00, 0x00, 0x00, 0x00, 0x00,
        0x00, 0x00, 0x00, 0x00, 0x00, 0x00, 0x01, 0xff, 0xff, 0x00, 0x00, 0x00, 0x00, 0x00, 0x00, 0x00,
        0x00, 0x00, 0x00, 0x00, 0x00, 0x00, 0x00, 0x1f, 0xf0, 0x00, 0x00, 0x00, 0x00, 0x00, 0x00, 0x00,
        0x00, 0x00, 0x00, 0x00, 0x00, 0x00, 0x00, 0x00, 0x00, 0x00, 0x00, 0x00, 0x00, 0x00, 0x00, 0x00,
        0x00, 0x00, 0x00, 0x00, 0x00, 0x00, 0x00, 0x00, 0x00, 0x00, 0x00, 0x00, 0x00, 0x00, 0x00, 0x00,
        0x00, 0x00, 0x00, 0x00, 0x00, 0x00, 0x00, 0x00, 0x00, 0x00, 0x00, 0x00, 0x00, 0x00, 0x00, 0x00,
        0x00, 0x00, 0x00, 0x00, 0x00, 0x00, 0x00, 0x00, 0x00, 0x00, 0x00, 0x00, 0x00, 0x00, 0x00, 0x00,
        0x00, 0x00, 0x00, 0x00, 0x00, 0x00, 0x00, 0x00, 0x00, 0x00, 0x00, 0x00, 0x00, 0x00, 0x00, 0x00,
        0x00, 0x00, 0x00, 0x00, 0x00, 0x00, 0x00, 0x00, 0x00, 0x00, 0x00, 0x00, 0x00, 0x00, 0x00, 0x00,
    },
    // frame 27
    {
        0x00, 0x00, 0x00, 0x00, 0x00, 0x00, 0x00, 0x00, 0x00, 0x00, 0x00, 0x00, 0x00, 0x00, 0x00, 0x00,
        0x00, 0x00, 0x00, 0x00, 0x00, 0x00, 0x00, 0x00, 0x00, 0x00, 0x00, 0x00, 0x00, 0x00, 0x00, 0x00,
        0x00, 0x00, 0x00, 0x00, 0x00, 0x00, 0x00, 0x00, 0x00, 0x00, 0x00, 0x00, 0x00, 0x00, 0x00, 0x00,
        0x00, 0x00, 0x00, 0x0f, 0xe0, 0x00, 0x00, 0x00, 0x00, 0x00, 0x00, 0x07, 0xf0, 0x00, 0x00, 0x00,
        0x00, 0x00, 0x00, 0x7f, 0xf0, 0x00, 0x00, 0x00, 0x00, 0x00, 0x00, 0x0f, 0xfe, 0x00, 0x00, 0x00,
        0x00, 0x00, 0x01, 0xff, 0xf0, 0x00, 0x00, 0x00, 0x00, 0x00, 0x00, 0x0f, 0xff, 0x80, 0x00, 0x00,
        0x00, 0x00, 0x01, 0xff, 0x80, 0x00, 0x00, 0x00, 0x00, 0x00, 0x00, 0x01, 0xff, 0x80, 0x00, 0x00,
        0x00, 0x00, 0x00, 0x60, 0x00, 0x00, 0x00, 0x00, 0x00, 0x00, 0x00, 0x00, 0x06, 0x00, 0x00, 0x00,
        0x00, 0x00, 0x00, 0x00, 0x00, 0x00, 0x00, 0x00, 0x00, 0x00, 0x00, 0x00, 0x00, 0x00, 0x00, 0x00,
        0x00, 0x00, 0x00, 0x00, 0x00, 0x00, 0x00, 0x00, 0x00, 0x00, 0x00, 0x00, 0x00, 0x00, 0x00, 0x00,
        0x80, 0x00, 0x00, 0x00, 0x00, 0x00, 0x00, 0x00, 0x00, 0x00, 0x00, 0x00, 0x00, 0x00, 0x00, 0x00,
        0x08, 0x00, 0x00, 0x00, 0x00, 0x00, 0x00, 0x00, 0x00, 0x00, 0x00, 0x00, 0x00, 0x00, 0x00, 0x00,
        0x01, 0x80, 0x00, 0x00, 0x00, 0x00, 0x00, 0x00, 0x00, 0x00, 0x00, 0x00, 0x00, 0x00, 0x00, 0x00,
        0x00, 0x00, 0x00, 0x00, 0x00, 0x00, 0x00, 0x00, 0x00, 0x00, 0x00, 0x00, 0x01, 0x00, 0x02, 0x00,
        0x00, 0x10, 0x07, 0xff, 0xc0, 0x00, 0x00, 0x00, 0x00, 0x00, 0x00, 0x03, 0xff, 0xe0, 0x08, 0x00,
        0x00, 0x04, 0x3f, 0xff, 0xf8, 0x00, 0x00, 0x00, 0x00, 0x00, 0x00, 0x1f, 0xff, 0xfc, 0x20, 0x00,
        0x00, 0x03, 0xff, 0xff, 0xfe, 0x00, 0x00, 0x00, 0x00, 0x00, 0x00, 0x7f, 0xff, 0xff, 0xc0, 0x00,
        0xc0, 0x03, 0xff, 0x80, 0x1f, 0x00, 0x00, 0x00, 0x00, 0x00, 0x00, 0xf8, 0x01, 0xff, 0xc0, 0x03,
        0x70, 0x07, 0xfc, 0x00, 0x03, 0xc0, 0x00, 0x00, 0x00, 0x00, 0x03, 0xc0, 0x00, 0x3f, 0xe0, 0x0e,
        0x1c, 0x0f, 0xf8, 0x00, 0x01, 0xc0, 0x00, 0x00, 0x00, 0x00, 0x03, 0x80, 0x00, 0x1f, 0xf0, 0x18,
        0x0e, 0x1f, 0xe0, 0x01, 0xf8, 0x60, 0x00, 0x00, 0x00, 0x00, 0x06, 0x1f, 0x80, 0x07, 0xf8, 0x30,
        0x06, 0x3f, 0xc0, 0x01, 0xf8, 0x30, 0x00, 0x00, 0x00, 0x00, 0x0c, 0x1f, 0x80, 0x03, 0xfc, 0x60,
        0x03, 0x3f, 0xc0, 0x00, 0xf8, 0x38, 0x00, 0x00, 0x00, 0x00, 0x1c, 0x1f, 0x00, 0x03, 0xfc, 0xc0,
        0x03, 0x3f, 0x80, 0x00, 0x00, 0x18, 0x00, 0x00, 0x00, 0x00, 0x18, 0x00, 0x00, 0x01, 0xfe, 0xc0,
        0x03, 0x7f, 0x80, 0x00, 0x00, 0x18, 0x00, 0x00, 0x00, 0x00, 0x18, 0x00, 0x00, 0x01, 0xfe, 0xc0,
        0x03, 0x7f, 0x80, 0x00, 0x00, 0x18, 0x00, 0x00, 0x00, 0x00, 0x18, 0x00, 0x00, 0x01, 0xfe, 0xe0,
        0x06, 0x7f, 0x80, 0x00, 0x00, 0x18, 0x00, 0x00, 0x00, 0x00, 0x18, 0x00, 0x00, 0x01, 0xfe, 0x60,
        0x0c, 0x7f, 0x80, 0x00, 0x00, 0x18, 0x00, 0x00, 0x00, 0x00, 0x18, 0x00, 0x00, 0x01, 0xfe, 0x30,
        0x18, 0x3f, 0x80, 0x00, 0x00, 0x18, 0x00, 0x00, 0x00, 0x00, 0x18, 0x00, 0x00, 0x01, 0xfc, 0x18,
        0xf0, 0x3f, 0xc0, 0x00, 0x00, 0x30, 0x00, 0x00, 0x00, 0x00, 0x0c, 0x00, 0x00, 0x03, 0xfc, 0x07,
        0xc0, 0x1f, 0xe0, 0x00, 0x00, 0x70, 0x00, 0x00, 0x00, 0x00, 0x0e, 0x00, 0x00, 0x07, 0xf8, 0x01,
        0x00, 0x1f, 0xf0, 0x00, 0x00, 0xe0, 0x00, 0x00, 0x00, 0x00, 0x07, 0x00, 0x00, 0x0f, 0xf8, 0x00,
        0x00, 0x0f, 0xf8, 0x00, 0x01, 0xc0, 0x00, 0x00, 0x00, 0x00, 0x03, 0x80, 0x00, 0x1f, 0xf0, 0x00,
        0x00, 0x17, 0xfe, 0x00, 0x07, 0x80, 0x00, 0x00, 0x00, 0x00, 0x01, 0xe0, 0x00, 0x7f, 0xe8, 0x00,
        0x00, 0x01, 0xff, 0xc0, 0x3f, 0x00, 0x00, 0x00, 0x00, 0x00, 0x00, 0xfc, 0x03, 0xff, 0x80, 0x00,
        0x03, 0x00, 0xff, 0xff, 0xfc, 0x00, 0x00, 0x00, 0x00, 0x00, 0x00, 0x3f, 0xff, 0xff, 0x00, 0x80,
        0x00, 0x00, 0x1f, 0xff, 0xf0, 0x00, 0x00, 0x00, 0x00, 0x00, 0x00, 0x0f, 0xff, 0xf8, 0x00, 0x00,
        0x00, 0x00, 0x03, 0xff, 0x00, 0x00, 0x00, 0x00, 0x00, 0x00, 0x00, 0x00, 0xff, 0xc0, 0x00, 0x00,
        0x00, 0x00, 0x00, 0x00, 0x00, 0x00, 0x00, 0x00, 0x00, 0x00, 0x00, 0x00, 0x00, 0x00, 0x00, 0x00,
        0x00, 0x00, 0x00, 0x00, 0x00, 0x00, 0x03, 0x80, 0x03, 0xc0, 0x00, 0x00, 0x00, 0x00, 0x00, 0x00,
        0x00, 0x00, 0x00, 0x00, 0x00, 0x00, 0x01, 0xff, 0xff, 0x00, 0x00, 0x00, 0x00, 0x00, 0x00, 0x00,
        0x00, 0x00, 0x00, 0x00, 0x00, 0x00, 0x00, 0x1f, 0xf0, 0x00, 0x00, 0x00, 0x00, 0x00, 0x00, 0x00,
        0x00, 0x00, 0x00, 0x00, 0x00, 0x00, 0x00, 0x00, 0x00, 0x00, 0x00, 0x00, 0x00, 0x00, 0x00, 0x00,
        0x00, 0x00, 0x00, 0x00, 0x00, 0x00, 0x00, 0x00, 0x00, 0x00, 0x00, 0x00, 0x00, 0x00, 0x00, 0x00,
        0x00, 0x00, 0x00, 0x00, 0x00, 0x00, 0x00, 0x00, 0x00, 0x00, 0x00, 0x00, 0x00, 0x00, 0x00, 0x00,
        0x00, 0x00, 0x00, 0x00, 0x00, 0x00, 0x00, 0x00, 0x00, 0x00, 0x00, 0x00, 0x00, 0x00, 0x00, 0x00,
        0x00, 0x00, 0x00, 0x00, 0x00, 0x00, 0x00, 0x00, 0x00, 0x00, 0x00, 0x00, 0x00, 0x00, 0x00, 0x00,
        0x00, 0x00, 0x00, 0x00, 0x00, 0x00, 0x00, 0x00, 0x00, 0x00, 0x00, 0x00, 0x00, 0x00, 0x00, 0x00,
    },
    // frame 28
    {
        0x00, 0x00, 0x00, 0x00, 0x00, 0x00, 0x00, 0x00, 0x00, 0x00, 0x00, 0x00, 0x00, 0x00, 0x00, 0x00,
        0x00, 0x00, 0x00, 0x00, 0x00, 0x00, 0x00, 0x00, 0x00, 0x00, 0x00, 0x00, 0x00, 0x00, 0x00, 0x00,
        0x00, 0x00, 0x00, 0x00, 0x00, 0x00, 0x00, 0x00, 0x00, 0x00, 0x00, 0x00, 0x00, 0x00, 0x00, 0x00,
        0x00, 0x00, 0x00, 0x1f, 0xf0, 0x00, 0x00, 0x00, 0x00, 0x00, 0x00, 0x0f, 0xf8, 0x00, 0x00, 0x00,
        0x00, 0x00, 0x00, 0x7f, 0xf0, 0x00, 0x00, 0x00, 0x00, 0x00, 0x00, 0x0f, 0xfe, 0x00, 0x00, 0x00,
        0x00, 0x00, 0x01, 0xff, 0xe0, 0x00, 0x00, 0x00, 0x00, 0x00, 0x00, 0x07, 0xff, 0x80, 0x00, 0x00,
        0x00, 0x00, 0x01, 0xff, 0x80, 0x00, 0x00, 0x00, 0x00, 0x00, 0x00, 0x01, 0xff, 0x80, 0x00, 0x00,
        0x00, 0x00, 0x00, 0x00, 0x00, 0x00, 0x00, 0x00, 0x00, 0x00, 0x00, 0x00, 0x00, 0x00, 0x00, 0x00,
        0x00, 0x00, 0x00, 0x00, 0x00, 0x00, 0x00, 0x00, 0x00, 0x00, 0x00, 0x00, 0x00, 0x00, 0x00, 0x00,
        0x00, 0x00, 0x00, 0x00, 0x00, 0x00, 0x00, 0x00, 0x00, 0x00, 0x00, 0x00, 0x00, 0x00, 0x00, 0x00,
        0x00, 0x00, 0x00, 0x00, 0x00, 0x00, 0x00, 0x00, 0x00, 0x00, 0x00, 0x00, 0x00, 0x00, 0x00, 0x00,
        0x00, 0x00, 0x00, 0x00, 0x00, 0x00, 0x00, 0x00, 0x00, 0x00, 0x00, 0x00, 0x00, 0x00, 0x00, 0x00,
        0x00, 0x00, 0x00, 0x00, 0x00, 0x00, 0x00, 0x00, 0x00, 0x00, 0x00, 0x00, 0x00, 0x00, 0x04, 0x00,
        0x00, 0x08, 0x00, 0x78, 0x00, 0x00, 0x00, 0x00, 0x00, 0x00, 0x00, 0x00, 0x1e, 0x00, 0x10, 0x00,
        0x00, 0x00, 0x0f, 0xff, 0xc0, 0x00, 0x00, 0x00, 0x00, 0x00, 0x00, 0x03, 0xff, 0xf0, 0x00, 0x00,
        0x00, 0x00, 0x7f, 0xff, 0xf8, 0x00, 0x00, 0x00, 0x00, 0x00, 0x00, 0x1f, 0xff, 0xfe, 0x00, 0x00,
        0xe0, 0x01, 0xff, 0xff, 0xfe, 0x00, 0x00, 0x00, 0x00, 0x00, 0x00, 0x7f, 0xff, 0xff, 0x80, 0x03,
        0x78, 0x03, 0xff, 0x80, 0x1f, 0x00, 0x00, 0x00, 0x00, 0x00, 0x00, 0xf8, 0x01, 0xff, 0xc0, 0x1e,
        0x0c, 0x07, 0xfc, 0x00, 0x03, 0xc0, 0x00, 0x00, 0x00, 0x00, 0x03, 0xc0, 0x00, 0x3f, 0xe0, 0x30,
        0x07, 0x0f, 0xf8, 0x00, 0x01, 0xe0, 0x00, 0x00, 0x00, 0x00, 0x07, 0x80, 0x00, 0x1f, 0xf0, 0x60,
        0x03, 0x9f, 0xe0, 0x01, 0xf8, 0x60, 0x00, 0x00, 0x00, 0x00, 0x06, 0x1f, 0x80, 0x07, 0xf8, 0xc0,
        0x01, 0xbf, 0xc0, 0x01, 0xf8, 0x30, 0x00, 0x00, 0x00, 0x00, 0x0c, 0x1f, 0x80, 0x03, 0xfd, 0x80,
        0x00, 0xff, 0xc0, 0x00, 0xf8, 0x38, 0x00, 0x00, 0x00, 0x00, 0x1c, 0x1f, 0x00, 0x03, 0xff, 0x80,
        0x00, 0xff, 0x80, 0x00, 0x00, 0x18, 0x00, 0x00, 0x00, 0x00, 0x18, 0x00, 0x00, 0x01, 0xff, 0x00,
        0x00, 0xff, 0x80, 0x00, 0x00, 0x18, 0x00, 0x00, 0x00, 0x00, 0x18, 0x00, 0x00, 0x01, 0xff, 0x00,
        0x01, 0xff, 0x80, 0x00, 0x00, 0x18, 0x00, 0x00, 0x00, 0x00, 0x18, 0x00, 0x00, 0x01, 0xff, 0x80,
        0x01, 0xff, 0x80, 0x00, 0x00, 0x18, 0x00, 0x00, 0x00, 0x00, 0x18, 0x00, 0x00, 0x01, 0xff, 0x80,
        0x03, 0x7f, 0x80, 0x00, 0x00, 0x18, 0x00, 0x00, 0x00, 0x00, 0x18, 0x00, 0x00, 0x01, 0xfe, 0xc0,
        0x06, 0x3f, 0x80, 0x00, 0x00, 0x18, 0x00, 0x00, 0x00, 0x00, 0x18, 0x00, 0x00, 0x01, 0xfc, 0x60,
        0x1c, 0x3f, 0xc0, 0x00, 0x00, 0x30, 0x00, 0x00, 0x00, 0x00, 0x0c, 0x00, 0x00, 0x03, 0xfc, 0x38,
        0x70, 0x1f, 0xe0, 0x00, 0x00, 0x70, 0x00, 0x00, 0x00, 0x00, 0x0e, 0x00, 0x00, 0x07, 0xf8, 0x0e,
        0xc0, 0x1f, 0xf0, 0x00, 0x00, 0xe0, 0x00, 0x00, 0x00, 0x00, 0x07, 0x00, 0x00, 0x0f, 0xf8, 0x03,
        0x00, 0x0f, 0xf8, 0x00, 0x01, 0xc0, 0x00, 0x00, 0x00, 0x00, 0x03, 0x80, 0x00, 0x1f, 0xf0, 0x00,
        0x00, 0x07, 0xfe, 0x00, 0x07, 0x80, 0x00, 0x00, 0x00, 0x00, 0x01, 0xe0, 0x00, 0x7f, 0xe0, 0x00,
        0x00, 0x03, 0xff, 0xc0, 0x3f, 0x00, 0x00, 0x00, 0x00, 0x00, 0x00, 0xfc, 0x07, 0xff, 0xc0, 0x00,
        0x00, 0x00, 0xff, 0xff, 0xfc, 0x00, 0x00, 0x00, 0x00, 0x00, 0x00, 0x3f, 0xff, 0xff, 0x00, 0x00,
        0x00, 0x00, 0x3f, 0xff, 0xf0, 0x00, 0x00, 0x00, 0x00, 0x00, 0x00, 0x0f, 0xff, 0xfc, 0x00, 0x00,
        0x00, 0x00, 0x07, 0xff, 0x80, 0x00, 0x00, 0x00, 0x00, 0x00, 0x00, 0x01, 0xff, 0xe0, 0x00, 0x00,
        0x00, 0x00, 0x00, 0x00, 0x00, 0x00, 0x00, 0x00, 0x00, 0x00, 0x00, 0x00, 0x00, 0x00, 0x00, 0x00,
        0x00, 0x00, 0x00, 0x00, 0x00, 0x00, 0x03, 0x80, 0x03, 0xc0, 0x00, 0x00, 0x00, 0x00, 0x00, 0x00,
        0x00, 0x00, 0x00, 0x00, 0x00, 0x00, 0x01, 0xff, 0xff, 0x00, 0x00, 0x00, 0x00, 0x00, 0x00, 0x00,
        0x00, 0x00, 0x00, 0x00, 0x00, 0x00, 0x00, 0x1f, 0xf0, 0x00, 0x00, 0x00, 0x00, 0x00, 0x00, 0x00,
        0x00, 0x00, 0x00, 0x00, 0x00, 0x00, 0x00, 0x00, 0x00, 0x00, 0x00, 0x00, 0x00, 0x00, 0x00, 0x00,
        0x00, 0x00, 0x00, 0x00, 0x00, 0x00, 0x00, 0x00, 0x00, 0x00, 0x00, 0x00, 0x00, 0x00, 0x00, 0x00,
        0x00, 0x00, 0x00, 0x00, 0x00, 0x00, 0x00, 0x00, 0x00, 0x00, 0x00, 0x00, 0x00, 0x00, 0x00, 0x00,
        0x00, 0x00, 0x00, 0x00, 0x00, 0x00, 0x00, 0x00, 0x00, 0x00, 0x00, 0x00, 0x00, 0x00, 0x00, 0x00,
        0x00, 0x00, 0x00, 0x00, 0x00, 0x00, 0x00, 0x00, 0x00, 0x00, 0x00, 0x00, 0x00, 0x00, 0x00, 0x00,
        0x00, 0x00, 0x00, 0x00, 0x00, 0x00, 0x00, 0x00, 0x00, 0x00, 0x00, 0x00, 0x00, 0x00, 0x00, 0x00,
    },
    // frame 29
    {
        0x00, 0x00, 0x00, 0x00, 0x00, 0x00, 0x00, 0x00, 0x00, 0x00, 0x00, 0x00, 0x00, 0x00, 0x00, 0x00,
        0x00, 0x00, 0x00, 0x00, 0x00, 0x00, 0x00, 0x00, 0x00, 0x00, 0x00, 0x00, 0x00, 0x00, 0x00, 0x00,
        0x00, 0x00, 0x00, 0x00, 0x00, 0x00, 0x00, 0x00, 0x00, 0x00, 0x00, 0x00, 0x00, 0x00, 0x00, 0x00,
        0x00, 0x00, 0x00, 0x07, 0xe0, 0x00, 0x00, 0x00, 0x00, 0x00, 0x00, 0x07, 0xe0, 0x00, 0x00, 0x00,
        0x00, 0x00, 0x00, 0x3f, 0xf0, 0x00, 0x00, 0x00, 0x00, 0x00, 0x00, 0x0f, 0xfc, 0x00, 0x00, 0x00,
        0x00, 0x00, 0x00, 0xff, 0xf0, 0x00, 0x00, 0x00, 0x00, 0x00, 0x00, 0x0f, 0xff, 0x00, 0x00, 0x00,
        0x00, 0x00, 0x01, 0xff, 0xc0, 0x00, 0x00, 0x00, 0x00, 0x00, 0x00, 0x03, 0xff, 0x80, 0x00, 0x00,
        0x00, 0x00, 0x01, 0xfc, 0x00, 0x00, 0x00, 0x00, 0x00, 0x00, 0x00, 0x00, 0x3f, 0x80, 0x00, 0x00,
        0x00, 0x00, 0x00, 0x00, 0x00, 0x00, 0x00, 0x00, 0x00, 0x00, 0x00, 0x00, 0x00, 0x00, 0x00, 0x00,
        0x00, 0x00, 0x00, 0x00, 0x00, 0x00, 0x00, 0x00, 0x00, 0x00, 0x00, 0x00, 0x00, 0x00, 0x00, 0x00,
        0x00, 0x00, 0x00, 0x00, 0x00, 0x00, 0x00, 0x00, 0x00, 0x00, 0x00, 0x00, 0x00, 0x00, 0x00, 0x00,
        0x00, 0x00, 0x00, 0x00, 0x00, 0x00, 0x00, 0x00, 0x00, 0x00, 0x00, 0x00, 0x00, 0x00, 0x00, 0x00,
        0x00, 0x04, 0x00, 0x00, 0x00, 0x00, 0x00, 0x00, 0x00, 0x00, 0x00, 0x00, 0x00, 0x00, 0x00, 0x00,
        0x00, 0x00, 0x00, 0xfc, 0x00, 0x00, 0x00, 0x00, 0x00, 0x00, 0x00, 0x00, 0x3e, 0x00, 0x40, 0x00,
        0x00, 0x00, 0x0f, 0xff, 0xe0, 0x00, 0x00, 0x00, 0x00, 0x00, 0x00, 0x07, 0xff, 0xf0, 0x00, 0x00,
        0xe0, 0x00, 0x7f, 0xff, 0xf8, 0x00, 0x00, 0x00, 0x00, 0x00, 0x00, 0x1f, 0xff, 0xff, 0x00, 0x07,
        0x3c, 0x01, 0xff, 0xff, 0xfe, 0x00, 0x00, 0x00, 0x00, 0x00, 0x00, 0x7f, 0xff, 0xff, 0x80, 0x1c,
        0x06, 0x03, 0xff, 0x80, 0x1f, 0x80, 0x00, 0x00, 0x00, 0x00, 0x00, 0xf8, 0x01, 0xff, 0xc0, 0x70,
        0x03, 0x87, 0xfc, 0x00, 0x03, 0xc0, 0x00, 0x00, 0x00, 0x00, 0x03, 0xc0, 0x00, 0x3f, 0xe0, 0xc0,
        0x01, 0xcf, 0xf8, 0x00, 0x01, 0xe0, 0x00, 0x00, 0x00, 0x00, 0x07, 0x80, 0x00, 0x1f, 0xf1, 0x80,
        0x00, 0xff, 0xe0, 0x01, 0xf8, 0x60, 0x00, 0x00, 0x00, 0x00, 0x06, 0x1f, 0x80, 0x07, 0xfb, 0x00,
        0x00, 0x7f, 0xc0, 0x01, 0xf8, 0x30, 0x00, 0x00, 0x00, 0x00, 0x0c, 0x1f, 0x80, 0x03, 0xfe, 0x00,
        0x00, 0x7f, 0xc0, 0x00, 0xf8, 0x38, 0x00, 0x00, 0x00, 0x00, 0x1c, 0x1f, 0x00, 0x03, 0xfe, 0x00,
        0x00, 0x7f, 0x80, 0x00, 0x00, 0x18, 0x00, 0x00, 0x00, 0x00, 0x18, 0x00, 0x00, 0x01, 0xfe, 0x00,
        0x00, 0x7f, 0x80, 0x00, 0x00, 0x18, 0x00, 0x00, 0x00, 0x00, 0x18, 0x00, 0x00, 0x01, 0xfe, 0x00,
        0x00, 0x7f, 0x80, 0x00, 0x00, 0x18, 0x00, 0x00, 0x00, 0x00, 0x18, 0x00, 0x00, 0x01, 0xfe, 0x00,
        0x00, 0x7f, 0x80, 0x00, 0x00, 0x18, 0x00, 0x00, 0x00, 0x00, 0x18, 0x00, 0x00, 0x01, 0xfe, 0x00,
        0x00, 0xff, 0x80, 0x00, 0x00, 0x18, 0x00, 0x00, 0x00, 0x00, 0x18, 0x00, 0x00, 0x01, 0xff, 0x00,
        0x01, 0xff, 0x80, 0x00, 0x00, 0x18, 0x00, 0x00, 0x00, 0x00, 0x18, 0x00, 0x00, 0x01, 0xff, 0x80,
        0x03, 0x3f, 0xc0, 0x00, 0x00, 0x30, 0x00, 0x00, 0x00, 0x00, 0x0c, 0x00, 0x00, 0x03, 0xfc, 0xc0,
        0x0e, 0x1f, 0xe0, 0x00, 0x00, 0x70, 0x00, 0x00, 0x00, 0x00, 0x0e, 0x00, 0x00, 0x07, 0xf8, 0x70,
        0x78, 0x1f, 0xf0, 0x00, 0x00, 0xe0, 0x00, 0x00, 0x00, 0x00, 0x07, 0x00, 0x00, 0x0f, 0xf8, 0x1e,
        0xc0, 0x0f, 0xf8, 0x00, 0x01, 0xc0, 0x00, 0x00, 0x00, 0x00, 0x03, 0x80, 0x00, 0x1f, 0xf0, 0x03,
        0x00, 0x07, 0xfe, 0x00, 0x07, 0x80, 0x00, 0x00, 0x00, 0x00, 0x01, 0xe0, 0x00, 0x7f, 0xe0, 0x00,
        0x00, 0x03, 0xff, 0xc0, 0x7f, 0x00, 0x00, 0x00, 0x00, 0x00, 0x00, 0xfc, 0x03, 0xff, 0xc0, 0x00,
        0x00, 0x08, 0xff, 0xff, 0xfc, 0x00, 0x00, 0x00, 0x00, 0x00, 0x00, 0x3f, 0xff, 0xff, 0x10, 0x00,
        0x00, 0x20, 0x3f, 0xff, 0xf0, 0x00, 0x00, 0x00, 0x00, 0x00, 0x00, 0x0f, 0xff, 0xfc, 0x00, 0x00,
        0x00, 0x00, 0x07, 0xff, 0x80, 0x00, 0x00, 0x00, 0x00, 0x00, 0x00, 0x01, 0xff, 0xe0, 0x00, 0x00,
        0x00, 0x00, 0x00, 0x00, 0x00, 0x00, 0x00, 0x00, 0x00, 0x00, 0x00, 0x00, 0x00, 0x00, 0x00, 0x00,
        0x00, 0x00, 0x00, 0x00, 0x00, 0x00, 0x03, 0x80, 0x03, 0xc0, 0x00, 0x00, 0x00, 0x00, 0x00, 0x00,
        0x00, 0x00, 0x00, 0x00, 0x00, 0x00, 0x01, 0xff, 0xff, 0x00, 0x00, 0x00, 0x00, 0x00, 0x00, 0x00,
        0x00, 0x00, 0x00, 0x00, 0x00, 0x00, 0x00, 0x1f, 0xf0, 0x00, 0x00, 0x00, 0x00, 0x00, 0x00, 0x00,
        0x00, 0x00, 0x00, 0x00, 0x00, 0x00, 0x00, 0x00, 0x00, 0x00, 0x00, 0x00, 0x00, 0x00, 0x00, 0x00,
        0x00, 0x00, 0x00, 0x00, 0x00, 0x00, 0x00, 0x00, 0x00, 0x00, 0x00, 0x00, 0x00, 0x00, 0x00, 0x00,
        0x00, 0x00, 0x00, 0x00, 0x00, 0x00, 0x00, 0x00, 0x00, 0x00, 0x00, 0x00, 0x00, 0x00, 0x00, 0x00,
        0x00, 0x00, 0x00, 0x00, 0x00, 0x00, 0x00, 0x00, 0x00, 0x00, 0x00, 0x00, 0x00, 0x00, 0x00, 0x00,
        0x00, 0x00, 0x00, 0x00, 0x00, 0x00, 0x00, 0x00, 0x00, 0x00, 0x00, 0x00, 0x00, 0x00, 0x00, 0x00,
        0x00, 0x00, 0x00, 0x00, 0x00, 0x00, 0x00, 0x00, 0x00, 0x00, 0x00, 0x00, 0x00, 0x00, 0x00, 0x00,
    },
    // frame 30
    {
        0x00, 0x00, 0x00, 0x00, 0x00, 0x00, 0x00, 0x00, 0x00, 0x00, 0x00, 0x00, 0x00, 0x00, 0x00, 0x00,
        0x00, 0x00, 0x00, 0x00, 0x00, 0x00, 0x00, 0x00, 0x00, 0x00, 0x00, 0x00, 0x00, 0x00, 0x00, 0x00,
        0x00, 0x00, 0x00, 0x00, 0x00, 0x00, 0x00, 0x00, 0x00, 0x00, 0x00, 0x00, 0x00, 0x00, 0x00, 0x00,
        0x00, 0x00, 0x00, 0x00, 0x00, 0x00, 0x00, 0x00, 0x00, 0x00, 0x00, 0x00, 0x00, 0x00, 0x00, 0x00,
        0x00, 0x00, 0x00, 0x3f, 0xf0, 0x00, 0x00, 0x00, 0x00, 0x00, 0x00, 0x0f, 0xfc, 0x00, 0x00, 0x00,
        0x00, 0x00, 0x00, 0xff, 0xf0, 0x00, 0x00, 0x00, 0x00, 0x00, 0x00, 0x0f, 0xff, 0x00, 0x00, 0x00,
        0x00, 0x00, 0x01, 0xff, 0xe0, 0x00, 0x00, 0x00, 0x00, 0x00, 0x00, 0x07, 0xff, 0x80, 0x00, 0x00,
        0x00, 0x00, 0x01, 0xff, 0x00, 0x00, 0x00, 0x00, 0x00, 0x00, 0x00, 0x00, 0xff, 0x80, 0x00, 0x00,
        0x00, 0x00, 0x00, 0x00, 0x00, 0x00, 0x00, 0x00, 0x00, 0x00, 0x00, 0x00, 0x00, 0x00, 0x00, 0x00,
        0x00, 0x00, 0x00, 0x00, 0x00, 0x00, 0x00, 0x00, 0x00, 0x00, 0x00, 0x00, 0x00, 0x00, 0x00, 0x00,
        0x00, 0x10, 0x00, 0x00, 0x00, 0x00, 0x00, 0x00, 0x00, 0x00, 0x00, 0x00, 0x00, 0x00, 0x00, 0x00,
        0x00, 0x00, 0x00, 0x00, 0x00, 0x00, 0x00, 0x00, 0x00, 0x00, 0x00, 0x00, 0x00, 0x00, 0x20, 0x00,
        0x00, 0x00, 0x00, 0x00, 0x00, 0x00, 0x00, 0x00, 0x00, 0x00, 0x00, 0x00, 0x00, 0x00, 0x80, 0x00,
        0x00, 0x00, 0x00, 0xfe, 0x00, 0x00, 0x00, 0x00, 0x00, 0x00, 0x00, 0x00, 0x7f, 0x01, 0x00, 0x00,
        0xe0, 0x00, 0x3f, 0xff, 0xe0, 0x00, 0x00, 0x00, 0x00, 0x00, 0x00, 0x07, 0xff, 0xf4, 0x00, 0x07,
        0x3c, 0x00, 0x7f, 0xff, 0xf8, 0x00, 0x00, 0x00, 0x00, 0x00, 0x00, 0x1f, 0xff, 0xfe, 0x00, 0x38,
        0x07, 0x01, 0xff, 0xff, 0xfe, 0x00, 0x00, 0x00, 0x00, 0x00, 0x00, 0x7f, 0xff, 0xff, 0x80, 0xe0,
        0x01, 0x83, 0xff, 0x80, 0x1f, 0x00, 0x00, 0x00, 0x00, 0x00, 0x01, 0xf8, 0x01, 0xff, 0xc1, 0x80,
        0x00, 0xc7, 0xfc, 0x00, 0x03, 0xc0, 0x00, 0x00, 0x00, 0x00, 0x03, 0xc0, 0x00, 0x3f, 0xe3, 0x00,
        0x00, 0x7f, 0xf8, 0x00, 0x01, 0xe0, 0x00, 0x00, 0x00, 0x00, 0x07, 0x80, 0x00, 0x1f, 0xfe, 0x00,
        0x00, 0x3f, 0xe0, 0x01, 0xf8, 0x70, 0x00, 0x00, 0x00, 0x00, 0x06, 0x1f, 0x80, 0x07, 0xfc, 0x00,
        0x80, 0x3f, 0xc0, 0x01, 0xf8, 0x30, 0x00, 0x00, 0x00, 0x00, 0x0c, 0x1f, 0x80, 0x03, 0xfc, 0x01,
        0xc0, 0x3f, 0xc0, 0x00, 0xf8, 0x38, 0x00, 0x00, 0x00, 0x00, 0x1c, 0x1f, 0x00, 0x03, 0xfc, 0x03,
        0xc0, 0x7f, 0x80, 0x00, 0x00, 0x18, 0x00, 0x00, 0x00, 0x00, 0x18, 0x00, 0x00, 0x01, 0xfe, 0x03,
        0xc0, 0x7f, 0x80, 0x00, 0x00, 0x18, 0x00, 0x00, 0x00, 0x00, 0x18, 0x00, 0x00, 0x01, 0xfe, 0x03,
        0xc0, 0x7f, 0x80, 0x00, 0x00, 0x18, 0x00, 0x00, 0x00, 0x00, 0x18, 0x00, 0x00, 0x01, 0xfe, 0x01,
        0x00, 0x7f, 0x80, 0x00, 0x00, 0x18, 0x00, 0x00, 0x00, 0x00, 0x18, 0x00, 0x00, 0x01, 0xfe, 0x00,
        0x00, 0x7f, 0x80, 0x00, 0x00, 0x18, 0x00, 0x00, 0x00, 0x00, 0x18, 0x00, 0x00, 0x01, 0xfe, 0x00,
        0x00, 0x7f, 0x80, 0x00, 0x00, 0x18, 0x00, 0x00, 0x00, 0x00, 0x18, 0x00, 0x00, 0x01, 0xfe, 0x00,
        0x00, 0xff, 0xc0, 0x00, 0x00, 0x30, 0x00, 0x00, 0x00, 0x00, 0x0c, 0x00, 0x00, 0x03, 0xff, 0x00,
        0x01, 0xbf, 0xe0, 0x00, 0x00, 0x70, 0x00, 0x00, 0x00, 0x00, 0x0e, 0x00, 0x00, 0x07, 0xfd, 0xc0,
        0x06, 0x1f, 0xf0, 0x00, 0x00, 0xe0, 0x00, 0x00, 0x00, 0x00, 0x07, 0x00, 0x00, 0x0f, 0xf8, 0x70,
        0x38, 0x0f, 0xf8, 0x00, 0x01, 0xc0, 0x00, 0x00, 0x00, 0x00, 0x03, 0x80, 0x00, 0x1f, 0xf0, 0x1e,
        0xc0, 0x07, 0xfe, 0x00, 0x07, 0x80, 0x00, 0x00, 0x00, 0x00, 0x01, 0xe0, 0x00, 0x7f, 0xe0, 0x03,
        0x00, 0x03, 0xff, 0xc0, 0x3f, 0x00, 0x00, 0x00, 0x00, 0x00, 0x00, 0xfc, 0x03, 0xff, 0xc0, 0x00,
        0x00, 0x01, 0xff, 0xff, 0xfc, 0x00, 0x00, 0x00, 0x00, 0x00, 0x00, 0x3f, 0xff, 0xff, 0x80, 0x00,
        0x00, 0x00, 0x3f, 0xff, 0xf0, 0x00, 0x00, 0x00, 0x00, 0x00, 0x00, 0x0f, 0xff, 0xfc, 0x20, 0x00,
        0x00, 0x00, 0x07, 0xff, 0x80, 0x00, 0x00, 0x00, 0x00, 0x00, 0x00, 0x01, 0xff, 0xe0, 0x00, 0x00,
        0x00, 0x00, 0x00, 0x00, 0x00, 0x00, 0x00, 0x00, 0x00, 0x00, 0x00, 0x00, 0x00, 0x00, 0x00, 0x00,
        0x00, 0x00, 0x00, 0x00, 0x00, 0x00, 0x03, 0x80, 0x03, 0xc0, 0x00, 0x00, 0x00, 0x00, 0x00, 0x00,
        0x00, 0x00, 0x00, 0x00, 0x00, 0x00, 0x01, 0xff, 0xff, 0x00, 0x00, 0x00, 0x00, 0x00, 0x00, 0x00,
        0x00, 0x00, 0x00, 0x00, 0x00, 0x00, 0x00, 0x1f, 0xf0, 0x00, 0x00, 0x00, 0x00, 0x00, 0x00, 0x00,
        0x00, 0x00, 0x00, 0x00, 0x00, 0x00, 0x00, 0x00, 0x00, 0x00, 0x00, 0x00, 0x00, 0x00, 0x00, 0x00,
        0x00, 0x00, 0x00, 0x00, 0x00, 0x00, 0x00, 0x00, 0x00, 0x00, 0x00, 0x00, 0x00, 0x00, 0x00, 0x00,
        0x00, 0x00, 0x00, 0x00, 0x00, 0x00, 0x00, 0x00, 0x00, 0x00, 0x00, 0x00, 0x00, 0x00, 0x00, 0x00,
        0x00, 0x00, 0x00, 0x00, 0x00, 0x00, 0x00, 0x00, 0x00, 0x00, 0x00, 0x00, 0x00, 0x00, 0x00, 0x00,
        0x00, 0x00, 0x00, 0x00, 0x00, 0x00, 0x00, 0x00, 0x00, 0x00, 0x00, 0x00, 0x00, 0x00, 0x00, 0x00,
        0x00, 0x00, 0x00, 0x00, 0x00, 0x00, 0x00, 0x00, 0x00, 0x00, 0x00, 0x00, 0x00, 0x00, 0x00, 0x00,
    },
    // frame 31
    {
        0x00, 0x00, 0x00, 0x00, 0x00, 0x00, 0x00, 0x00, 0x00, 0x00, 0x00, 0x00, 0x00, 0x00, 0x00, 0x00,
        0x00, 0x00, 0x00, 0x00, 0x00, 0x00, 0x00, 0x00, 0x00, 0x00, 0x00, 0x00, 0x00, 0x00, 0x00, 0x00,
        0x00, 0x00, 0x00, 0x00, 0x00, 0x00, 0x00, 0x00, 0x00, 0x00, 0x00, 0x00, 0x00, 0x00, 0x00, 0x00,
        0x00, 0x00, 0x00, 0x00, 0x00, 0x00, 0x00, 0x00, 0x00, 0x00, 0x00, 0x00, 0x00, 0x00, 0x00, 0x00,
        0x00, 0x00, 0x00, 0x1f, 0xf0, 0x00, 0x00, 0x00, 0x00, 0x00, 0x00, 0x0f, 0xf8, 0x00, 0x00, 0x00,
        0x00, 0x00, 0x00, 0xff, 0xf0, 0x00, 0x00, 0x00, 0x00, 0x00, 0x00, 0x0f, 0xff, 0x00, 0x00, 0x00,
        0x00, 0x00, 0x01, 0xff, 0xe0, 0x00, 0x00, 0x00, 0x00, 0x00, 0x00, 0x07, 0xff, 0x80, 0x00, 0x00,
        0x00, 0x00, 0x01, 0xff, 0x00, 0x00, 0x00, 0x00, 0x00, 0x00, 0x00, 0x00, 0xff, 0x80, 0x00, 0x00,
        0x00, 0x00, 0x00, 0x00, 0x00, 0x00, 0x00, 0x00, 0x00, 0x00, 0x00, 0x00, 0x00, 0x00, 0x00, 0x00,
        0x00, 0x00, 0x00, 0x00, 0x00, 0x00, 0x00, 0x00, 0x00, 0x00, 0x00, 0x00, 0x00, 0x00, 0x00, 0x00,
        0x00, 0x00, 0x00, 0x00, 0x00, 0x00, 0x00, 0x00, 0x00, 0x00, 0x00, 0x00, 0x00, 0x00, 0x00, 0x00,
        0x00, 0x00, 0x00, 0x00, 0x00, 0x00, 0x00, 0x00, 0x00, 0x00, 0x00, 0x00, 0x00, 0x00, 0x00, 0x00,
        0x00, 0x00, 0x00, 0x00, 0x00, 0x00, 0x00, 0x00, 0x00, 0x00, 0x00, 0x00, 0x00, 0x00, 0x00, 0x00,
        0xf0, 0x00, 0x00, 0x78, 0x00, 0x00, 0x00, 0x00, 0x00, 0x00, 0x00, 0x00, 0x3e, 0x00, 0x00, 0x07,
        0x1c, 0x00, 0x1f, 0xff, 0xc0, 0x00, 0x00, 0x00, 0x00, 0x00, 0x00, 0x03, 0xff, 0xf8, 0x00, 0x38,
        0x03, 0x00, 0x7f, 0xff, 0xf8, 0x00, 0x00, 0x00, 0x00, 0x00, 0x00, 0x1f, 0xff, 0xfe, 0x00, 0xc0,
        0x00, 0xc1, 0xff, 0xff, 0xfe, 0x00, 0x00, 0x00, 0x00, 0x00, 0x00, 0x7f, 0xff, 0xff, 0x83, 0x00,
        0x00, 0x63, 0xff, 0x80, 0x1f, 0x00, 0x00, 0x00, 0x00, 0x00, 0x00, 0xf8, 0x01, 0xff, 0xc6, 0x00,
        0x00, 0x3f, 0xfc, 0x00, 0x03, 0xc0, 0x00, 0x00, 0x00, 0x00, 0x03, 0xc0, 0x00, 0x3f, 0xfc, 0x00,
        0x00, 0x1f, 0xf8, 0x00, 0x01, 0xe0, 0x00, 0x00, 0x00, 0x00, 0x07, 0x80, 0x00, 0x1f, 0xf8, 0x00,
        0xc0, 0x1f, 0xe0, 0x01, 0xf8, 0x60, 0x00, 0x00, 0x00, 0x00, 0x06, 0x1f, 0x80, 0x07, 0xf8, 0x01,
        0xe0, 0x3f, 0xc0, 0x01, 0xf8, 0x30, 0x00, 0x00, 0x00, 0x00, 0x0c, 0x1f, 0x80, 0x03, 0xfc, 0x07,
        0x70, 0x3f, 0xc0, 0x00, 0xf8, 0x38, 0x00, 0x00, 0x00, 0x00, 0x1c, 0x1f, 0x00, 0x03, 0xfc, 0x06,
        0x70, 0x3f, 0x80, 0x00, 0x00, 0x18, 0x00, 0x00, 0x00, 0x00, 0x18, 0x00, 0x00, 0x01, 0xfc, 0x0e,
        0x70, 0x7f, 0x80, 0x00, 0x00, 0x18, 0x00, 0x00, 0x00, 0x00, 0x18, 0x00, 0x00, 0x01, 0xfe, 0x06,
        0x60, 0x7f, 0x80, 0x00, 0x00, 0x18, 0x00, 0x00, 0x00, 0x00, 0x18, 0x00, 0x00, 0x01, 0xfe, 0x07,
        0xc0, 0x7f, 0x80, 0x00, 0x00, 0x18, 0x00, 0x00, 0x00, 0x00, 0x18, 0x00, 0x00, 0x01, 0xfe, 0x03,
        0x80, 0x7f, 0x80, 0x00, 0x00, 0x18, 0x00, 0x00, 0x00, 0x00, 0x18, 0x00, 0x00, 0x01, 0xfe, 0x01,
        0x00, 0x3f, 0x80, 0x00, 0x00, 0x18, 0x00, 0x00, 0x00, 0x00, 0x18, 0x00, 0x00, 0x01, 0xfc, 0x00,
        0x00, 0x3f, 0xc0, 0x00, 0x00, 0x30, 0x00, 0x00, 0x00, 0x00, 0x0c, 0x00, 0x00, 0x03, 0xfc, 0x00,
        0x00, 0x7f, 0xe0, 0x00, 0x00, 0x70, 0x00, 0x00, 0x00, 0x00, 0x0e, 0x00, 0x00, 0x07, 0xfe, 0x00,
        0x01, 0xdf, 0xf0, 0x00, 0x00, 0xe0, 0x00, 0x00, 0x00, 0x00, 0x07, 0x00, 0x00, 0x0f, 0xf9, 0x80,
        0x07, 0x0f, 0xf8, 0x00, 0x01, 0xc0, 0x00, 0x00, 0x00, 0x00, 0x03, 0x80, 0x00, 0x1f, 0xf0, 0xe0,
        0x3c, 0x07, 0xfe, 0x00, 0x07, 0x80, 0x00, 0x00, 0x00, 0x00, 0x01, 0xe0, 0x00, 0x7f, 0xe0, 0x1c,
        0xe0, 0x03, 0xff, 0xc0, 0x3f, 0x00, 0x00, 0x00, 0x00, 0x00, 0x00, 0xfc, 0x03, 0xff, 0xc0, 0x03,
        0x00, 0x00, 0xff, 0xff, 0xfc, 0x00, 0x00, 0x00, 0x00, 0x00, 0x00, 0x3f, 0xff, 0xff, 0x00, 0x00,
        0x00, 0x00, 0x3f, 0xff, 0xf0, 0x00, 0x00, 0x00, 0x00, 0x00, 0x00, 0x0f, 0xff, 0xfc, 0x00, 0x00,
        0x00, 0x00, 0x07, 0xff, 0x80, 0x00, 0x00, 0x00, 0x00, 0x00, 0x00, 0x01, 0xff, 0xe0, 0x00, 0x00,
        0x00, 0x10, 0x00, 0x00, 0x00, 0x00, 0x00, 0x00, 0x00, 0x00, 0x00, 0x00, 0x00, 0x00, 0x00, 0x00,
        0x00, 0x00, 0x00, 0x00, 0x00, 0x00, 0x03, 0x80, 0x03, 0xc0, 0x00, 0x00, 0x00, 0x00, 0x00, 0x00,
        0x00, 0x00, 0x00, 0x00, 0x00, 0x00, 0x01, 0xff, 0xff, 0x00, 0x00, 0x00, 0x00, 0x00, 0x00, 0x00,
        0x00, 0x00, 0x00, 0x00, 0x00, 0x00, 0x00, 0x1f, 0xf0, 0x00, 0x00, 0x00, 0x00, 0x00, 0x00, 0x00,
        0x00, 0x00, 0x00, 0x00, 0x00, 0x00, 0x00, 0x00, 0x00, 0x00, 0x00, 0x00, 0x00, 0x00, 0x00, 0x00,
        0x00, 0x00, 0x00, 0x00, 0x00, 0x00, 0x00, 0x00, 0x00, 0x00, 0x00, 0x00, 0x00, 0x00, 0x00, 0x00,
        0x00, 0x00, 0x00, 0x00, 0x00, 0x00, 0x00, 0x00, 0x00, 0x00, 0x00, 0x00, 0x00, 0x00, 0x00, 0x00,
        0x00, 0x00, 0x00, 0x00, 0x00, 0x00, 0x00, 0x00, 0x00, 0x00, 0x00, 0x00, 0x00, 0x00, 0x00, 0x00,
        0x00, 0x00, 0x00, 0x00, 0x00, 0x00, 0x00, 0x00, 0x00, 0x00, 0x00, 0x00, 0x00, 0x00, 0x00, 0x00,
        0x00, 0x00, 0x00, 0x00, 0x00, 0x00, 0x00, 0x00, 0x00, 0x00, 0x00, 0x00, 0x00, 0x00, 0x00, 0x00,
    },
    // frame 32
    {
        0x00, 0x00, 0x00, 0x00, 0x00, 0x00, 0x00, 0x00, 0x00, 0x00, 0x00, 0x00, 0x00, 0x00, 0x00, 0x00,
        0x00, 0x00, 0x00, 0x00, 0x00, 0x00, 0x00, 0x00, 0x00, 0x00, 0x00, 0x00, 0x00, 0x00, 0x00, 0x00,
        0x00, 0x00, 0x00, 0x00, 0x00, 0x00, 0x00, 0x00, 0x00, 0x00, 0x00, 0x00, 0x00, 0x00, 0x00, 0x00,
        0x00, 0x00, 0x00, 0x00, 0x00, 0x00, 0x00, 0x00, 0x00, 0x00, 0x00, 0x00, 0x00, 0x00, 0x00, 0x00,
        0x00, 0x00, 0x00, 0x1f, 0xf0, 0x00, 0x00, 0x00, 0x00, 0x00, 0x00, 0x0f, 0xf8, 0x00, 0x00, 0x00,
        0x00, 0x00, 0x00, 0xff, 0xf0, 0x00, 0x00, 0x00, 0x00, 0x00, 0x00, 0x0f, 0xff, 0x00, 0x00, 0x00,
        0x00, 0x00, 0x01, 0xff, 0xe0, 0x00, 0x00, 0x00, 0x00, 0x00, 0x00, 0x07, 0xff, 0x80, 0x00, 0x00,
        0x00, 0x00, 0x01, 0xff, 0x00, 0x00, 0x00, 0x00, 0x00, 0x00, 0x00, 0x00, 0xff, 0x80, 0x00, 0x00,
        0x00, 0x00, 0x00, 0x00, 0x00, 0x00, 0x00, 0x00, 0x00, 0x00, 0x00, 0x00, 0x00, 0x00, 0x00, 0x00,
        0x00, 0x00, 0x00, 0x00, 0x00, 0x00, 0x00, 0x00, 0x00, 0x00, 0x00, 0x00, 0x00, 0x00, 0x00, 0x00,
        0x00, 0x00, 0x00, 0x00, 0x00, 0x00, 0x00, 0x00, 0x00, 0x00, 0x00, 0x00, 0x00, 0x00, 0x00, 0x00,
        0x00, 0x00, 0x00, 0x00, 0x00, 0x00, 0x00, 0x00, 0x00, 0x00, 0x00, 0x00, 0x00, 0x00, 0x00, 0x00,
        0xf0, 0x00, 0x00, 0x00, 0x00, 0x00, 0x00, 0x00, 0x00, 0x00, 0x00, 0x00, 0x00, 0x00, 0x00, 0x07,
        0x1e, 0x00, 0x04, 0x78, 0x00, 0x00, 0x00, 0x00, 0x00, 0x00, 0x00, 0x00, 0x1e, 0x00, 0x00, 0x78,
        0x03, 0x80, 0x0f, 0xff, 0xe0, 0x00, 0x00, 0x00, 0x00, 0x00, 0x00, 0x07, 0xff, 0xf0, 0x01, 0xc0,
        0x00, 0x60, 0x7f, 0xff, 0xf8, 0x00, 0x00, 0x00, 0x00, 0x00, 0x00, 0x1f, 0xff, 0xfe, 0x07, 0x00,
        0x00, 0x31, 0xff, 0xff, 0xfe, 0x00, 0x00, 0x00, 0x00, 0x00, 0x00, 0x7f, 0xff, 0xff, 0x8c, 0x00,
        0x00, 0x1f, 0xff, 0x80, 0x1f, 0x00, 0x00, 0x00, 0x00, 0x00, 0x00, 0xf8, 0x01, 0xff, 0xf8, 0x00,
        0x00, 0x0f, 0xfc, 0x00, 0x03, 0xc0, 0x00, 0x00, 0x00, 0x00, 0x03, 0xc0, 0x00, 0x3f, 0xf0, 0x00,
        0xc0, 0x0f, 0xf8, 0x00, 0x01, 0xe0, 0x00, 0x00, 0x00, 0x00, 0x07, 0x80, 0x00, 0x1f, 0xf0, 0x03,
        0x70, 0x1f, 0xe0, 0x01, 0xf8, 0x60, 0x00, 0x00, 0x00, 0x00, 0x06, 0x1f, 0x80, 0x07, 0xf8, 0x06,
        0x30, 0x3f, 0xc0, 0x01, 0xf8, 0x30, 0x00, 0x00, 0x00, 0x00, 0x0c, 0x1f, 0x80, 0x03, 0xfc, 0x0c,
        0x18, 0x3f, 0xc0, 0x00, 0xf8, 0x38, 0x00, 0x00, 0x00, 0x00, 0x1c, 0x1f, 0x00, 0x03, 0xfc, 0x1c,
        0x1c, 0x3f, 0x80, 0x00, 0x00, 0x18, 0x00, 0x00, 0x00, 0x00, 0x18, 0x00, 0x00, 0x01, 0xfc, 0x18,
        0x18, 0x7f, 0x80, 0x00, 0x00, 0x18, 0x00, 0x00, 0x00, 0x00, 0x18, 0x00, 0x00, 0x01, 0xfe, 0x18,
        0x18, 0x7f, 0x80, 0x00, 0x00, 0x18, 0x00, 0x00, 0x00, 0x00, 0x18, 0x00, 0x00, 0x01, 0xfe, 0x1c,
        0x30, 0x7f, 0x80, 0x00, 0x00, 0x18, 0x00, 0x00, 0x00, 0x00, 0x18, 0x00, 0x00, 0x01, 0xfe, 0x0c,
        0xe0, 0x7f, 0x80, 0x00, 0x00, 0x18, 0x00, 0x00, 0x00, 0x00, 0x18, 0x00, 0x00, 0x01, 0xfe, 0x07,
        0xc0, 0x3f, 0x80, 0x00, 0x00, 0x18, 0x00, 0x00, 0x00, 0x00, 0x18, 0x00, 0x00, 0x01, 0xfc, 0x03,
        0x00, 0x3f, 0xc0, 0x00, 0x00, 0x30, 0x00, 0x00, 0x00, 0x00, 0x0c, 0x00, 0x00, 0x03, 0xfc, 0x00,
        0x00, 0x3f, 0xe0, 0x00, 0x00, 0x70, 0x00, 0x00, 0x00, 0x00, 0x0e, 0x00, 0x00, 0x07, 0xfc, 0x00,
        0x00, 0x3f, 0xf0, 0x00, 0x00, 0xe0, 0x00, 0x00, 0x00, 0x00, 0x07, 0x00, 0x00, 0x0f, 0xfc, 0x00,
        0x00, 0xcf, 0xf8, 0x00, 0x01, 0xc0, 0x00, 0x00, 0x00, 0x00, 0x03, 0x80, 0x00, 0x1f, 0xf3, 0x00,
        0x03, 0x87, 0xfe, 0x00, 0x07, 0x80, 0x00, 0x00, 0x00, 0x00, 0x01, 0xe0, 0x00, 0x7f, 0xe0, 0xe0,
        0x3c, 0x03, 0xff, 0xc0, 0x3f, 0x00, 0x00, 0x00, 0x00, 0x00, 0x00, 0xfc, 0x03, 0xff, 0xc0, 0x3c,
        0xe0, 0x00, 0xff, 0xff, 0xfc, 0x00, 0x00, 0x00, 0x00, 0x00, 0x00, 0x3f, 0xff, 0xff, 0x00, 0x03,
        0x00, 0x00, 0x7f, 0xff, 0xf0, 0x00, 0x00, 0x00, 0x00, 0x00, 0x00, 0x0f, 0xff, 0xfe, 0x00, 0x00,
        0x00, 0x00, 0x07, 0xff, 0x80, 0x00, 0x00, 0x00, 0x00, 0x00, 0x00, 0x01, 0xff, 0xe0, 0x00, 0x00,
        0x00, 0x00, 0x00, 0x00, 0x00, 0x00, 0x00, 0x00, 0x00, 0x00, 0x00, 0x00, 0x00, 0x00, 0x00, 0x00,
        0x00, 0x00, 0x00, 0x00, 0x00, 0x00, 0x03, 0x80, 0x03, 0xc0, 0x00, 0x00, 0x00, 0x00, 0x00, 0x00,
        0x00, 0x00, 0x00, 0x00, 0x00, 0x00, 0x01, 0xff, 0xff, 0x00, 0x00, 0x00, 0x00, 0x00, 0x00, 0x00,
        0x00, 0x00, 0x00, 0x00, 0x00, 0x00, 0x00, 0x1f, 0xf0, 0x00, 0x00, 0x00, 0x00, 0x00, 0x00, 0x00,
        0x00, 0x00, 0x00, 0x00, 0x00, 0x00, 0x00, 0x00, 0x00, 0x00, 0x00, 0x00, 0x00, 0x00, 0x00, 0x00,
        0x00, 0x00, 0x00, 0x00, 0x00, 0x00, 0x00, 0x00, 0x00, 0x00, 0x00, 0x00, 0x00, 0x00, 0x00, 0x00,
        0x00, 0x00, 0x00, 0x00, 0x00, 0x00, 0x00, 0x00, 0x00, 0x00, 0x00, 0x00, 0x00, 0x00, 0x00, 0x00,
        0x00, 0x00, 0x00, 0x00, 0x00, 0x00, 0x00, 0x00, 0x00, 0x00, 0x00, 0x00, 0x00, 0x00, 0x00, 0x00,
        0x00, 0x00, 0x00, 0x00, 0x00, 0x00, 0x00, 0x00, 0x00, 0x00, 0x00, 0x00, 0x00, 0x00, 0x00, 0x00,
        0x00, 0x00, 0x00, 0x00, 0x00, 0x00, 0x00, 0x00, 0x00, 0x00, 0x00, 0x00, 0x00, 0x00, 0x00, 0x00,
    },
    // frame 33
    {
        0x00, 0x00, 0x00, 0x00, 0x00, 0x00, 0x00, 0x00, 0x00, 0x00, 0x00, 0x00, 0x00, 0x00, 0x00, 0x00,
        0x00, 0x00, 0x00, 0x00, 0x00, 0x00, 0x00, 0x00, 0x00, 0x00, 0x00, 0x00, 0x00, 0x00, 0x00, 0x00,
        0x00, 0x00, 0x00, 0x00, 0x00, 0x00, 0x00, 0x00, 0x00, 0x00, 0x00, 0x00, 0x00, 0x00, 0x00, 0x00,
        0x00, 0x00, 0x00, 0x00, 0x00, 0x00, 0x00, 0x00, 0x00, 0x00, 0x00, 0x00, 0x00, 0x00, 0x00, 0x00,
        0x00, 0x00, 0x00, 0x1f, 0xf0, 0x00, 0x00, 0x00, 0x00, 0x00, 0x00, 0x0f, 0xf8, 0x00, 0x00, 0x00,
        0x00, 0x00, 0x00, 0xff, 0xf0, 0x00, 0x00, 0x00, 0x00, 0x00, 0x00, 0x0f, 0xff, 0x00, 0x00, 0x00,
        0x00, 0x00, 0x01, 0xff, 0xe0, 0x00, 0x00, 0x00, 0x00, 0x00, 0x00, 0x07, 0xff, 0x80, 0x00, 0x00,
        0x00, 0x00, 0x01, 0xff, 0x00, 0x00, 0x00, 0x00, 0x00, 0x00, 0x00, 0x00, 0xff, 0x80, 0x00, 0x00,
        0x00, 0x00, 0x00, 0x00, 0x00, 0x00, 0x00, 0x00, 0x00, 0x00, 0x00, 0x00, 0x00, 0x00, 0x00, 0x00,
        0x00, 0x00, 0x00, 0x00, 0x00, 0x00, 0x00, 0x00, 0x00, 0x00, 0x00, 0x00, 0x00, 0x00, 0x00, 0x00,
        0x00, 0x00, 0x00, 0x00, 0x00, 0x00, 0x00, 0x00, 0x00, 0x00, 0x00, 0x00, 0x00, 0x00, 0x00, 0x00,
        0xf0, 0x00, 0x00, 0x00, 0x00, 0x00, 0x00, 0x00, 0x00, 0x00, 0x00, 0x00, 0x00, 0x00, 0x00, 0x0f,
        0x0e, 0x00, 0x00, 0x00, 0x00, 0x00, 0x00, 0x00, 0x00, 0x00, 0x00, 0x00, 0x00, 0x00, 0x00, 0x70,
        0x01, 0xc0, 0x01, 0x78, 0x00, 0x00, 0x00, 0x00, 0x00, 0x00, 0x00, 0x00, 0x1e, 0xc0, 0x03, 0x80,
        0x00, 0x60, 0x0f, 0xff, 0xc0, 0x00, 0x00, 0x00, 0x00, 0x00, 0x00, 0x03, 0xff, 0xf0, 0x06, 0x00,
        0x00, 0x18, 0x7f, 0xff, 0xf8, 0x00, 0x00, 0x00, 0x00, 0x00, 0x00, 0x1f, 0xff, 0xfe, 0x18, 0x00,
        0x00, 0x0d, 0xff, 0xff, 0xfe, 0x00, 0x00, 0x00, 0x00, 0x00, 0x00, 0x7f, 0xff, 0xff, 0xb0, 0x00,
        0x00, 0x07, 0xff, 0x80, 0x1f, 0x00, 0x00, 0x00, 0x00, 0x00, 0x00, 0xf8, 0x01, 0xff, 0xe0, 0x00,
        0xe0, 0x07, 0xfc, 0x00, 0x03, 0xc0, 0x00, 0x00, 0x00, 0x00, 0x03, 0xc0, 0x00, 0x3f, 0xe0, 0x07,
        0x30, 0x0f, 0xf8, 0x00, 0x01, 0xe0, 0x00, 0x00, 0x00, 0x00, 0x07, 0x80, 0x00, 0x1f, 0xf0, 0x0e,
        0x1c, 0x1f, 0xe0, 0x01, 0xf8, 0x60, 0x00, 0x00, 0x00, 0x00, 0x06, 0x1f, 0x80, 0x07, 0xf8, 0x18,
        0x0c, 0x3f, 0xc0, 0x01, 0xf8, 0x30, 0x00, 0x00, 0x00, 0x00, 0x0c, 0x1f, 0x80, 0x03, 0xfc, 0x30,
        0x06, 0x3f, 0xc0, 0x00, 0xf8, 0x38, 0x00, 0x00, 0x00, 0x00, 0x1c, 0x1f, 0x00, 0x03, 0xfc, 0x60,
        0x06, 0x7f, 0x80, 0x00, 0x00, 0x18, 0x00, 0x00, 0x00, 0x00, 0x18, 0x00, 0x00, 0x01, 0xfe, 0x60,
        0x06, 0x7f, 0x80, 0x00, 0x00, 0x18, 0x00, 0x00, 0x00, 0x00, 0x18, 0x00, 0x00, 0x01, 0xfe, 0x60,
        0x0e, 0x7f, 0x80, 0x00, 0x00, 0x18, 0x00, 0x00, 0x00, 0x00, 0x18, 0x00, 0x00, 0x01, 0xfe, 0x30,
        0x0c, 0x7f, 0x80, 0x00, 0x00, 0x18, 0x00, 0x00, 0x00, 0x00, 0x18, 0x00, 0x00, 0x01, 0xfe, 0x30,
        0x18, 0x7f, 0x80, 0x00, 0x00, 0x18, 0x00, 0x00, 0x00, 0x00, 0x18, 0x00, 0x00, 0x01, 0xfe, 0x18,
        0x70, 0x3f, 0x80, 0x00, 0x00, 0x18, 0x00, 0x00, 0x00, 0x00, 0x18, 0x00, 0x00, 0x01, 0xfc, 0x0e,
        0xc0, 0x3f, 0xc0, 0x00, 0x00, 0x30, 0x00, 0x00, 0x00, 0x00, 0x0c, 0x00, 0x00, 0x03, 0xfc, 0x03,
        0x00, 0x3f, 0xe0, 0x00, 0x00, 0x70, 0x00, 0x00, 0x00, 0x00, 0x0e, 0x00, 0x00, 0x07, 0xf8, 0x00,
        0x00, 0x1f, 0xf0, 0x00, 0x00, 0xe0, 0x00, 0x00, 0x00, 0x00, 0x07, 0x00, 0x00, 0x0f, 0xf8, 0x00,
        0x00, 0x3f, 0xf8, 0x00, 0x01, 0xc0, 0x00, 0x00, 0x00, 0x00, 0x03, 0x80, 0x00, 0x1f, 0xfc, 0x00,
        0x00, 0x67, 0xfe, 0x00, 0x07, 0x80, 0x00, 0x00, 0x00, 0x00, 0x01, 0xe0, 0x00, 0x7f, 0xe7, 0x00,
        0x03, 0x83, 0xff, 0xc0, 0x3f, 0x00, 0x00, 0x00, 0x00, 0x00, 0x00, 0xfc, 0x03, 0xff, 0xc1, 0xc0,
        0x1c, 0x00, 0xff, 0xff, 0xfc, 0x00, 0x00, 0x00, 0x00, 0x00, 0x00, 0x3f, 0xff, 0xff, 0x00, 0x38,
        0xc0, 0x00, 0x3f, 0xff, 0xf0, 0x00, 0x00, 0x00, 0x00, 0x00, 0x00, 0x0f, 0xff, 0xfc, 0x00, 0x03,
        0x00, 0x00, 0x07, 0xff, 0x80, 0x00, 0x00, 0x00, 0x00, 0x00, 0x00, 0x01, 0xff, 0xe0, 0x00, 0x00,
        0x00, 0x00, 0x00, 0x00, 0x00, 0x00, 0x00, 0x00, 0x00, 0x00, 0x00, 0x00, 0x00, 0x00, 0x00, 0x00,
        0x00, 0x00, 0x00, 0x00, 0x00, 0x00, 0x03, 0x80, 0x03, 0xc0, 0x00, 0x00, 0x00, 0x00, 0x00, 0x00,
        0x00, 0x00, 0x00, 0x00, 0x00, 0x00, 0x01, 0xff, 0xff, 0x00, 0x00, 0x00, 0x00, 0x00, 0x00, 0x00,
        0x00, 0x00, 0x00, 0x00, 0x00, 0x00, 0x00, 0x1f, 0xf0, 0x00, 0x00, 0x00, 0x00, 0x00, 0x00, 0x00,
        0x00, 0x00, 0x00, 0x00, 0x00, 0x00, 0x00, 0x00, 0x00, 0x00, 0x00, 0x00, 0x00, 0x00, 0x00, 0x00,
        0x00, 0x00, 0x00, 0x00, 0x00, 0x00, 0x00, 0x00, 0x00, 0x00, 0x00, 0x00, 0x00, 0x00, 0x00, 0x00,
        0x00, 0x00, 0x00, 0x00, 0x00, 0x00, 0x00, 0x00, 0x00, 0x00, 0x00, 0x00, 0x00, 0x00, 0x00, 0x00,
        0x00, 0x00, 0x00, 0x00, 0x00, 0x00, 0x00, 0x00, 0x00, 0x00, 0x00, 0x00, 0x00, 0x00, 0x00, 0x00,
        0x00, 0x00, 0x00, 0x00, 0x00, 0x00, 0x00, 0x00, 0x00, 0x00, 0x00, 0x00, 0x00, 0x00, 0x00, 0x00,
        0x00, 0x00, 0x00, 0x00, 0x00, 0x00, 0x00, 0x00, 0x00, 0x00, 0x00, 0x00, 0x00, 0x00, 0x00, 0x00,
    },
    // frame 34
    {
        0x00, 0x00, 0x00, 0x00, 0x00, 0x00, 0x00, 0x00, 0x00, 0x00, 0x00, 0x00, 0x00, 0x00, 0x00, 0x00,
        0x00, 0x00, 0x00, 0x00, 0x00, 0x00, 0x00, 0x00, 0x00, 0x00, 0x00, 0x00, 0x00, 0x00, 0x00, 0x00,
        0x00, 0x00, 0x00, 0x00, 0x00, 0x00, 0x00, 0x00, 0x00, 0x00, 0x00, 0x00, 0x00, 0x00, 0x00, 0x00,
        0x00, 0x00, 0x00, 0x00, 0x00, 0x00, 0x00, 0x00, 0x00, 0x00, 0x00, 0x00, 0x00, 0x00, 0x00, 0x00,
        0x00, 0x00, 0x00, 0x1f, 0xf0, 0x00, 0x00, 0x00, 0x00, 0x00, 0x00, 0x0f, 0xf8, 0x00, 0x00, 0x00,
        0x00, 0x00, 0x00, 0xff, 0xf0, 0x00, 0x00, 0x00, 0x00, 0x00, 0x00, 0x0f, 0xff, 0x00, 0x00, 0x00,
        0x00, 0x00, 0x01, 0xff, 0xe0, 0x00, 0x00, 0x00, 0x00, 0x00, 0x00, 0x07, 0xff, 0x80, 0x00, 0x00,
        0x00, 0x00, 0x01, 0xff, 0x00, 0x00, 0x00, 0x00, 0x00, 0x00, 0x00, 0x00, 0xff, 0x80, 0x00, 0x00,
        0x00, 0x00, 0x00, 0x00, 0x00, 0x00, 0x00, 0x00, 0x00, 0x00, 0x00, 0x00, 0x00, 0x00, 0x00, 0x00,
        0x00, 0x00, 0x00, 0x00, 0x00, 0x00, 0x00, 0x00, 0x00, 0x00, 0x00, 0x00, 0x00, 0x00, 0x00, 0x00,
        0xf0, 0x00, 0x00, 0x00, 0x00, 0x00, 0x00, 0x00, 0x00, 0x00, 0x00, 0x00, 0x00, 0x00, 0x00, 0x0f,
        0x0e, 0x00, 0x00, 0x00, 0x00, 0x00, 0x00, 0x00, 0x00, 0x00, 0x00, 0x00, 0x00, 0x00, 0x00, 0x70,
        0x00, 0xc0, 0x00, 0x00, 0x00, 0x00, 0x00, 0x00, 0x00, 0x00, 0x00, 0x00, 0x00, 0x00, 0x03, 0x80,
        0x00, 0x30, 0x00, 0xf8, 0x00, 0x00, 0x00, 0x00, 0x00, 0x00, 0x00, 0x00, 0x1f, 0x00, 0x0c, 0x00,
        0x00, 0x08, 0x0f, 0xff, 0xc0, 0x00, 0x00, 0x00, 0x00, 0x00, 0x00, 0x03, 0xff, 0xf0, 0x18, 0x00,
        0x00, 0x06, 0x7f, 0xff, 0xf8, 0x00, 0x00, 0x00, 0x00, 0x00, 0x00, 0x1f, 0xff, 0xfe, 0x60, 0x00,
        0x00, 0x03, 0xff, 0xff, 0xfe, 0x00, 0x00, 0x00, 0x00, 0x00, 0x00, 0x7f, 0xff, 0xff, 0x80, 0x00,
        0xe0, 0x03, 0xff, 0x80, 0x1f, 0x00, 0x00, 0x00, 0x00, 0x00, 0x00, 0xf8, 0x01, 0xff, 0xc0, 0x07,
        0x38, 0x07, 0xfc, 0x00, 0x03, 0xc0, 0x00, 0x00, 0x00, 0x00, 0x03, 0xc0, 0x00, 0x3f, 0xe0, 0x1c,
        0x0c, 0x0f, 0xf8, 0x00, 0x01, 0xe0, 0x00, 0x00, 0x00, 0x00, 0x07, 0x80, 0x00, 0x1f, 0xf0, 0x30,
        0x06, 0x1f, 0xe0, 0x01, 0xf8, 0x60, 0x00, 0x00, 0x00, 0x00, 0x06, 0x1f, 0x80, 0x07, 0xf8, 0x60,
        0x03, 0x3f, 0xc0, 0x01, 0xf8, 0x30, 0x00, 0x00, 0x00, 0x00, 0x0c, 0x1f, 0x80, 0x03, 0xfc, 0xc0,
        0x03, 0xbf, 0xc0, 0x00, 0xf8, 0x38, 0x00, 0x00, 0x00, 0x00, 0x1c, 0x1f, 0x00, 0x03, 0xfc, 0xc0,
        0x01, 0xff, 0x80, 0x00, 0x00, 0x18, 0x00, 0x00, 0x00, 0x00, 0x18, 0x00, 0x00, 0x01, 0xfc, 0xc0,
        0x01, 0xff, 0x80, 0x00, 0x00, 0x18, 0x00, 0x00, 0x00, 0x00, 0x18, 0x00, 0x00, 0x01, 0xfe, 0xc0,
        0x03, 0xff, 0x80, 0x00, 0x00, 0x18, 0x00, 0x00, 0x00, 0x00, 0x18, 0x00, 0x00, 0x01, 0xfe, 0xc0,
        0x03, 0x7f, 0x80, 0x00, 0x00, 0x18, 0x00, 0x00, 0x00, 0x00, 0x18, 0x00, 0x00, 0x01, 0xfe, 0xc0,
        0x06, 0x7f, 0x80, 0x00, 0x00, 0x18, 0x00, 0x00, 0x00, 0x00, 0x18, 0x00, 0x00, 0x01, 0xfe, 0x60,
        0x1c, 0x3f, 0x80, 0x00, 0x00, 0x18, 0x00, 0x00, 0x00, 0x00, 0x18, 0x00, 0x00, 0x01, 0xfc, 0x38,
        0x78, 0x3f, 0xc0, 0x00, 0x00, 0x30, 0x00, 0x00, 0x00, 0x00, 0x0c, 0x00, 0x00, 0x03, 0xfc, 0x0e,
        0xe0, 0x1f, 0xe0, 0x00, 0x00, 0x70, 0x00, 0x00, 0x00, 0x00, 0x0e, 0x00, 0x00, 0x07, 0xf8, 0x07,
        0x00, 0x1f, 0xf0, 0x00, 0x00, 0xe0, 0x00, 0x00, 0x00, 0x00, 0x07, 0x00, 0x00, 0x0f, 0xf8, 0x00,
        0x00, 0x0f, 0xf8, 0x00, 0x01, 0xc0, 0x00, 0x00, 0x00, 0x00, 0x03, 0x80, 0x00, 0x1f, 0xf0, 0x00,
        0x00, 0x1f, 0xfe, 0x00, 0x07, 0x80, 0x00, 0x00, 0x00, 0x00, 0x01, 0xe0, 0x00, 0x7f, 0xf8, 0x00,
        0x00, 0x63, 0xff, 0xc0, 0x3f, 0x00, 0x00, 0x00, 0x00, 0x00, 0x00, 0xfc, 0x03, 0xff, 0xc6, 0x00,
        0x01, 0x80, 0xff, 0xff, 0xfc, 0x00, 0x00, 0x00, 0x00, 0x00, 0x00, 0x3f, 0xff, 0xff, 0x01, 0xc0,
        0x0e, 0x00, 0x3f, 0xff, 0xf0, 0x00, 0x00, 0x00, 0x00, 0x00, 0x00, 0x0f, 0xff, 0xfc, 0x00, 0x18,
        0x80, 0x00, 0x07, 0xff, 0x80, 0x00, 0x00, 0x00, 0x00, 0x00, 0x00, 0x01, 0xff, 0xf0, 0x00, 0x01,
        0x00, 0x00, 0x00, 0x00, 0x00, 0x00, 0x00, 0x00, 0x00, 0x00, 0x00, 0x00, 0x00, 0x00, 0x00, 0x00,
        0x00, 0x00, 0x00, 0x00, 0x00, 0x00, 0x03, 0x80, 0x03, 0xc0, 0x00, 0x00, 0x00, 0x00, 0x00, 0x00,
        0x00, 0x00, 0x00, 0x00, 0x00, 0x00, 0x01, 0xff, 0xff, 0x00, 0x00, 0x00, 0x00, 0x00, 0x00, 0x00,
        0x00, 0x00, 0x00, 0x00, 0x00, 0x00, 0x00, 0x1f, 0xf0, 0x00, 0x00, 0x00, 0x00, 0x00, 0x00, 0x00,
        0x00, 0x00, 0x00, 0x00, 0x00, 0x00, 0x00, 0x00, 0x00, 0x00, 0x00, 0x00, 0x00, 0x00, 0x00, 0x00,
        0x00, 0x00, 0x00, 0x00, 0x00, 0x00, 0x00, 0x00, 0x00, 0x00, 0x00, 0x00, 0x00, 0x00, 0x00, 0x00,
        0x00, 0x00, 0x00, 0x00, 0x00, 0x00, 0x00, 0x00, 0x00, 0x00, 0x00, 0x00, 0x00, 0x00, 0x00, 0x00,
        0x00, 0x00, 0x00, 0x00, 0x00, 0x00, 0x00, 0x00, 0x00, 0x00, 0x00, 0x00, 0x00, 0x00, 0x00, 0x00,
        0x00, 0x00, 0x00, 0x00, 0x00, 0x00, 0x00, 0x00, 0x00, 0x00, 0x00, 0x00, 0x00, 0x00, 0x00, 0x00,
        0x00, 0x00, 0x00, 0x00, 0x00, 0x00, 0x00, 0x00, 0x00, 0x00, 0x00, 0x00, 0x00, 0x00, 0x00, 0x00,
    },
    // frame 35
    {
        0x00, 0x00, 0x00, 0x00, 0x00, 0x00, 0x00, 0x00, 0x00, 0x00, 0x00, 0x00, 0x00, 0x00, 0x00, 0x00,
        0x00, 0x00, 0x00, 0x00, 0x00, 0x00, 0x00, 0x00, 0x00, 0x00, 0x00, 0x00, 0x00, 0x00, 0x00, 0x00,
        0x00, 0x00, 0x00, 0x00, 0x00, 0x00, 0x00, 0x00, 0x00, 0x00, 0x00, 0x00, 0x00, 0x00, 0x00, 0x00,
        0x00, 0x00, 0x00, 0x00, 0x00, 0x00, 0x00, 0x00, 0x00, 0x00, 0x00, 0x00, 0x00, 0x00, 0x00, 0x00,
        0x00, 0x00, 0x00, 0x1f, 0xf0, 0x00, 0x00, 0x00, 0x00, 0x00, 0x00, 0x0f, 0xf8, 0x00, 0x00, 0x00,
        0x00, 0x00, 0x00, 0xff, 0xf0, 0x00, 0x00, 0x00, 0x00, 0x00, 0x00, 0x0f, 0xff, 0x00, 0x00, 0x00,
        0x00, 0x00, 0x01, 0xff, 0xe0, 0x00, 0x00, 0x00, 0x00, 0x00, 0x00, 0x07, 0xff, 0x80, 0x00, 0x00,
        0x00, 0x00, 0x01, 0xff, 0x00, 0x00, 0x00, 0x00, 0x00, 0x00, 0x00, 0x00, 0xff, 0x80, 0x00, 0x00,
        0x00, 0x00, 0x00, 0x00, 0x00, 0x00, 0x00, 0x00, 0x00, 0x00, 0x00, 0x00, 0x00, 0x00, 0x00, 0x00,
        0x70, 0x00, 0x00, 0x00, 0x00, 0x00, 0x00, 0x00, 0x00, 0x00, 0x00, 0x00, 0x00, 0x00, 0x00, 0x07,
        0x06, 0x00, 0x00, 0x00, 0x00, 0x00, 0x00, 0x00, 0x00, 0x00, 0x00, 0x00, 0x00, 0x00, 0x00, 0x60,
        0x00, 0xc0, 0x00, 0x00, 0x00, 0x00, 0x00, 0x00, 0x00, 0x00, 0x00, 0x00, 0x00, 0x00, 0x03, 0x00,
        0x00, 0x10, 0x00, 0x00, 0x00, 0x00, 0x00, 0x00, 0x00, 0x00, 0x00, 0x00, 0x00, 0x00, 0x08, 0x00,
        0x00, 0x04, 0x00, 0x78, 0x00, 0x00, 0x00, 0x00, 0x00, 0x00, 0x00, 0x00, 0x3e, 0x00, 0x20, 0x00,
        0x00, 0x03, 0x0f, 0xff, 0xc0, 0x00, 0x00, 0x00, 0x00, 0x00, 0x00, 0x03, 0xff, 0xf0, 0x40, 0x00,
        0x80, 0x01, 0xff, 0xff, 0xf8, 0x00, 0x00, 0x00, 0x00, 0x00, 0x00, 0x1f, 0xff, 0xff, 0x00, 0x00,
        0xf0, 0x01, 0xff, 0xff, 0xfe, 0x00, 0x00, 0x00, 0x00, 0x00, 0x00, 0x7f, 0xff, 0xff, 0x80, 0x07,
        0x1c, 0x03, 0xff, 0x80, 0x1f, 0x00, 0x00, 0x00, 0x00, 0x00, 0x00, 0xf8, 0x01, 0xff, 0xc0, 0x3c,
        0x06, 0x07, 0xfc, 0x00, 0x03, 0xc0, 0x00, 0x00, 0x00, 0x00, 0x03, 0xc0, 0x00, 0x3f, 0xe0, 0x70,
        0x03, 0x0f, 0xf8, 0x00, 0x01, 0xe0, 0x00, 0x00, 0x00, 0x00, 0x07, 0x80, 0x00, 0x1f, 0xf0, 0xc0,
        0x01, 0x9f, 0xe0, 0x01, 0xf8, 0x60, 0x00, 0x00, 0x00, 0x00, 0x06, 0x1f, 0x80, 0x07, 0xf9, 0x80,
        0x00, 0xff, 0xc0, 0x01, 0xf8, 0x30, 0x00, 0x00, 0x00, 0x00, 0x0c, 0x1f, 0x80, 0x03, 0xff, 0x00,
        0x00, 0xff, 0xc0, 0x00, 0xf8, 0x38, 0x00, 0x00, 0x00, 0x00, 0x1c, 0x1f, 0x00, 0x03, 0xff, 0x00,
        0x00, 0xff, 0x80, 0x00, 0x00, 0x18, 0x00, 0x00, 0x00, 0x00, 0x18, 0x00, 0x00, 0x01, 0xff, 0x00,
        0x00, 0xff, 0x80, 0x00, 0x00, 0x18, 0x00, 0x00, 0x00, 0x00, 0x18, 0x00, 0x00, 0x01, 0xff, 0x00,
        0x00, 0xff, 0x80, 0x00, 0x00, 0x18, 0x00, 0x00, 0x00, 0x00, 0x18, 0x00, 0x00, 0x01, 0xff, 0x00,
        0x00, 0xff, 0x80, 0x00, 0x00, 0x18, 0x00, 0x00, 0x00, 0x00, 0x18, 0x00, 0x00, 0x01, 0xff, 0x80,
        0x01, 0xff, 0x80, 0x00, 0x00, 0x18, 0x00, 0x00, 0x00, 0x00, 0x18, 0x00, 0x00, 0x01, 0xff, 0x80,
        0x03, 0x3f, 0x80, 0x00, 0x00, 0x18, 0x00, 0x00, 0x00, 0x00, 0x18, 0x00, 0x00, 0x01, 0xfc, 0xe0,
        0x0e, 0x3f, 0xc0, 0x00, 0x00, 0x30, 0x00, 0x00, 0x00, 0x00, 0x0c, 0x00, 0x00, 0x03, 0xfc, 0x70,
        0x38, 0x1f, 0xe0, 0x00, 0x00, 0x70, 0x00, 0x00, 0x00, 0x00, 0x0e, 0x00, 0x00, 0x07, 0xf8, 0x1c,
        0xe0, 0x1f, 0xf0, 0x00, 0x00, 0xe0, 0x00, 0x00, 0x00, 0x00, 0x07, 0x00, 0x00, 0x0f, 0xf8, 0x07,
        0x00, 0x0f, 0xf8, 0x00, 0x01, 0xc0, 0x00, 0x00, 0x00, 0x00, 0x03, 0x80, 0x00, 0x1f, 0xf0, 0x00,
        0x00, 0x07, 0xfe, 0x00, 0x07, 0x80, 0x00, 0x00, 0x00, 0x00, 0x01, 0xe0, 0x00, 0x7f, 0xe0, 0x00,
        0x00, 0x0b, 0xff, 0xc0, 0x3f, 0x00, 0x00, 0x00, 0x00, 0x00, 0x00, 0xfc, 0x03, 0xff, 0xd0, 0x00,
        0x00, 0x10, 0xff, 0xff, 0xfc, 0x00, 0x00, 0x00, 0x00, 0x00, 0x00, 0x3f, 0xff, 0xff, 0x04, 0x00,
        0x00, 0x80, 0x3f, 0xff, 0xf0, 0x00, 0x00, 0x00, 0x00, 0x00, 0x00, 0x0f, 0xff, 0xfc, 0x01, 0x00,
        0x0c, 0x00, 0x07, 0xff, 0x80, 0x00, 0x00, 0x00, 0x00, 0x00, 0x00, 0x01, 0xff, 0xe0, 0x00, 0x20,
        0x40, 0x00, 0x00, 0x00, 0x00, 0x00, 0x00, 0x00, 0x00, 0x00, 0x00, 0x00, 0x00, 0x00, 0x00, 0x03,
        0x00, 0x00, 0x00, 0x00, 0x00, 0x00, 0x03, 0x80, 0x03, 0xc0, 0x00, 0x00, 0x00, 0x00, 0x00, 0x00,
        0x00, 0x00, 0x00, 0x00, 0x00, 0x00, 0x01, 0xff, 0xff, 0x00, 0x00, 0x00, 0x00, 0x00, 0x00, 0x00,
        0x00, 0x00, 0x00, 0x00, 0x00, 0x00, 0x00, 0x1f, 0xf0, 0x00, 0x00, 0x00, 0x00, 0x00, 0x00, 0x00,
        0x00, 0x00, 0x00, 0x00, 0x00, 0x00, 0x00, 0x00, 0x00, 0x00, 0x00, 0x00, 0x00, 0x00, 0x00, 0x00,
        0x00, 0x00, 0x00, 0x00, 0x00, 0x00, 0x00, 0x00, 0x00, 0x00, 0x00, 0x00, 0x00, 0x00, 0x00, 0x00,
        0x00, 0x00, 0x00, 0x00, 0x00, 0x00, 0x00, 0x00, 0x00, 0x00, 0x00, 0x00, 0x00, 0x00, 0x00, 0x00,
        0x00, 0x00, 0x00, 0x00, 0x00, 0x00, 0x00, 0x00, 0x00, 0x00, 0x00, 0x00, 0x00, 0x00, 0x00, 0x00,
        0x00, 0x00, 0x00, 0x00, 0x00, 0x00, 0x00, 0x00, 0x00, 0x00, 0x00, 0x00, 0x00, 0x00, 0x00, 0x00,
        0x00, 0x00, 0x00, 0x00, 0x00, 0x00, 0x00, 0x00, 0x00, 0x00, 0x00, 0x00, 0x00, 0x00, 0x00, 0x00,
    },
    // frame 36
    {
        0x00, 0x00, 0x00, 0x00, 0x00, 0x00, 0x00, 0x00, 0x00, 0x00, 0x00, 0x00, 0x00, 0x00, 0x00, 0x00,
        0x00, 0x00, 0x00, 0x00, 0x00, 0x00, 0x00, 0x00, 0x00, 0x00, 0x00, 0x00, 0x00, 0x00, 0x00, 0x00,
        0x00, 0x00, 0x00, 0x00, 0x00, 0x00, 0x00, 0x00, 0x00, 0x00, 0x00, 0x00, 0x00, 0x00, 0x00, 0x00,
        0x00, 0x00, 0x00, 0x00, 0x00, 0x00, 0x00, 0x00, 0x00, 0x00, 0x00, 0x00, 0x00, 0x00, 0x00, 0x00,
        0x00, 0x00, 0x00, 0x1f, 0xf0, 0x00, 0x00, 0x00, 0x00, 0x00, 0x00, 0x0f, 0xf8, 0x00, 0x00, 0x00,
        0x00, 0x00, 0x00, 0xff, 0xf0, 0x00, 0x00, 0x00, 0x00, 0x00, 0x00, 0x0f, 0xff, 0x00, 0x00, 0x00,
        0x00, 0x00, 0x01, 0xff, 0xe0, 0x00, 0x00, 0x00, 0x00, 0x00, 0x00, 0x07, 0xff, 0x80, 0x00, 0x00,
        0x00, 0x00, 0x01, 0xff, 0x00, 0x00, 0x00, 0x00, 0x00, 0x00, 0x00, 0x00, 0xff, 0x80, 0x00, 0x00,
        0x00, 0x00, 0x00, 0x00, 0x00, 0x00, 0x00, 0x00, 0x00, 0x00, 0x00, 0x00, 0x00, 0x00, 0x00, 0x00,
        0x00, 0x80, 0x00, 0x00, 0x00, 0x00, 0x00, 0x00, 0x00, 0x00, 0x00, 0x00, 0x00, 0x00, 0x00, 0x80,
        0x00, 0x00, 0x00, 0x00, 0x00, 0x00, 0x00, 0x00, 0x00, 0x00, 0x00, 0x00, 0x00, 0x00, 0x04, 0x00,
        0x00, 0x00, 0x00, 0x00, 0x00, 0x00, 0x00, 0x00, 0x00, 0x00, 0x00, 0x00, 0x00, 0x00, 0x00, 0x00,
        0x00, 0x00, 0x00, 0x00, 0x00, 0x00, 0x00, 0x00, 0x00, 0x00, 0x00, 0x00, 0x00, 0x00, 0x00, 0x00,
        0x00, 0x00, 0x80, 0x7c, 0x00, 0x00, 0x00, 0x00, 0x00, 0x00, 0x00, 0x00, 0x3e, 0x01, 0x00, 0x00,
        0xe0, 0x00, 0x2f, 0xff, 0xc0, 0x00, 0x00, 0x00, 0x00, 0x00, 0x00, 0x03, 0xff, 0xf0, 0x00, 0x07,
        0x3c, 0x00, 0x7f, 0xff, 0xf8, 0x00, 0x00, 0x00, 0x00, 0x00, 0x00, 0x1f, 0xff, 0xfe, 0x00, 0x1e,
        0x06, 0x01, 0xff, 0xff, 0xfe, 0x00, 0x00, 0x00, 0x00, 0x00, 0x00, 0x7f, 0xff, 0xff, 0x80, 0x70,
        0x01, 0x83, 0xff, 0x80, 0x1f, 0x00, 0x00, 0x00, 0x00, 0x00, 0x00, 0xf8, 0x01, 0xff, 0xc1, 0xc0,
        0x00, 0xc7, 0xfc, 0x00, 0x03, 0xc0, 0x00, 0x00, 0x00, 0x00, 0x03, 0xc0, 0x00, 0x3f, 0xe3, 0x00,
        0x00, 0x7f, 0xf8, 0x00, 0x01, 0xe0, 0x00, 0x00, 0x00, 0x00, 0x07, 0x80, 0x00, 0x1f, 0xf6, 0x00,
        0x00, 0x3f, 0xe0, 0x01, 0xf8, 0x60, 0x00, 0x00, 0x00, 0x00, 0x06, 0x1f, 0x80, 0x07, 0xfc, 0x00,
        0x00, 0x3f, 0xc0, 0x01, 0xf8, 0x30, 0x00, 0x00, 0x00, 0x00, 0x0c, 0x1f, 0x80, 0x03, 0xfc, 0x00,
        0x80, 0x3f, 0xc0, 0x00, 0xf8, 0x38, 0x00, 0x00, 0x00, 0x00, 0x1c, 0x1f, 0x00, 0x03, 0xfc, 0x01,
        0xc0, 0x7f, 0x80, 0x00, 0x00, 0x18, 0x00, 0x00, 0x00, 0x00, 0x18, 0x00, 0x00, 0x01, 0xfe, 0x03,
        0xc0, 0x7f, 0x80, 0x00, 0x00, 0x18, 0x00, 0x00, 0x00, 0x00, 0x18, 0x00, 0x00, 0x01, 0xfe, 0x03,
        0x80, 0x7f, 0x80, 0x00, 0x00, 0x18, 0x00, 0x00, 0x00, 0x00, 0x18, 0x00, 0x00, 0x01, 0xfe, 0x01,
        0x00, 0x7f, 0x80, 0x00, 0x00, 0x18, 0x00, 0x00, 0x00, 0x00, 0x18, 0x00, 0x00, 0x01, 0xfe, 0x00,
        0x00, 0x7f, 0x80, 0x00, 0x00, 0x18, 0x00, 0x00, 0x00, 0x00, 0x18, 0x00, 0x00, 0x01, 0xfe, 0x00,
        0x00, 0x7f, 0x80, 0x00, 0x00, 0x18, 0x00, 0x00, 0x00, 0x00, 0x18, 0x00, 0x00, 0x01, 0xfe, 0x00,
        0x00, 0xff, 0xc0, 0x00, 0x00, 0x30, 0x00, 0x00, 0x00, 0x00, 0x0c, 0x00, 0x00, 0x03, 0xff, 0x80,
        0x03, 0xbf, 0xe0, 0x00, 0x00, 0x70, 0x00, 0x00, 0x00, 0x00, 0x0e, 0x00, 0x00, 0x07, 0xfc, 0xc0,
        0x0e, 0x1f, 0xf0, 0x00, 0x00, 0xe0, 0x00, 0x00, 0x00, 0x00, 0x07, 0x00, 0x00, 0x0f, 0xf8, 0x70,
        0x78, 0x0f, 0xf8, 0x00, 0x01, 0xc0, 0x00, 0x00, 0x00, 0x00, 0x03, 0x80, 0x00, 0x1f, 0xf0, 0x1e,
        0xc0, 0x07, 0xfe, 0x00, 0x07, 0x80, 0x00, 0x00, 0x00, 0x00, 0x01, 0xe0, 0x00, 0x7f, 0xe0, 0x03,
        0x00, 0x03, 0xff, 0xc0, 0x3f, 0x00, 0x00, 0x00, 0x00, 0x00, 0x00, 0xfc, 0x03, 0xff, 0xc0, 0x00,
        0x00, 0x01, 0xff, 0xff, 0xfc, 0x00, 0x00, 0x00, 0x00, 0x00, 0x00, 0x3f, 0xff, 0xff, 0x00, 0x00,
        0x00, 0x00, 0x3f, 0xff, 0xf0, 0x00, 0x00, 0x00, 0x00, 0x00, 0x00, 0x0f, 0xff, 0xfc, 0x00, 0x00,
        0x00, 0x00, 0x07, 0xff, 0x80, 0x00, 0x00, 0x00, 0x00, 0x00, 0x00, 0x01, 0xff, 0xe0, 0x00, 0x00,
        0x00, 0x00, 0x00, 0x00, 0x00, 0x00, 0x00, 0x00, 0x00, 0x00, 0x00, 0x00, 0x00, 0x00, 0x00, 0x40,
        0x10, 0x00, 0x00, 0x00, 0x00, 0x00, 0x03, 0x80, 0x03, 0xc0, 0x00, 0x00, 0x00, 0x00, 0x00, 0x00,
        0x00, 0x00, 0x00, 0x00, 0x00, 0x00, 0x01, 0xff, 0xff, 0x00, 0x00, 0x00, 0x00, 0x00, 0x00, 0x00,
        0x00, 0x00, 0x00, 0x00, 0x00, 0x00, 0x00, 0x1f, 0xf0, 0x00, 0x00, 0x00, 0x00, 0x00, 0x00, 0x00,
        0x00, 0x00, 0x00, 0x00, 0x00, 0x00, 0x00, 0x00, 0x00, 0x00, 0x00, 0x00, 0x00, 0x00, 0x00, 0x00,
        0x00, 0x00, 0x00, 0x00, 0x00, 0x00, 0x00, 0x00, 0x00, 0x00, 0x00, 0x00, 0x00, 0x00, 0x00, 0x00,
        0x00, 0x00, 0x00, 0x00, 0x00, 0x00, 0x00, 0x00, 0x00, 0x00, 0x00, 0x00, 0x00, 0x00, 0x00, 0x00,
        0x00, 0x00, 0x00, 0x00, 0x00, 0x00, 0x00, 0x00, 0x00, 0x00, 0x00, 0x00, 0x00, 0x00, 0x00, 0x00,
        0x00, 0x00, 0x00, 0x00, 0x00, 0x00, 0x00, 0x00, 0x00, 0x00, 0x00, 0x00, 0x00, 0x00, 0x00, 0x00,
        0x00, 0x00, 0x00, 0x00, 0x00, 0x00, 0x00, 0x00, 0x00, 0x00, 0x00, 0x00, 0x00, 0x00, 0x00, 0x00,
    },
    // frame 37
    {
        0x00, 0x00, 0x00, 0x00, 0x00, 0x00, 0x00, 0x00, 0x00, 0x00, 0x00, 0x00, 0x00, 0x00, 0x00, 0x00,
        0x00, 0x00, 0x00, 0x00, 0x00, 0x00, 0x00, 0x00, 0x00, 0x00, 0x00, 0x00, 0x00, 0x00, 0x00, 0x00,
        0x00, 0x00, 0x00, 0x00, 0x00, 0x00, 0x00, 0x00, 0x00, 0x00, 0x00, 0x00, 0x00, 0x00, 0x00, 0x00,
        0x00, 0x00, 0x00, 0x00, 0x00, 0x00, 0x00, 0x00, 0x00, 0x00, 0x00, 0x00, 0x00, 0x00, 0x00, 0x00,
        0x00, 0x00, 0x00, 0x1f, 0xf0, 0x00, 0x00, 0x00, 0x00, 0x00, 0x00, 0x0f, 0xf8, 0x00, 0x00, 0x00,
        0x00, 0x00, 0x00, 0xff, 0xf0, 0x00, 0x00, 0x00, 0x00, 0x00, 0x00, 0x0f, 0xff, 0x00, 0x00, 0x00,
        0x00, 0x00, 0x01, 0xff, 0xe0, 0x00, 0x00, 0x00, 0x00, 0x00, 0x00, 0x07, 0xff, 0x80, 0x00, 0x00,
        0x00, 0x00, 0x01, 0xff, 0x00, 0x00, 0x00, 0x00, 0x00, 0x00, 0x00, 0x00, 0xff, 0x80, 0x00, 0x00,
        0x00, 0x00, 0x00, 0x00, 0x00, 0x00, 0x00, 0x00, 0x00, 0x00, 0x00, 0x00, 0x00, 0x00, 0x00, 0x00,
        0x00, 0x00, 0x00, 0x00, 0x00, 0x00, 0x00, 0x00, 0x00, 0x00, 0x00, 0x00, 0x00, 0x00, 0x00, 0x00,
        0x00, 0x00, 0x00, 0x00, 0x00, 0x00, 0x00, 0x00, 0x00, 0x00, 0x00, 0x00, 0x00, 0x00, 0x20, 0x00,
        0x00, 0x01, 0x00, 0x00, 0x00, 0x00, 0x00, 0x00, 0x00, 0x00, 0x00, 0x00, 0x00, 0x00, 0x00, 0x00,
        0x00, 0x00, 0x40, 0x00, 0x00, 0x00, 0x00, 0x00, 0x00, 0x00, 0x00, 0x00, 0x00, 0x00, 0x00, 0x00,
        0xe0, 0x00, 0x00, 0x7c, 0x00, 0x00, 0x00, 0x00, 0x00, 0x00, 0x00, 0x00, 0x1e, 0x00, 0x00, 0x07,
        0x3c, 0x00, 0x1f, 0xff, 0xc0, 0x00, 0x00, 0x00, 0x00, 0x00, 0x00, 0x03, 0xff, 0xf8, 0x00, 0x3c,
        0x07, 0x00, 0x7f, 0xff, 0xf8, 0x00, 0x00, 0x00, 0x00, 0x00, 0x00, 0x1f, 0xff, 0xfe, 0x00, 0xe0,
        0x01, 0xc1, 0xff, 0xff, 0xfe, 0x00, 0x00, 0x00, 0x00, 0x00, 0x00, 0x7f, 0xff, 0xff, 0x81, 0x80,
        0x00, 0x63, 0xff, 0x80, 0x1f, 0x00, 0x00, 0x00, 0x00, 0x00, 0x00, 0xf8, 0x01, 0xff, 0xc6, 0x00,
        0x00, 0x3f, 0xfc, 0x00, 0x03, 0xc0, 0x00, 0x00, 0x00, 0x00, 0x03, 0xc0, 0x00, 0x3f, 0xfc, 0x00,
        0x00, 0x1f, 0xf8, 0x00, 0x01, 0xe0, 0x00, 0x00, 0x00, 0x00, 0x07, 0x80, 0x00, 0x1f, 0xf8, 0x00,
        0x80, 0x1f, 0xe0, 0x01, 0xf8, 0x60, 0x00, 0x00, 0x00, 0x00, 0x06, 0x1f, 0x80, 0x07, 0xf8, 0x01,
        0xc0, 0x3f, 0xc0, 0x01, 0xf8, 0x30, 0x00, 0x00, 0x00, 0x00, 0x0c, 0x1f, 0x80, 0x03, 0xfc, 0x03,
        0xe0, 0x3f, 0xc0, 0x00, 0xf8, 0x38, 0x00, 0x00, 0x00, 0x00, 0x1c, 0x1f, 0x00, 0x03, 0xfc, 0x07,
        0x60, 0x3f, 0x80, 0x00, 0x00, 0x18, 0x00, 0x00, 0x00, 0x00, 0x18, 0x00, 0x00, 0x01, 0xfc, 0x06,
        0x60, 0x7f, 0x80, 0x00, 0x00, 0x18, 0x00, 0x00, 0x00, 0x00, 0x18, 0x00, 0x00, 0x01, 0xfe, 0x06,
        0xe0, 0x7f, 0x80, 0x00, 0x00, 0x18, 0x00, 0x00, 0x00, 0x00, 0x18, 0x00, 0x00, 0x01, 0xfe, 0x07,
        0xc0, 0x7f, 0x80, 0x00, 0x00, 0x18, 0x00, 0x00, 0x00, 0x00, 0x18, 0x00, 0x00, 0x01, 0xfe, 0x03,
        0x80, 0x7f, 0x80, 0x00, 0x00, 0x18, 0x00, 0x00, 0x00, 0x00, 0x18, 0x00, 0x00, 0x01, 0xfe, 0x01,
        0x00, 0x3f, 0x80, 0x00, 0x00, 0x18, 0x00, 0x00, 0x00, 0x00, 0x18, 0x00, 0x00, 0x01, 0xfc, 0x00,
        0x00, 0x3f, 0xc0, 0x00, 0x00, 0x30, 0x00, 0x00, 0x00, 0x00, 0x0c, 0x00, 0x00, 0x03, 0xfc, 0x00,
        0x00, 0xff, 0xe0, 0x00, 0x00, 0x70, 0x00, 0x00, 0x00, 0x00, 0x0e, 0x00, 0x00, 0x07, 0xff, 0x00,
        0x01, 0x9f, 0xf0, 0x00, 0x00, 0xe0, 0x00, 0x00, 0x00, 0x00, 0x07, 0x00, 0x00, 0x0f, 0xf9, 0x80,
        0x07, 0x0f, 0xf8, 0x00, 0x01, 0xc0, 0x00, 0x00, 0x00, 0x00, 0x03, 0x80, 0x00, 0x1f, 0xf0, 0x70,
        0x78, 0x07, 0xfe, 0x00, 0x07, 0x80, 0x00, 0x00, 0x00, 0x00, 0x01, 0xe0, 0x00, 0x7f, 0xe0, 0x1e,
        0xc0, 0x03, 0xff, 0xc0, 0x3f, 0x00, 0x00, 0x00, 0x00, 0x00, 0x00, 0xfc, 0x03, 0xff, 0xc0, 0x03,
        0x00, 0x00, 0xff, 0xff, 0xfc, 0x00, 0x00, 0x00, 0x00, 0x00, 0x00, 0x3f, 0xff, 0xff, 0x00, 0x00,
        0x00, 0x00, 0x3f, 0xff, 0xf0, 0x00, 0x00, 0x00, 0x00, 0x00, 0x00, 0x0f, 0xff, 0xfc, 0x80, 0x00,
        0x00, 0x00, 0x07, 0xff, 0x80, 0x00, 0x00, 0x00, 0x00, 0x00, 0x00, 0x01, 0xff, 0xe0, 0x00, 0x00,
        0x00, 0x00, 0x00, 0x00, 0x00, 0x00, 0x00, 0x00, 0x00, 0x00, 0x00, 0x00, 0x00, 0x00, 0x00, 0x00,
        0x00, 0x00, 0x00, 0x00, 0x00, 0x00, 0x03, 0x80, 0x03, 0xc0, 0x00, 0x00, 0x00, 0x00, 0x00, 0x00,
        0x00, 0x00, 0x00, 0x00, 0x00, 0x00, 0x01, 0xff, 0xff, 0x00, 0x00, 0x00, 0x00, 0x00, 0x00, 0x02,
        0x00, 0x00, 0x00, 0x00, 0x00, 0x00, 0x00, 0x1f, 0xf0, 0x00, 0x00, 0x00, 0x00, 0x00, 0x00, 0x00,
        0x00, 0x00, 0x00, 0x00, 0x00, 0x00, 0x00, 0x00, 0x00, 0x00, 0x00, 0x00, 0x00, 0x00, 0x00, 0x00,
        0x00, 0x00, 0x00, 0x00, 0x00, 0x00, 0x00, 0x00, 0x00, 0x00, 0x00, 0x00, 0x00, 0x00, 0x00, 0x00,
        0x00, 0x00, 0x00, 0x00, 0x00, 0x00, 0x00, 0x00, 0x00, 0x00, 0x00, 0x00, 0x00, 0x00, 0x00, 0x00,
        0x00, 0x00, 0x00, 0x00, 0x00, 0x00, 0x00, 0x00, 0x00, 0x00, 0x00, 0x00, 0x00, 0x00, 0x00, 0x00,
        0x00, 0x00, 0x00, 0x00, 0x00, 0x00, 0x00, 0x00, 0x00, 0x00, 0x00, 0x00, 0x00, 0x00, 0x00, 0x00,
        0x00, 0x00, 0x00, 0x00, 0x00, 0x00, 0x00, 0x00, 0x00, 0x00, 0x00, 0x00, 0x00, 0x00, 0x00, 0x00,
    },
    // frame 38
    {
        0x00, 0x00, 0x00, 0x00, 0x00, 0x00, 0x00, 0x00, 0x00, 0x00, 0x00, 0x00, 0x00, 0x00, 0x00, 0x00,
        0x00, 0x00, 0x00, 0x00, 0x00, 0x00, 0x00, 0x00, 0x00, 0x00, 0x00, 0x00, 0x00, 0x00, 0x00, 0x00,
        0x00, 0x00, 0x00, 0x00, 0x00, 0x00, 0x00, 0x00, 0x00, 0x00, 0x00, 0x00, 0x00, 0x00, 0x00, 0x00,
        0x00, 0x00, 0x00, 0x00, 0x00, 0x00, 0x00, 0x00, 0x00, 0x00, 0x00, 0x00, 0x00, 0x00, 0x00, 0x00,
        0x00, 0x00, 0x00, 0x1f, 0xf0, 0x00, 0x00, 0x00, 0x00, 0x00, 0x00, 0x0f, 0xf8, 0x00, 0x00, 0x00,
        0x00, 0x00, 0x00, 0xff, 0xf0, 0x00, 0x00, 0x00, 0x00, 0x00, 0x00, 0x0f, 0xff, 0x00, 0x00, 0x00,
        0x00, 0x00, 0x01, 0xff, 0xe0, 0x00, 0x00, 0x00, 0x00, 0x00, 0x00, 0x07, 0xff, 0x80, 0x00, 0x00,
        0x00, 0x00, 0x01, 0xff, 0x00, 0x00, 0x00, 0x00, 0x00, 0x00, 0x00, 0x00, 0xff, 0x80, 0x00, 0x00,
        0x00, 0x00, 0x00, 0x00, 0x00, 0x00, 0x00, 0x00, 0x00, 0x00, 0x00, 0x00, 0x00, 0x00, 0x00, 0x00,
        0x00, 0x00, 0x00, 0x00, 0x00, 0x00, 0x00, 0x00, 0x00, 0x00, 0x00, 0x00, 0x00, 0x00, 0x00, 0x00,
        0x00, 0x00, 0x00, 0x00, 0x00, 0x00, 0x00, 0x00, 0x00, 0x00, 0x00, 0x00, 0x00, 0x00, 0x00, 0x00,
        0x00, 0x00, 0x00, 0x00, 0x00, 0x00, 0x00, 0x00, 0x00, 0x00, 0x00, 0x00, 0x00, 0x00, 0x00, 0x00,
        0x80, 0x00, 0x00, 0x00, 0x00, 0x00, 0x00, 0x00, 0x00, 0x00, 0x00, 0x00, 0x00, 0x08, 0x00, 0x01,
        0x08, 0x00, 0x00, 0x78, 0x00, 0x00, 0x00, 0x00, 0x00, 0x00, 0x00, 0x00, 0x1e, 0x00, 0x00, 0x10,
        0x01, 0x00, 0x0f, 0xff, 0xe0, 0x00, 0x00, 0x00, 0x00, 0x00, 0x00, 0x07, 0xff, 0xf0, 0x00, 0x80,
        0x00, 0x00, 0x7f, 0xff, 0xf8, 0x00, 0x00, 0x00, 0x00, 0x00, 0x00, 0x1f, 0xff, 0xfe, 0x02, 0x00,
        0x00, 0x21, 0xff, 0xff, 0xfe, 0x00, 0x00, 0x00, 0x00, 0x00, 0x00, 0x7f, 0xff, 0xff, 0x84, 0x00,
        0x00, 0x13, 0xff, 0x80, 0x1f, 0x00, 0x00, 0x00, 0x00, 0x00, 0x00, 0xf8, 0x01, 0xff, 0xc8, 0x00,
        0x00, 0x0f, 0xfc, 0x00, 0x03, 0xc0, 0x00, 0x00, 0x00, 0x00, 0x03, 0xc0, 0x00, 0x3f, 0xf0, 0x00,
        0x80, 0x0f, 0xf8, 0x00, 0x01, 0xe0, 0x00, 0x00, 0x00, 0x00, 0x07, 0x80, 0x00, 0x1f, 0xf0, 0x01,
        0x60, 0x1f, 0xe0, 0x01, 0xf8, 0x60, 0x00, 0x00, 0x00, 0x00, 0x06, 0x1f, 0x80, 0x07, 0xf8, 0x06,
        0x30, 0x3f, 0xc0, 0x01, 0xf8, 0x30, 0x00, 0x00, 0x00, 0x00, 0x0c, 0x1f, 0x80, 0x03, 0xfc, 0x0c,
        0x18, 0x3f, 0xc0, 0x00, 0xf8, 0x38, 0x00, 0x00, 0x00, 0x00, 0x1c, 0x1f, 0x00, 0x03, 0xfc, 0x08,
        0x18, 0x3f, 0x80, 0x00, 0x00, 0x18, 0x00, 0x00, 0x00, 0x00, 0x18, 0x00, 0x00, 0x01, 0xfc, 0x18,
        0x18, 0x7f, 0x80, 0x00, 0x00, 0x18, 0x00, 0x00, 0x00, 0x00, 0x18, 0x00, 0x00, 0x01, 0xfe, 0x18,
        0x10, 0x7f, 0x80, 0x00, 0x00, 0x18, 0x00, 0x00, 0x00, 0x00, 0x18, 0x00, 0x00, 0x01, 0xfe, 0x0c,
        0x30, 0x7f, 0x80, 0x00, 0x00, 0x18, 0x00, 0x00, 0x00, 0x00, 0x18, 0x00, 0x00, 0x01, 0xfe, 0x0c,
        0xc0, 0x7f, 0x80, 0x00, 0x00, 0x18, 0x00, 0x00, 0x00, 0x00, 0x18, 0x00, 0x00, 0x01, 0xfe, 0x03,
        0x80, 0x3f, 0x80, 0x00, 0x00, 0x18, 0x00, 0x00, 0x00, 0x00, 0x18, 0x00, 0x00, 0x01, 0xfc, 0x01,
        0x00, 0x3f, 0xc0, 0x00, 0x00, 0x30, 0x00, 0x00, 0x00, 0x00, 0x0c, 0x00, 0x00, 0x03, 0xfc, 0x00,
        0x00, 0x3f, 0xe0, 0x00, 0x00, 0x70, 0x00, 0x00, 0x00, 0x00, 0x0e, 0x00, 0x00, 0x07, 0xfc, 0x00,
        0x00, 0x1f, 0xf0, 0x00, 0x00, 0xe0, 0x00, 0x00, 0x00, 0x00, 0x07, 0x00, 0x00, 0x0f, 0xf8, 0x00,
        0x00, 0x8f, 0xf8, 0x00, 0x01, 0xc0, 0x00, 0x00, 0x00, 0x00, 0x03, 0x80, 0x00, 0x1f, 0xf1, 0x00,
        0x02, 0x07, 0xfe, 0x00, 0x07, 0x80, 0x00, 0x00, 0x00, 0x00, 0x01, 0xe0, 0x00, 0x7f, 0xe0, 0x40,
        0x00, 0x03, 0xff, 0xc0, 0x3f, 0x00, 0x00, 0x00, 0x00, 0x00, 0x00, 0xfc, 0x03, 0xff, 0xc0, 0x00,
        0x00, 0x00, 0xff, 0xff, 0xfc, 0x00, 0x00, 0x00, 0x00, 0x00, 0x00, 0x3f, 0xff, 0xff, 0x00, 0x00,
        0x00, 0x00, 0x7f, 0xff, 0xf0, 0x00, 0x00, 0x00, 0x00, 0x00, 0x00, 0x0f, 0xff, 0xfe, 0x00, 0x00,
        0x00, 0x00, 0x07, 0xff, 0x80, 0x00, 0x00, 0x00, 0x00, 0x00, 0x00, 0x01, 0xff, 0xe0, 0x00, 0x00,
        0x00, 0x00, 0x00, 0x00, 0x00, 0x00, 0x00, 0x00, 0x00, 0x00, 0x00, 0x00, 0x00, 0x00, 0x00, 0x00,
        0x00, 0x00, 0x00, 0x00, 0x00, 0x00, 0x03, 0x80, 0x03, 0xc0, 0x00, 0x00, 0x00, 0x00, 0x00, 0x00,
        0x00, 0x00, 0x00, 0x00, 0x00, 0x00, 0x01, 0xff, 0xff, 0x00, 0x00, 0x00, 0x00, 0x00, 0x00, 0x00,
        0x00, 0x00, 0x00, 0x00, 0x00, 0x00, 0x00, 0x1f, 0xf0, 0x00, 0x00, 0x00, 0x00, 0x00, 0x00, 0x00,
        0x00, 0x00, 0x00, 0x00, 0x00, 0x00, 0x00, 0x00, 0x00, 0x00, 0x00, 0x00, 0x00, 0x00, 0x00, 0x00,
        0x00, 0x00, 0x00, 0x00, 0x00, 0x00, 0x00, 0x00, 0x00, 0x00, 0x00, 0x00, 0x00, 0x00, 0x00, 0x00,
        0x00, 0x00, 0x00, 0x00, 0x00, 0x00, 0x00, 0x00, 0x00, 0x00, 0x00, 0x00, 0x00, 0x00, 0x00, 0x00,
        0x00, 0x00, 0x00, 0x00, 0x00, 0x00, 0x00, 0x00, 0x00, 0x00, 0x00, 0x00, 0x00, 0x00, 0x00, 0x00,
        0x00, 0x00, 0x00, 0x00, 0x00, 0x00, 0x00, 0x00, 0x00, 0x00, 0x00, 0x00, 0x00, 0x00, 0x00, 0x00,
        0x00, 0x00, 0x00, 0x00, 0x00, 0x00, 0x00, 0x00, 0x00, 0x00, 0x00, 0x00, 0x00, 0x00, 0x00, 0x00,
    },
    // frame 39
    {
        0x00, 0x00, 0x00, 0x00, 0x00, 0x00, 0x00, 0x00, 0x00, 0x00, 0x00, 0x00, 0x00, 0x00, 0x00, 0x00,
        0x00, 0x00, 0x00, 0x00, 0x00, 0x00, 0x00, 0x00, 0x00, 0x00, 0x00, 0x00, 0x00, 0x00, 0x00, 0x00,
        0x00, 0x00, 0x00, 0x00, 0x00, 0x00, 0x00, 0x00, 0x00, 0x00, 0x00, 0x00, 0x00, 0x00, 0x00, 0x00,
        0x00, 0x00, 0x00, 0x00, 0x00, 0x00, 0x00, 0x00, 0x00, 0x00, 0x00, 0x00, 0x00, 0x00, 0x00, 0x00,
        0x00, 0x00, 0x00, 0x1f, 0xf0, 0x00, 0x00, 0x00, 0x00, 0x00, 0x00, 0x0f, 0xf8, 0x00, 0x00, 0x00,
        0x00, 0x00, 0x00, 0xff, 0xf0, 0x00, 0x00, 0x00, 0x00, 0x00, 0x00, 0x0f, 0xff, 0x00, 0x00, 0x00,
        0x00, 0x00, 0x01, 0xff, 0xe0, 0x00, 0x00, 0x00, 0x00, 0x00, 0x00, 0x07, 0xff, 0x80, 0x00, 0x00,
        0x00, 0x00, 0x01, 0xff, 0x00, 0x00, 0x00, 0x00, 0x00, 0x00, 0x00, 0x00, 0xff, 0x80, 0x00, 0x00,
        0x00, 0x00, 0x00, 0x00, 0x00, 0x00, 0x00, 0x00, 0x00, 0x00, 0x00, 0x00, 0x00, 0x00, 0x00, 0x00,
        0x00, 0x00, 0x00, 0x00, 0x00, 0x00, 0x00, 0x00, 0x00, 0x00, 0x00, 0x00, 0x00, 0x00, 0x00, 0x00,
        0x00, 0x00, 0x00, 0x00, 0x00, 0x00, 0x00, 0x00, 0x00, 0x00, 0x00, 0x00, 0x00, 0x00, 0x00, 0x00,
        0x00, 0x00, 0x00, 0x00, 0x00, 0x00, 0x00, 0x00, 0x00, 0x00, 0x00, 0x00, 0x00, 0x00, 0x00, 0x00,
        0x00, 0x00, 0x00, 0x00, 0x00, 0x00, 0x00, 0x00, 0x00, 0x00, 0x00, 0x00, 0x00, 0x00, 0x00, 0x00,
        0x00, 0x00, 0x00, 0x78, 0x00, 0x00, 0x00, 0x00, 0x00, 0x00, 0x00, 0x00, 0x1e, 0x00, 0x00, 0x00,
        0x00, 0x00, 0x0f, 0xff, 0xc0, 0x00, 0x00, 0x00, 0x00, 0x00, 0x00, 0x03, 0xff, 0xf0, 0x00, 0x00,
        0x00, 0x00, 0x7f, 0xff, 0xf8, 0x00, 0x00, 0x00, 0x00, 0x00, 0x00, 0x1f, 0xff, 0xfe, 0x00, 0x00,
        0x00, 0x01, 0xff, 0xff, 0xfe, 0x00, 0x00, 0x00, 0x00, 0x00, 0x00, 0x7f, 0xff, 0xff, 0x80, 0x00,
        0x00, 0x03, 0xff, 0x80, 0x1f, 0x00, 0x00, 0x00, 0x00, 0x00, 0x00, 0xf8, 0x01, 0xff, 0xc0, 0x00,
        0x00, 0x07, 0xfc, 0x00, 0x03, 0xc0, 0x00, 0x00, 0x00, 0x00, 0x03, 0xc0, 0x00, 0x3f, 0xe0, 0x00,
        0x20, 0x0f, 0xf8, 0x00, 0x01, 0xe0, 0x00, 0x00, 0x00, 0x00, 0x07, 0x80, 0x00, 0x1f, 0xf0, 0x04,
        0x00, 0x1f, 0xe0, 0x01, 0xf8, 0x60, 0x00, 0x00, 0x00, 0x00, 0x06, 0x1f, 0x80, 0x07, 0xf8, 0x08,
        0x00, 0x3f, 0xc0, 0x01, 0xf8, 0x30, 0x00, 0x00, 0x00, 0x00, 0x0c, 0x1f, 0x80, 0x03, 0xfc, 0x00,
        0x04, 0x3f, 0xc0, 0x00, 0xf8, 0x38, 0x00, 0x00, 0x00, 0x00, 0x1c, 0x1f, 0x00, 0x03, 0xfc, 0x00,
        0x04, 0x3f, 0x80, 0x00, 0x00, 0x18, 0x00, 0x00, 0x00, 0x00, 0x18, 0x00, 0x00, 0x01, 0xfc, 0x20,
        0x04, 0x7f, 0x80, 0x00, 0x00, 0x18, 0x00, 0x00, 0x00, 0x00, 0x18, 0x00, 0x00, 0x01, 0xfe, 0x20,
        0x04, 0x7f, 0x80, 0x00, 0x00, 0x18, 0x00, 0x00, 0x00, 0x00, 0x18, 0x00, 0x00, 0x01, 0xfe, 0x00,
        0x08, 0x7f, 0x80, 0x00, 0x00, 0x18, 0x00, 0x00, 0x00, 0x00, 0x18, 0x00, 0x00, 0x01, 0xfe, 0x00,
        0x10, 0x7f, 0x80, 0x00, 0x00, 0x18, 0x00, 0x00, 0x00, 0x00, 0x18, 0x00, 0x00, 0x01, 0xfe, 0x08,
        0x20, 0x3f, 0x80, 0x00, 0x00, 0x18, 0x00, 0x00, 0x00, 0x00, 0x18, 0x00, 0x00, 0x01, 0xfc, 0x00,
        0x80, 0x3f, 0xc0, 0x00, 0x00, 0x30, 0x00, 0x00, 0x00, 0x00, 0x0c, 0x00, 0x00, 0x03, 0xfc, 0x00,
        0x00, 0x1f, 0xe0, 0x00, 0x00, 0x70, 0x00, 0x00, 0x00, 0x00, 0x0e, 0x00, 0x00, 0x07, 0xf8, 0x00,
        0x00, 0x1f, 0xf0, 0x00, 0x00, 0xe0, 0x00, 0x00, 0x00, 0x00, 0x07, 0x00, 0x00, 0x0f, 0xf8, 0x00,
        0x00, 0x0f, 0xf8, 0x00, 0x01, 0xc0, 0x00, 0x00, 0x00, 0x00, 0x03, 0x80, 0x00, 0x1f, 0xf0, 0x00,
        0x00, 0x07, 0xfe, 0x00, 0x07, 0x80, 0x00, 0x00, 0x00, 0x00, 0x01, 0xe0, 0x00, 0x7f, 0xe0, 0x00,
        0x00, 0x03, 0xff, 0xc0, 0x3f, 0x00, 0x00, 0x00, 0x00, 0x00, 0x00, 0xfc, 0x03, 0xff, 0xc0, 0x00,
        0x00, 0x00, 0xff, 0xff, 0xfc, 0x00, 0x00, 0x00, 0x00, 0x00, 0x00, 0x3f, 0xff, 0xff, 0x00, 0x00,
        0x00, 0x00, 0x3f, 0xff, 0xf0, 0x00, 0x00, 0x00, 0x00, 0x00, 0x00, 0x0f, 0xff, 0xfc, 0x00, 0x00,
        0x00, 0x00, 0x07, 0xff, 0x80, 0x00, 0x00, 0x00, 0x00, 0x00, 0x00, 0x01, 0xff, 0xe0, 0x00, 0x00,
        0x00, 0x00, 0x00, 0x00, 0x00, 0x00, 0x00, 0x00, 0x00, 0x00, 0x00, 0x00, 0x00, 0x00, 0x00, 0x00,
        0x00, 0x00, 0x00, 0x00, 0x00, 0x00, 0x03, 0x80, 0x03, 0xc0, 0x00, 0x00, 0x00, 0x00, 0x00, 0x00,
        0x00, 0x00, 0x00, 0x00, 0x00, 0x00, 0x01, 0xff, 0xff, 0x00, 0x00, 0x00, 0x00, 0x00, 0x00, 0x00,
        0x00, 0x00, 0x00, 0x00, 0x00, 0x00, 0x00, 0x1f, 0xf0, 0x00, 0x00, 0x00, 0x00, 0x00, 0x00, 0x00,
        0x00, 0x00, 0x00, 0x00, 0x00, 0x00, 0x00, 0x00, 0x00, 0x00, 0x00, 0x00, 0x00, 0x00, 0x00, 0x00,
        0x00, 0x00, 0x00, 0x00, 0x00, 0x00, 0x00, 0x00, 0x00, 0x00, 0x00, 0x00, 0x00, 0x00, 0x00, 0x00,
        0x00, 0x00, 0x00, 0x00, 0x00, 0x00, 0x00, 0x00, 0x00, 0x00, 0x00, 0x00, 0x00, 0x00, 0x00, 0x00,
        0x00, 0x00, 0x00, 0x00, 0x00, 0x00, 0x00, 0x00, 0x00, 0x00, 0x00, 0x00, 0x00, 0x00, 0x00, 0x00,
        0x00, 0x00, 0x00, 0x00, 0x00, 0x00, 0x00, 0x00, 0x00, 0x00, 0x00, 0x00, 0x00, 0x00, 0x00, 0x00,
        0x00, 0x00, 0x00, 0x00, 0x00, 0x00, 0x00, 0x00, 0x00, 0x00, 0x00, 0x00, 0x00, 0x00, 0x00, 0x00,
    },
    // frame 40
    {
        0x00, 0x00, 0x00, 0x00, 0x00, 0x00, 0x00, 0x00, 0x00, 0x00, 0x00, 0x00, 0x00, 0x00, 0x00, 0x00,
        0x00, 0x00, 0x00, 0x00, 0x00, 0x00, 0x00, 0x00, 0x00, 0x00, 0x00, 0x00, 0x00, 0x00, 0x00, 0x00,
        0x00, 0x00, 0x00, 0x00, 0x00, 0x00, 0x00, 0x00, 0x00, 0x00, 0x00, 0x00, 0x00, 0x00, 0x00, 0x00,
        0x00, 0x00, 0x00, 0x00, 0x00, 0x00, 0x00, 0x00, 0x00, 0x00, 0x00, 0x00, 0x00, 0x00, 0x00, 0x00,
        0x00, 0x00, 0x00, 0x1f, 0xf0, 0x00, 0x00, 0x00, 0x00, 0x00, 0x00, 0x0f, 0xf8, 0x00, 0x00, 0x00,
        0x00, 0x00, 0x00, 0xff, 0xf0, 0x00, 0x00, 0x00, 0x00, 0x00, 0x00, 0x0f, 0xff, 0x00, 0x00, 0x00,
        0x00, 0x00, 0x01, 0xff, 0xe0, 0x00, 0x00, 0x00, 0x00, 0x00, 0x00, 0x07, 0xff, 0x80, 0x00, 0x00,
        0x00, 0x00, 0x01, 0xff, 0x00, 0x00, 0x00, 0x00, 0x00, 0x00, 0x00, 0x00, 0xff, 0x80, 0x00, 0x00,
        0x00, 0x00, 0x00, 0x00, 0x00, 0x00, 0x00, 0x00, 0x00, 0x00, 0x00, 0x00, 0x00, 0x00, 0x00, 0x00,
        0x00, 0x00, 0x00, 0x00, 0x00, 0x00, 0x00, 0x00, 0x00, 0x00, 0x00, 0x00, 0x00, 0x00, 0x00, 0x00,
        0x00, 0x00, 0x00, 0x00, 0x00, 0x00, 0x00, 0x00, 0x00, 0x00, 0x00, 0x00, 0x00, 0x00, 0x00, 0x00,
        0x00, 0x00, 0x00, 0x00, 0x00, 0x00, 0x00, 0x00, 0x00, 0x00, 0x00, 0x00, 0x00, 0x00, 0x00, 0x00,
        0x00, 0x00, 0x00, 0x00, 0x00, 0x00, 0x00, 0x00, 0x00, 0x00, 0x00, 0x00, 0x00, 0x00, 0x00, 0x00,
        0x00, 0x00, 0x00, 0x78, 0x00, 0x00, 0x00, 0x00, 0x00, 0x00, 0x00, 0x00, 0x1e, 0x00, 0x00, 0x00,
        0x00, 0x00, 0x0f, 0xff, 0xc0, 0x00, 0x00, 0x00, 0x00, 0x00, 0x00, 0x03, 0xff, 0xf0, 0x00, 0x00,
        0x00, 0x00, 0x7f, 0xff, 0xf8, 0x00, 0x00, 0x00, 0x00, 0x00, 0x00, 0x1f, 0xff, 0xfe, 0x00, 0x00,
        0x00, 0x01, 0xff, 0xff, 0xfe, 0x00, 0x00, 0x00, 0x00, 0x00, 0x00, 0x7f, 0xff, 0xff, 0x80, 0x00,
        0x00, 0x03, 0xff, 0x80, 0x1f, 0x00, 0x00, 0x00, 0x00, 0x00, 0x00, 0xf8, 0x01, 0xff, 0xc0, 0x00,
        0x00, 0x07, 0xfc, 0x00, 0x03, 0xc0, 0x00, 0x00, 0x00, 0x00, 0x03, 0xc0, 0x00, 0x3f, 0xe0, 0x00,
        0x00, 0x0f, 0xf8, 0x00, 0x01, 0xe0, 0x00, 0x00, 0x00, 0x00, 0x07, 0x80, 0x00, 0x1f, 0xf0, 0x00,
        0x00, 0x1f, 0xe0, 0x01, 0xf8, 0x60, 0x00, 0x00, 0x00, 0x00, 0x06, 0x1f, 0x80, 0x07, 0xf8, 0x00,
        0x00, 0x3f, 0xc0, 0x01, 0xf8, 0x30, 0x00, 0x00, 0x00, 0x00, 0x0c, 0x1f, 0x80, 0x03, 0xfc, 0x00,
        0x00, 0x3f, 0xc0, 0x00, 0xf8, 0x38, 0x00, 0x00, 0x00, 0x00, 0x1c, 0x1f, 0x00, 0x03, 0xfc, 0x00,
        0x00, 0x3f, 0x80, 0x00, 0x00, 0x18, 0x00, 0x00, 0x00, 0x00, 0x18, 0x00, 0x00, 0x01, 0xfc, 0x00,
        0x00, 0x7f, 0x80, 0x00, 0x00, 0x18, 0x00, 0x00, 0x00, 0x00, 0x18, 0x00, 0x00, 0x01, 0xfe, 0x00,
        0x00, 0x7f, 0x80, 0x00, 0x00, 0x18, 0x00, 0x00, 0x00, 0x00, 0x18, 0x00, 0x00, 0x01, 0xfe, 0x00,
        0x00, 0x7f, 0x80, 0x00, 0x00, 0x18, 0x00, 0x00, 0x00, 0x00, 0x18, 0x00, 0x00, 0x01, 0xfe, 0x00,
        0x00, 0x7f, 0x80, 0x00, 0x00, 0x18, 0x00, 0x00, 0x00, 0x00, 0x18, 0x00, 0x00, 0x01, 0xfe, 0x00,
        0x00, 0x3f, 0x80, 0x00, 0x00, 0x18, 0x00, 0x00, 0x00, 0x00, 0x18, 0x00, 0x00, 0x01, 0xfc, 0x00,
        0x00, 0x3f, 0xc0, 0x00, 0x00, 0x30, 0x00, 0x00, 0x00, 0x00, 0x0c, 0x00, 0x00, 0x03, 0xfc, 0x00,
        0x00, 0x1f, 0xe0, 0x00, 0x00, 0x70, 0x00, 0x00, 0x00, 0x00, 0x0e, 0x00, 0x00, 0x07, 0xf8, 0x00,
        0x00, 0x1f, 0xf0, 0x00, 0x00, 0xe0, 0x00, 0x00, 0x00, 0x00, 0x07, 0x00, 0x00, 0x0f, 0xf8, 0x00,
        0x00, 0x0f, 0xf8, 0x00, 0x01, 0xc0, 0x00, 0x00, 0x00, 0x00, 0x03, 0x80, 0x00, 0x1f, 0xf0, 0x00,
        0x00, 0x07, 0xfe, 0x00, 0x07, 0x80, 0x00, 0x00, 0x00, 0x00, 0x01, 0xe0, 0x00, 0x7f, 0xe0, 0x00,
        0x00, 0x03, 0xff, 0xc0, 0x3f, 0x00, 0x00, 0x00, 0x00, 0x00, 0x00, 0xfc, 0x03, 0xff, 0xc0, 0x00,
        0x00, 0x00, 0xff, 0xff, 0xfc, 0x00, 0x00, 0x00, 0x00, 0x00, 0x00, 0x3f, 0xff, 0xff, 0x00, 0x00,
        0x00, 0x00, 0x3f, 0xff, 0xf0, 0x00, 0x00, 0x00, 0x00, 0x00, 0x00, 0x0f, 0xff, 0xfc, 0x00, 0x00,
        0x00, 0x00, 0x07, 0xff, 0x80, 0x00, 0x00, 0x00, 0x00, 0x00, 0x00, 0x01, 0xff, 0xe0, 0x00, 0x00,
        0x00, 0x00, 0x00, 0x00, 0x00, 0x00, 0x00, 0x00, 0x00, 0x00, 0x00, 0x00, 0x00, 0x00, 0x00, 0x00,
        0x00, 0x00, 0x00, 0x00, 0x00, 0x00, 0x03, 0x80, 0x03, 0xc0, 0x00, 0x00, 0x00, 0x00, 0x00, 0x00,
        0x00, 0x00, 0x00, 0x00, 0x00, 0x00, 0x01, 0xff, 0xff, 0x00, 0x00, 0x00, 0x00, 0x00, 0x00, 0x00,
        0x00, 0x00, 0x00, 0x00, 0x00, 0x00, 0x00, 0x1f, 0xf0, 0x00, 0x00, 0x00, 0x00, 0x00, 0x00, 0x00,
        0x00, 0x00, 0x00, 0x00, 0x00, 0x00, 0x00, 0x00, 0x00, 0x00, 0x00, 0x00, 0x00, 0x00, 0x00, 0x00,
        0x00, 0x00, 0x00, 0x00, 0x00, 0x00, 0x00, 0x00, 0x00, 0x00, 0x00, 0x00, 0x00, 0x00, 0x00, 0x00,
        0x00, 0x00, 0x00, 0x00, 0x00, 0x00, 0x00, 0x00, 0x00, 0x00, 0x00, 0x00, 0x00, 0x00, 0x00, 0x00,
        0x00, 0x00, 0x00, 0x00, 0x00, 0x00, 0x00, 0x00, 0x00, 0x00, 0x00, 0x00, 0x00, 0x00, 0x00, 0x00,
        0x00, 0x00, 0x00, 0x00, 0x00, 0x00, 0x00, 0x00, 0x00, 0x00, 0x00, 0x00, 0x00, 0x00, 0x00, 0x00,
        0x00, 0x00, 0x00, 0x00, 0x00, 0x00, 0x00, 0x00, 0x00, 0x00, 0x00, 0x00, 0x00, 0x00, 0x00, 0x00,
    },
    // frame 41
    {
        0x00, 0x00, 0x00, 0x00, 0x00, 0x00, 0x00, 0x00, 0x00, 0x00, 0x00, 0x00, 0x00, 0x00, 0x00, 0x00,
        0x00, 0x00, 0x00, 0x00, 0x00, 0x00, 0x00, 0x00, 0x00, 0x00, 0x00, 0x00, 0x00, 0x00, 0x00, 0x00,
        0x00, 0x00, 0x00, 0x00, 0x00, 0x00, 0x00, 0x00, 0x00, 0x00, 0x00, 0x00, 0x00, 0x00, 0x00, 0x00,
        0x00, 0x00, 0x00, 0x00, 0x00, 0x00, 0x00, 0x00, 0x00, 0x00, 0x00, 0x00, 0x00, 0x00, 0x00, 0x00,
        0x00, 0x00, 0x00, 0x1f, 0xf0, 0x00, 0x00, 0x00, 0x00, 0x00, 0x00, 0x0f, 0xf8, 0x00, 0x00, 0x00,
        0x00, 0x00, 0x00, 0xff, 0xf0, 0x00, 0x00, 0x00, 0x00, 0x00, 0x00, 0x0f, 0xff, 0x00, 0x00, 0x00,
        0x00, 0x00, 0x01, 0xff, 0xe0, 0x00, 0x00, 0x00, 0x00, 0x00, 0x00, 0x07, 0xff, 0x80, 0x00, 0x00,
        0x00, 0x00, 0x01, 0xff, 0x00, 0x00, 0x00, 0x00, 0x00, 0x00, 0x00, 0x00, 0xff, 0x80, 0x00, 0x00,
        0x00, 0x00, 0x00, 0x00, 0x00, 0x00, 0x00, 0x00, 0x00, 0x00, 0x00, 0x00, 0x00, 0x00, 0x00, 0x00,
        0x00, 0x00, 0x00, 0x00, 0x00, 0x00, 0x00, 0x00, 0x00, 0x00, 0x00, 0x00, 0x00, 0x00, 0x00, 0x00,
        0x00, 0x00, 0x00, 0x00, 0x00, 0x00, 0x00, 0x00, 0x00, 0x00, 0x00, 0x00, 0x00, 0x00, 0x00, 0x00,
        0x00, 0x00, 0x00, 0x00, 0x00, 0x00, 0x00, 0x00, 0x00, 0x00, 0x00, 0x00, 0x00, 0x00, 0x00, 0x00,
        0x00, 0x00, 0x00, 0x00, 0x00, 0x00, 0x00, 0x00, 0x00, 0x00, 0x00, 0x00, 0x00, 0x00, 0x00, 0x00,
        0x00, 0x00, 0x00, 0x78, 0x00, 0x00, 0x00, 0x00, 0x00, 0x00, 0x00, 0x00, 0x1e, 0x00, 0x00, 0x00,
        0x00, 0x00, 0x0f, 0xff, 0xc0, 0x00, 0x00, 0x00, 0x00, 0x00, 0x00, 0x03, 0xff, 0xf0, 0x00, 0x00,
        0x00, 0x00, 0x7f, 0xff, 0xf8, 0x00, 0x00, 0x00, 0x00, 0x00, 0x00, 0x1f, 0xff, 0xfe, 0x00, 0x00,
        0x00, 0x01, 0xff, 0xff, 0xfe, 0x00, 0x00, 0x00, 0x00, 0x00, 0x00, 0x7f, 0xff, 0xff, 0x80, 0x00,
        0x00, 0x03, 0xff, 0x80, 0x1f, 0x00, 0x00, 0x00, 0x00, 0x00, 0x00, 0xf8, 0x01, 0xff, 0xc0, 0x00,
        0x00, 0x07, 0xfc, 0x00, 0x03, 0xc0, 0x00, 0x00, 0x00, 0x00, 0x03, 0xc0, 0x00, 0x3f, 0xe0, 0x00,
        0x00, 0x0f, 0xf8, 0x00, 0x01, 0xe0, 0x00, 0x00, 0x00, 0x00, 0x07, 0x80, 0x00, 0x1f, 0xf0, 0x00,
        0x00, 0x1f, 0xe0, 0x01, 0xf8, 0x60, 0x00, 0x00, 0x00, 0x00, 0x06, 0x1f, 0x80, 0x07, 0xf8, 0x00,
        0x00, 0x3f, 0xc0, 0x01, 0xf8, 0x30, 0x00, 0x00, 0x00, 0x00, 0x0c, 0x1f, 0x80, 0x03, 0xfc, 0x00,
        0x00, 0x3f, 0xc0, 0x00, 0xf8, 0x38, 0x00, 0x00, 0x00, 0x00, 0x1c, 0x1f, 0x00, 0x03, 0xfc, 0x00,
        0x00, 0x3f, 0x80, 0x00, 0x00, 0x18, 0x00, 0x00, 0x00, 0x00, 0x18, 0x00, 0x00, 0x01, 0xfc, 0x00,
        0x00, 0x7f, 0x80, 0x00, 0x00, 0x18, 0x00, 0x00, 0x00, 0x00, 0x18, 0x00, 0x00, 0x01, 0xfe, 0x00,
        0x00, 0x7f, 0x80, 0x00, 0x00, 0x18, 0x00, 0x00, 0x00, 0x00, 0x18, 0x00, 0x00, 0x01, 0xfe, 0x00,
        0x00, 0x7f, 0x80, 0x00, 0x00, 0x18, 0x00, 0x00, 0x00, 0x00, 0x18, 0x00, 0x00, 0x01, 0xfe, 0x00,
        0x00, 0x7f, 0x80, 0x00, 0x00, 0x18, 0x00, 0x00, 0x00, 0x00, 0x18, 0x00, 0x00, 0x01, 0xfe, 0x00,
        0x00, 0x3f, 0x80, 0x00, 0x00, 0x18, 0x00, 0x00, 0x00, 0x00, 0x18, 0x00, 0x00, 0x01, 0xfc, 0x00,
        0x00, 0x3f, 0xc0, 0x00, 0x00, 0x30, 0x00, 0x00, 0x00, 0x00, 0x0c, 0x00, 0x00, 0x03, 0xfc, 0x00,
        0x00, 0x1f, 0xe0, 0x00, 0x00, 0x70, 0x00, 0x00, 0x00, 0x00, 0x0e, 0x00, 0x00, 0x07, 0xf8, 0x00,
        0x00, 0x1f, 0xf0, 0x00, 0x00, 0xe0, 0x00, 0x00, 0x00, 0x00, 0x07, 0x00, 0x00, 0x0f, 0xf8, 0x00,
        0x00, 0x0f, 0xf8, 0x00, 0x01, 0xc0, 0x00, 0x00, 0x00, 0x00, 0x03, 0x80, 0x00, 0x1f, 0xf0, 0x00,
        0x00, 0x07, 0xfe, 0x00, 0x07, 0x80, 0x00, 0x00, 0x00, 0x00, 0x01, 0xe0, 0x00, 0x7f, 0xe0, 0x00,
        0x00, 0x03, 0xff, 0xc0, 0x3f, 0x00, 0x00, 0x00, 0x00, 0x00, 0x00, 0xfc, 0x03, 0xff, 0xc0, 0x00,
        0x00, 0x00, 0xff, 0xff, 0xfc, 0x00, 0x00, 0x00, 0x00, 0x00, 0x00, 0x3f, 0xff, 0xff, 0x00, 0x00,
        0x00, 0x00, 0x3f, 0xff, 0xf0, 0x00, 0x00, 0x00, 0x00, 0x00, 0x00, 0x0f, 0xff, 0xfc, 0x00, 0x00,
        0x00, 0x00, 0x07, 0xff, 0x80, 0x00, 0x00, 0x00, 0x00, 0x00, 0x00, 0x01, 0xff, 0xe0, 0x00, 0x00,
        0x00, 0x00, 0x00, 0x00, 0x00, 0x00, 0x00, 0x00, 0x00, 0x00, 0x00, 0x00, 0x00, 0x00, 0x00, 0x00,
        0x00, 0x00, 0x00, 0x00, 0x00, 0x00, 0x03, 0x80, 0x03, 0xc0, 0x00, 0x00, 0x00, 0x00, 0x00, 0x00,
        0x00, 0x00, 0x00, 0x00, 0x00, 0x00, 0x01, 0xff, 0xff, 0x00, 0x00, 0x00, 0x00, 0x00, 0x00, 0x00,
        0x00, 0x00, 0x00, 0x00, 0x00, 0x00, 0x00, 0x1f, 0xf0, 0x00, 0x00, 0x00, 0x00, 0x00, 0x00, 0x00,
        0x00, 0x00, 0x00, 0x00, 0x00, 0x00, 0x00, 0x00, 0x00, 0x00, 0x00, 0x00, 0x00, 0x00, 0x00, 0x00,
        0x00, 0x00, 0x00, 0x00, 0x00, 0x00, 0x00, 0x00, 0x00, 0x00, 0x00, 0x00, 0x00, 0x00, 0x00, 0x00,
        0x00, 0x00, 0x00, 0x00, 0x00, 0x00, 0x00, 0x00, 0x00, 0x00, 0x00, 0x00, 0x00, 0x00, 0x00, 0x00,
        0x00, 0x00, 0x00, 0x00, 0x00, 0x00, 0x00, 0x00, 0x00, 0x00, 0x00, 0x00, 0x00, 0x00, 0x00, 0x00,
        0x00, 0x00, 0x00, 0x00, 0x00, 0x00, 0x00, 0x00, 0x00, 0x00, 0x00, 0x00, 0x00, 0x00, 0x00, 0x00,
        0x00, 0x00, 0x00, 0x00, 0x00, 0x00, 0x00, 0x00, 0x00, 0x00, 0x00, 0x00, 0x00, 0x00, 0x00, 0x00,
    },
    // frame 42
    {
        0x00, 0x00, 0x00, 0x00, 0x00, 0x00, 0x00, 0x00, 0x00, 0x00, 0x00, 0x00, 0x00, 0x00, 0x00, 0x00,
        0x00, 0x00, 0x00, 0x00, 0x00, 0x00, 0x00, 0x00, 0x00, 0x00, 0x00, 0x00, 0x00, 0x00, 0x00, 0x00,
        0x00, 0x00, 0x00, 0x00, 0x00, 0x00, 0x00, 0x00, 0x00, 0x00, 0x00, 0x00, 0x00, 0x00, 0x00, 0x00,
        0x00, 0x00, 0x00, 0x00, 0x00, 0x00, 0x00, 0x00, 0x00, 0x00, 0x00, 0x00, 0x00, 0x00, 0x00, 0x00,
        0x00, 0x00, 0x00, 0x1f, 0xf0, 0x00, 0x00, 0x00, 0x00, 0x00, 0x00, 0x0f, 0xf8, 0x00, 0x00, 0x00,
        0x00, 0x00, 0x00, 0xff, 0xf0, 0x00, 0x00, 0x00, 0x00, 0x00, 0x00, 0x0f, 0xff, 0x00, 0x00, 0x00,
        0x00, 0x00, 0x01, 0xff, 0xe0, 0x00, 0x00, 0x00, 0x00, 0x00, 0x00, 0x07, 0xff, 0x80, 0x00, 0x00,
        0x00, 0x00, 0x01, 0xff, 0x00, 0x00, 0x00, 0x00, 0x00, 0x00, 0x00, 0x00, 0xff, 0x80, 0x00, 0x00,
        0x00, 0x00, 0x00, 0x00, 0x00, 0x00, 0x00, 0x00, 0x00, 0x00, 0x00, 0x00, 0x00, 0x00, 0x00, 0x00,
        0x00, 0x00, 0x00, 0x00, 0x00, 0x00, 0x00, 0x00, 0x00, 0x00, 0x00, 0x00, 0x00, 0x00, 0x00, 0x00,
        0x00, 0x00, 0x00, 0x00, 0x00, 0x00, 0x00, 0x00, 0x00, 0x00, 0x00, 0x00, 0x00, 0x00, 0x00, 0x00,
        0x00, 0x00, 0x00, 0x00, 0x00, 0x00, 0x00, 0x00, 0x00, 0x00, 0x00, 0x00, 0x00, 0x00, 0x00, 0x00,
        0x00, 0x00, 0x00, 0x00, 0x00, 0x00, 0x00, 0x00, 0x00, 0x00, 0x00, 0x00, 0x00, 0x00, 0x00, 0x00,
        0x00, 0x00, 0x00, 0x78, 0x00, 0x00, 0x00, 0x00, 0x00, 0x00, 0x00, 0x00, 0x1e, 0x00, 0x00, 0x00,
        0x00, 0x00, 0x0f, 0xff, 0xc0, 0x00, 0x00, 0x00, 0x00, 0x00, 0x00, 0x03, 0xff, 0xf0, 0x00, 0x00,
        0x00, 0x00, 0x7f, 0xff, 0xf8, 0x00, 0x00, 0x00, 0x00, 0x00, 0x00, 0x1f, 0xff, 0xfe, 0x00, 0x00,
        0x00, 0x01, 0xff, 0xff, 0xfe, 0x00, 0x00, 0x00, 0x00, 0x00, 0x00, 0x7f, 0xff, 0xff, 0x80, 0x00,
        0x00, 0x03, 0xff, 0x80, 0x1f, 0x00, 0x00, 0x00, 0x00, 0x00, 0x00, 0xf8, 0x01, 0xff, 0xc0, 0x00,
        0x00, 0x07, 0xfc, 0x00, 0x03, 0xc0, 0x00, 0x00, 0x00, 0x00, 0x03, 0xc0, 0x00, 0x3f, 0xe0, 0x00,
        0x00, 0x0f, 0xf8, 0x00, 0x01, 0xe0, 0x00, 0x00, 0x00, 0x00, 0x07, 0x80, 0x00, 0x1f, 0xf0, 0x00,
        0x00, 0x1f, 0xe0, 0x01, 0xf8, 0x60, 0x00, 0x00, 0x00, 0x00, 0x06, 0x1f, 0x80, 0x07, 0xf8, 0x00,
        0x00, 0x3f, 0xc0, 0x01, 0xf8, 0x30, 0x00, 0x00, 0x00, 0x00, 0x0c, 0x1f, 0x80, 0x03, 0xfc, 0x00,
        0x00, 0x3f, 0xc0, 0x00, 0xf8, 0x38, 0x00, 0x00, 0x00, 0x00, 0x1c, 0x1f, 0x00, 0x03, 0xfc, 0x00,
        0x00, 0x3f, 0x80, 0x00, 0x00, 0x18, 0x00, 0x00, 0x00, 0x00, 0x18, 0x00, 0x00, 0x01, 0xfc, 0x00,
        0x00, 0x7f, 0x80, 0x00, 0x00, 0x18, 0x00, 0x00, 0x00, 0x00, 0x18, 0x00, 0x00, 0x01, 0xfe, 0x00,
        0x00, 0x7f, 0x80, 0x00, 0x00, 0x18, 0x00, 0x00, 0x00, 0x00, 0x18, 0x00, 0x00, 0x01, 0xfe, 0x00,
        0x00, 0x7f, 0x80, 0x00, 0x00, 0x18, 0x00, 0x00, 0x00, 0x00, 0x18, 0x00, 0x00, 0x01, 0xfe, 0x00,
        0x00, 0x7f, 0x80, 0x00, 0x00, 0x18, 0x00, 0x00, 0x00, 0x00, 0x18, 0x00, 0x00, 0x01, 0xfe, 0x00,
        0x00, 0x3f, 0x80, 0x00, 0x00, 0x18, 0x00, 0x00, 0x00, 0x00, 0x18, 0x00, 0x00, 0x01, 0xfc, 0x00,
        0x00, 0x3f, 0xc0, 0x00, 0x00, 0x30, 0x00, 0x00, 0x00, 0x00, 0x0c, 0x00, 0x00, 0x03, 0xfc, 0x00,
        0x00, 0x1f, 0xe0, 0x00, 0x00, 0x70, 0x00, 0x00, 0x00, 0x00, 0x0e, 0x00, 0x00, 0x07, 0xf8, 0x00,
        0x00, 0x1f, 0xf0, 0x00, 0x00, 0xe0, 0x00, 0x00, 0x00, 0x00, 0x07, 0x00, 0x00, 0x0f, 0xf8, 0x00,
        0x00, 0x0f, 0xf8, 0x00, 0x01, 0xc0, 0x00, 0x00, 0x00, 0x00, 0x03, 0x80, 0x00, 0x1f, 0xf0, 0x00,
        0x00, 0x07, 0xfe, 0x00, 0x07, 0x80, 0x00, 0x00, 0x00, 0x00, 0x01, 0xe0, 0x00, 0x7f, 0xe0, 0x00,
        0x00, 0x03, 0xff, 0xc0, 0x3f, 0x00, 0x00, 0x00, 0x00, 0x00, 0x00, 0xfc, 0x03, 0xff, 0xc0, 0x00,
        0x00, 0x00, 0xff, 0xff, 0xfc, 0x00, 0x00, 0x00, 0x00, 0x00, 0x00, 0x3f, 0xff, 0xff, 0x00, 0x00,
        0x00, 0x00, 0x3f, 0xff, 0xf0, 0x00, 0x00, 0x00, 0x00, 0x00, 0x00, 0x0f, 0xff, 0xfc, 0x00, 0x00,
        0x00, 0x00, 0x07, 0xff, 0x80, 0x00, 0x00, 0x00, 0x00, 0x00, 0x00, 0x01, 0xff, 0xe0, 0x00, 0x00,
        0x00, 0x00, 0x00, 0x00, 0x00, 0x00, 0x00, 0x00, 0x00, 0x00, 0x00, 0x00, 0x00, 0x00, 0x00, 0x00,
        0x00, 0x00, 0x00, 0x00, 0x00, 0x00, 0x03, 0x80, 0x03, 0xc0, 0x00, 0x00, 0x00, 0x00, 0x00, 0x00,
        0x00, 0x00, 0x00, 0x00, 0x00, 0x00, 0x01, 0xff, 0xff, 0x00, 0x00, 0x00, 0x00, 0x00, 0x00, 0x00,
        0x00, 0x00, 0x00, 0x00, 0x00, 0x00, 0x00, 0x1f, 0xf0, 0x00, 0x00, 0x00, 0x00, 0x00, 0x00, 0x00,
        0x00, 0x00, 0x00, 0x00, 0x00, 0x00, 0x00, 0x00, 0x00, 0x00, 0x00, 0x00, 0x00, 0x00, 0x00, 0x00,
        0x00, 0x00, 0x00, 0x00, 0x00, 0x00, 0x00, 0x00, 0x00, 0x00, 0x00, 0x00, 0x00, 0x00, 0x00, 0x00,
        0x00, 0x00, 0x00, 0x00, 0x00, 0x00, 0x00, 0x00, 0x00, 0x00, 0x00, 0x00, 0x00, 0x00, 0x00, 0x00,
        0x00, 0x00, 0x00, 0x00, 0x00, 0x00, 0x00, 0x00, 0x00, 0x00, 0x00, 0x00, 0x00, 0x00, 0x00, 0x00,
        0x00, 0x00, 0x00, 0x00, 0x00, 0x00, 0x00, 0x00, 0x00, 0x00, 0x00, 0x00, 0x00, 0x00, 0x00, 0x00,
        0x00, 0x00, 0x00, 0x00, 0x00, 0x00, 0x00, 0x00, 0x00, 0x00, 0x00, 0x00, 0x00, 0x00, 0x00, 0x00,
    },
    // frame 43
    {
        0x00, 0x00, 0x00, 0x00, 0x00, 0x00, 0x00, 0x00, 0x00, 0x00, 0x00, 0x00, 0x00, 0x00, 0x00, 0x00,
        0x00, 0x00, 0x00, 0x00, 0x00, 0x00, 0x00, 0x00, 0x00, 0x00, 0x00, 0x00, 0x00, 0x00, 0x00, 0x00,
        0x00, 0x00, 0x00, 0x00, 0x00, 0x00, 0x00, 0x00, 0x00, 0x00, 0x00, 0x00, 0x00, 0x00, 0x00, 0x00,
        0x00, 0x00, 0x00, 0x00, 0x00, 0x00, 0x00, 0x00, 0x00, 0x00, 0x00, 0x00, 0x00, 0x00, 0x00, 0x00,
        0x00, 0x00, 0x00, 0x1f, 0xf0, 0x00, 0x00, 0x00, 0x00, 0x00, 0x00, 0x0f, 0xf8, 0x00, 0x00, 0x00,
        0x00, 0x00, 0x00, 0xff, 0xf0, 0x00, 0x00, 0x00, 0x00, 0x00, 0x00, 0x0f, 0xff, 0x00, 0x00, 0x00,
        0x00, 0x00, 0x01, 0xff, 0xe0, 0x00, 0x00, 0x00, 0x00, 0x00, 0x00, 0x07, 0xff, 0x80, 0x00, 0x00,
        0x00, 0x00, 0x01, 0xff, 0x00, 0x00, 0x00, 0x00, 0x00, 0x00, 0x00, 0x00, 0xff, 0x80, 0x00, 0x00,
        0x00, 0x00, 0x00, 0x00, 0x00, 0x00, 0x00, 0x00, 0x00, 0x00, 0x00, 0x00, 0x00, 0x00, 0x00, 0x00,
        0x00, 0x00, 0x00, 0x00, 0x00, 0x00, 0x00, 0x00, 0x00, 0x00, 0x00, 0x00, 0x00, 0x00, 0x00, 0x00,
        0x00, 0x00, 0x00, 0x00, 0x00, 0x00, 0x00, 0x00, 0x00, 0x00, 0x00, 0x00, 0x00, 0x00, 0x00, 0x00,
        0x00, 0x00, 0x00, 0x00, 0x00, 0x00, 0x00, 0x00, 0x00, 0x00, 0x00, 0x00, 0x00, 0x00, 0x00, 0x00,
        0x00, 0x00, 0x00, 0x00, 0x00, 0x00, 0x00, 0x00, 0x00, 0x00, 0x00, 0x00, 0x00, 0x00, 0x00, 0x00,
        0x00, 0x00, 0x00, 0x78, 0x00, 0x00, 0x00, 0x00, 0x00, 0x00, 0x00, 0x00, 0x1e, 0x00, 0x00, 0x00,
        0x00, 0x00, 0x0f, 0xff, 0xc0, 0x00, 0x00, 0x00, 0x00, 0x00, 0x00, 0x03, 0xff, 0xf0, 0x00, 0x00,
        0x00, 0x00, 0x7f, 0xff, 0xf8, 0x00, 0x00, 0x00, 0x00, 0x00, 0x00, 0x1f, 0xff, 0xfe, 0x00, 0x00,
        0x00, 0x01, 0xff, 0xff, 0xfe, 0x00, 0x00, 0x00, 0x00, 0x00, 0x00, 0x7f, 0xff, 0xff, 0x80, 0x00,
        0x00, 0x03, 0xff, 0x80, 0x1f, 0x00, 0x00, 0x00, 0x00, 0x00, 0x00, 0xf8, 0x01, 0xff, 0xc0, 0x00,
        0x00, 0x07, 0xfc, 0x00, 0x03, 0xc0, 0x00, 0x00, 0x00, 0x00, 0x03, 0xc0, 0x00, 0x3f, 0xe0, 0x00,
        0x00, 0x0f, 0xf8, 0x00, 0x01, 0xe0, 0x00, 0x00, 0x00, 0x00, 0x07, 0x80, 0x00, 0x1f, 0xf0, 0x00,
        0x00, 0x1f, 0xe0, 0x01, 0xf8, 0x60, 0x00, 0x00, 0x00, 0x00, 0x06, 0x1f, 0x80, 0x07, 0xf8, 0x00,
        0x00, 0x3f, 0xc0, 0x01, 0xf8, 0x30, 0x00, 0x00, 0x00, 0x00, 0x0c, 0x1f, 0x80, 0x03, 0xfc, 0x00,
        0x00, 0x3f, 0xc0, 0x00, 0xf8, 0x38, 0x00, 0x00, 0x00, 0x00, 0x1c, 0x1f, 0x00, 0x03, 0xfc, 0x00,
        0x00, 0x3f, 0x80, 0x00, 0x00, 0x18, 0x00, 0x00, 0x00, 0x00, 0x18, 0x00, 0x00, 0x01, 0xfc, 0x00,
        0x00, 0x7f, 0x80, 0x00, 0x00, 0x18, 0x00, 0x00, 0x00, 0x00, 0x18, 0x00, 0x00, 0x01, 0xfe, 0x00,
        0x00, 0x7f, 0x80, 0x00, 0x00, 0x18, 0x00, 0x00, 0x00, 0x00, 0x18, 0x00, 0x00, 0x01, 0xfe, 0x00,
        0x00, 0x7f, 0x80, 0x00, 0x00, 0x18, 0x00, 0x00, 0x00, 0x00, 0x18, 0x00, 0x00, 0x01, 0xfe, 0x00,
        0x00, 0x7f, 0x80, 0x00, 0x00, 0x18, 0x00, 0x00, 0x00, 0x00, 0x18, 0x00, 0x00, 0x01, 0xfe, 0x00,
        0x00, 0x3f, 0x80, 0x00, 0x00, 0x18, 0x00, 0x00, 0x00, 0x00, 0x18, 0x00, 0x00, 0x01, 0xfc, 0x00,
        0x00, 0x3f, 0xc0, 0x00, 0x00, 0x30, 0x00, 0x00, 0x00, 0x00, 0x0c, 0x00, 0x00, 0x03, 0xfc, 0x00,
        0x00, 0x1f, 0xe0, 0x00, 0x00, 0x70, 0x00, 0x00, 0x00, 0x00, 0x0e, 0x00, 0x00, 0x07, 0xf8, 0x00,
        0x00, 0x1f, 0xf0, 0x00, 0x00, 0xe0, 0x00, 0x00, 0x00, 0x00, 0x07, 0x00, 0x00, 0x0f, 0xf8, 0x00,
        0x00, 0x0f, 0xf8, 0x00, 0x01, 0xc0, 0x00, 0x00, 0x00, 0x00, 0x03, 0x80, 0x00, 0x1f, 0xf0, 0x00,
        0x00, 0x07, 0xfe, 0x00, 0x07, 0x80, 0x00, 0x00, 0x00, 0x00, 0x01, 0xe0, 0x00, 0x7f, 0xe0, 0x00,
        0x00, 0x03, 0xff, 0xc0, 0x3f, 0x00, 0x00, 0x00, 0x00, 0x00, 0x00, 0xfc, 0x03, 0xff, 0xc0, 0x00,
        0x00, 0x00, 0xff, 0xff, 0xfc, 0x00, 0x00, 0x00, 0x00, 0x00, 0x00, 0x3f, 0xff, 0xff, 0x00, 0x00,
        0x00, 0x00, 0x3f, 0xff, 0xf0, 0x00, 0x00, 0x00, 0x00, 0x00, 0x00, 0x0f, 0xff, 0xfc, 0x00, 0x00,
        0x00, 0x00, 0x07, 0xff, 0x80, 0x00, 0x00, 0x00, 0x00, 0x00, 0x00, 0x01, 0xff, 0xe0, 0x00, 0x00,
        0x00, 0x00, 0x00, 0x00, 0x00, 0x00, 0x00, 0x00, 0x00, 0x00, 0x00, 0x00, 0x00, 0x00, 0x00, 0x00,
        0x00, 0x00, 0x00, 0x00, 0x00, 0x00, 0x03, 0x80, 0x03, 0xc0, 0x00, 0x00, 0x00, 0x00, 0x00, 0x00,
        0x00, 0x00, 0x00, 0x00, 0x00, 0x00, 0x01, 0xff, 0xff, 0x00, 0x00, 0x00, 0x00, 0x00, 0x00, 0x00,
        0x00, 0x00, 0x00, 0x00, 0x00, 0x00, 0x00, 0x1f, 0xf0, 0x00, 0x00, 0x00, 0x00, 0x00, 0x00, 0x00,
        0x00, 0x00, 0x00, 0x00, 0x00, 0x00, 0x00, 0x00, 0x00, 0x00, 0x00, 0x00, 0x00, 0x00, 0x00, 0x00,
        0x00, 0x00, 0x00, 0x00, 0x00, 0x00, 0x00, 0x00, 0x00, 0x00, 0x00, 0x00, 0x00, 0x00, 0x00, 0x00,
        0x00, 0x00, 0x00, 0x00, 0x00, 0x00, 0x00, 0x00, 0x00, 0x00, 0x00, 0x00, 0x00, 0x00, 0x00, 0x00,
        0x00, 0x00, 0x00, 0x00, 0x00, 0x00, 0x00, 0x00, 0x00, 0x00, 0x00, 0x00, 0x00, 0x00, 0x00, 0x00,
        0x00, 0x00, 0x00, 0x00, 0x00, 0x00, 0x00, 0x00, 0x00, 0x00, 0x00, 0x00, 0x00, 0x00, 0x00, 0x00,
        0x00, 0x00, 0x00, 0x00, 0x00, 0x00, 0x00, 0x00, 0x00, 0x00, 0x00, 0x00, 0x00, 0x00, 0x00, 0x00,
    },
    // frame 44
    {
        0x00, 0x00, 0x00, 0x00, 0x00, 0x00, 0x00, 0x00, 0x00, 0x00, 0x00, 0x00, 0x00, 0x00, 0x00, 0x00,
        0x00, 0x00, 0x00, 0x00, 0x00, 0x00, 0x00, 0x00, 0x00, 0x00, 0x00, 0x00, 0x00, 0x00, 0x00, 0x00,
        0x00, 0x00, 0x00, 0x00, 0x00, 0x00, 0x00, 0x00, 0x00, 0x00, 0x00, 0x00, 0x00, 0x00, 0x00, 0x00,
        0x00, 0x00, 0x00, 0x00, 0x00, 0x00, 0x00, 0x00, 0x00, 0x00, 0x00, 0x00, 0x00, 0x00, 0x00, 0x00,
        0x00, 0x00, 0x00, 0x1f, 0xf0, 0x00, 0x00, 0x00, 0x00, 0x00, 0x00, 0x0f, 0xf8, 0x00, 0x00, 0x00,
        0x00, 0x00, 0x00, 0xff, 0xf0, 0x00, 0x00, 0x00, 0x00, 0x00, 0x00, 0x0f, 0xff, 0x00, 0x00, 0x00,
        0x00, 0x00, 0x01, 0xff, 0xe0, 0x00, 0x00, 0x00, 0x00, 0x00, 0x00, 0x07, 0xff, 0x80, 0x00, 0x00,
        0x00, 0x00, 0x01, 0xff, 0x00, 0x00, 0x00, 0x00, 0x00, 0x00, 0x00, 0x00, 0xff, 0x80, 0x00, 0x00,
        0x00, 0x00, 0x00, 0x00, 0x00, 0x00, 0x00, 0x00, 0x00, 0x00, 0x00, 0x00, 0x00, 0x00, 0x00, 0x00,
        0x00, 0x00, 0x00, 0x00, 0x00, 0x00, 0x00, 0x00, 0x00, 0x00, 0x00, 0x00, 0x00, 0x00, 0x00, 0x00,
        0x00, 0x00, 0x00, 0x00, 0x00, 0x00, 0x00, 0x00, 0x00, 0x00, 0x00, 0x00, 0x00, 0x00, 0x00, 0x00,
        0x00, 0x00, 0x00, 0x00, 0x00, 0x00, 0x00, 0x00, 0x00, 0x00, 0x00, 0x00, 0x00, 0x00, 0x00, 0x00,
        0x00, 0x00, 0x00, 0x00, 0x00, 0x00, 0x00, 0x00, 0x00, 0x00, 0x00, 0x00, 0x00, 0x00, 0x00, 0x00,
        0x00, 0x00, 0x00, 0x78, 0x00, 0x00, 0x00, 0x00, 0x00, 0x00, 0x00, 0x00, 0x1e, 0x00, 0x00, 0x00,
        0x00, 0x00, 0x0f, 0xff, 0xc0, 0x00, 0x00, 0x00, 0x00, 0x00, 0x00, 0x03, 0xff, 0xf0, 0x00, 0x00,
        0x00, 0x00, 0x7f, 0xff, 0xf8, 0x00, 0x00, 0x00, 0x00, 0x00, 0x00, 0x1f, 0xff, 0xfe, 0x00, 0x00,
        0x00, 0x01, 0xff, 0xff, 0xfe, 0x00, 0x00, 0x00, 0x00, 0x00, 0x00, 0x7f, 0xff, 0xff, 0x80, 0x00,
        0x00, 0x03, 0xff, 0x80, 0x1f, 0x00, 0x00, 0x00, 0x00, 0x00, 0x00, 0xf8, 0x01, 0xff, 0xc0, 0x00,
        0x00, 0x07, 0xfc, 0x00, 0x03, 0xc0, 0x00, 0x00, 0x00, 0x00, 0x03, 0xc0, 0x00, 0x3f, 0xe0, 0x00,
        0x00, 0x0f, 0xf8, 0x00, 0x01, 0xe0, 0x00, 0x00, 0x00, 0x00, 0x07, 0x80, 0x00, 0x1f, 0xf0, 0x00,
        0x00, 0x1f, 0xe0, 0x01, 0xf8, 0x60, 0x00, 0x00, 0x00, 0x00, 0x06, 0x1f, 0x80, 0x07, 0xf8, 0x00,
        0x00, 0x3f, 0xc0, 0x01, 0xf8, 0x30, 0x00, 0x00, 0x00, 0x00, 0x0c, 0x1f, 0x80, 0x03, 0xfc, 0x00,
        0x00, 0x3f, 0xc0, 0x00, 0xf8, 0x38, 0x00, 0x00, 0x00, 0x00, 0x1c, 0x1f, 0x00, 0x03, 0xfc, 0x00,
        0x00, 0x3f, 0x80, 0x00, 0x00, 0x18, 0x00, 0x00, 0x00, 0x00, 0x18, 0x00, 0x00, 0x01, 0xfc, 0x00,
        0x00, 0x7f, 0x80, 0x00, 0x00, 0x18, 0x00, 0x00, 0x00, 0x00, 0x18, 0x00, 0x00, 0x01, 0xfe, 0x00,
        0x00, 0x7f, 0x80, 0x00, 0x00, 0x18, 0x00, 0x00, 0x00, 0x00, 0x18, 0x00, 0x00, 0x01, 0xfe, 0x00,
        0x00, 0x7f, 0x80, 0x00, 0x00, 0x18, 0x00, 0x00, 0x00, 0x00, 0x18, 0x00, 0x00, 0x01, 0xfe, 0x00,
        0x00, 0x7f, 0x80, 0x00, 0x00, 0x18, 0x00, 0x00, 0x00, 0x00, 0x18, 0x00, 0x00, 0x01, 0xfe, 0x00,
        0x00, 0x3f, 0x80, 0x00, 0x00, 0x18, 0x00, 0x00, 0x00, 0x00, 0x18, 0x00, 0x00, 0x01, 0xfc, 0x00,
        0x00, 0x3f, 0xc0, 0x00, 0x00, 0x30, 0x00, 0x00, 0x00, 0x00, 0x0c, 0x00, 0x00, 0x03, 0xfc, 0x00,
        0x00, 0x1f, 0xe0, 0x00, 0x00, 0x70, 0x00, 0x00, 0x00, 0x00, 0x0e, 0x00, 0x00, 0x07, 0xf8, 0x00,
        0x00, 0x1f, 0xf0, 0x00, 0x00, 0xe0, 0x00, 0x00, 0x00, 0x00, 0x07, 0x00, 0x00, 0x0f, 0xf8, 0x00,
        0x00, 0x0f, 0xf8, 0x00, 0x01, 0xc0, 0x00, 0x00, 0x00, 0x00, 0x03, 0x80, 0x00, 0x1f, 0xf0, 0x00,
        0x00, 0x07, 0xfe, 0x00, 0x07, 0x80, 0x00, 0x00, 0x00, 0x00, 0x01, 0xe0, 0x00, 0x7f, 0xe0, 0x00,
        0x00, 0x03, 0xff, 0xc0, 0x3f, 0x00, 0x00, 0x00, 0x00, 0x00, 0x00, 0xfc, 0x03, 0xff, 0xc0, 0x00,
        0x00, 0x00, 0xff, 0xff, 0xfc, 0x00, 0x00, 0x00, 0x00, 0x00, 0x00, 0x3f, 0xff, 0xff, 0x00, 0x00,
        0x00, 0x00, 0x3f, 0xff, 0xf0, 0x00, 0x00, 0x00, 0x00, 0x00, 0x00, 0x0f, 0xff, 0xfc, 0x00, 0x00,
        0x00, 0x00, 0x07, 0xff, 0x80, 0x00, 0x00, 0x00, 0x00, 0x00, 0x00, 0x01, 0xff, 0xe0, 0x00, 0x00,
        0x00, 0x00, 0x00, 0x00, 0x00, 0x00, 0x00, 0x00, 0x00, 0x00, 0x00, 0x00, 0x00, 0x00, 0x00, 0x00,
        0x00, 0x00, 0x00, 0x00, 0x00, 0x00, 0x03, 0x80, 0x03, 0xc0, 0x00, 0x00, 0x00, 0x00, 0x00, 0x00,
        0x00, 0x00, 0x00, 0x00, 0x00, 0x00, 0x01, 0xff, 0xff, 0x00, 0x00, 0x00, 0x00, 0x00, 0x00, 0x00,
        0x00, 0x00, 0x00, 0x00, 0x00, 0x00, 0x00, 0x1f, 0xf0, 0x00, 0x00, 0x00, 0x00, 0x00, 0x00, 0x00,
        0x00, 0x00, 0x00, 0x00, 0x00, 0x00, 0x00, 0x00, 0x00, 0x00, 0x00, 0x00, 0x00, 0x00, 0x00, 0x00,
        0x00, 0x00, 0x00, 0x00, 0x00, 0x00, 0x00, 0x00, 0x00, 0x00, 0x00, 0x00, 0x00, 0x00, 0x00, 0x00,
        0x00, 0x00, 0x00, 0x00, 0x00, 0x00, 0x00, 0x00, 0x00, 0x00, 0x00, 0x00, 0x00, 0x00, 0x00, 0x00,
        0x00, 0x00, 0x00, 0x00, 0x00, 0x00, 0x00, 0x00, 0x00, 0x00, 0x00, 0x00, 0x00, 0x00, 0x00, 0x00,
        0x00, 0x00, 0x00, 0x00, 0x00, 0x00, 0x00, 0x00, 0x00, 0x00, 0x00, 0x00, 0x00, 0x00, 0x00, 0x00,
        0x00, 0x00, 0x00, 0x00, 0x00, 0x00, 0x00, 0x00, 0x00, 0x00, 0x00, 0x00, 0x00, 0x00, 0x00, 0x00,
    },
    // frame 45
    {
        0x00, 0x00, 0x00, 0x00, 0x00, 0x00, 0x00, 0x00, 0x00, 0x00, 0x00, 0x00, 0x00, 0x00, 0x00, 0x00,
        0x00, 0x00, 0x00, 0x00, 0x00, 0x00, 0x00, 0x00, 0x00, 0x00, 0x00, 0x00, 0x00, 0x00, 0x00, 0x00,
        0x00, 0x00, 0x00, 0x00, 0x00, 0x00, 0x00, 0x00, 0x00, 0x00, 0x00, 0x00, 0x00, 0x00, 0x00, 0x00,
        0x00, 0x00, 0x00, 0x00, 0x00, 0x00, 0x00, 0x00, 0x00, 0x00, 0x00, 0x00, 0x00, 0x00, 0x00, 0x00,
        0x00, 0x00, 0x00, 0x1f, 0xf0, 0x00, 0x00, 0x00, 0x00, 0x00, 0x00, 0x0f, 0xf8, 0x00, 0x00, 0x00,
        0x00, 0x00, 0x00, 0xff, 0xf0, 0x00, 0x00, 0x00, 0x00, 0x00, 0x00, 0x0f, 0xff, 0x00, 0x00, 0x00,
        0x00, 0x00, 0x01, 0xff, 0xe0, 0x00, 0x00, 0x00, 0x00, 0x00, 0x00, 0x07, 0xff, 0x80, 0x00, 0x00,
        0x00, 0x00, 0x01, 0xff, 0x00, 0x00, 0x00, 0x00, 0x00, 0x00, 0x00, 0x00, 0xff, 0x80, 0x00, 0x00,
        0x00, 0x00, 0x00, 0x00, 0x00, 0x00, 0x00, 0x00, 0x00, 0x00, 0x00, 0x00, 0x00, 0x00, 0x00, 0x00,
        0x00, 0x00, 0x00, 0x00, 0x00, 0x00, 0x00, 0x00, 0x00, 0x00, 0x00, 0x00, 0x00, 0x00, 0x00, 0x00,
        0x00, 0x00, 0x00, 0x00, 0x00, 0x00, 0x00, 0x00, 0x00, 0x00, 0x00, 0x00, 0x00, 0x00, 0x00, 0x00,
        0x00, 0x00, 0x00, 0x00, 0x00, 0x00, 0x00, 0x00, 0x00, 0x00, 0x00, 0x00, 0x00, 0x00, 0x00, 0x00,
        0x00, 0x00, 0x00, 0x00, 0x00, 0x00, 0x00, 0x00, 0x00, 0x00, 0x00, 0x00, 0x00, 0x00, 0x00, 0x00,
        0x00, 0x00, 0x00, 0x78, 0x00, 0x00, 0x00, 0x00, 0x00, 0x00, 0x00, 0x00, 0x1e, 0x00, 0x00, 0x00,
        0x00, 0x00, 0x0f, 0xff, 0xc0, 0x00, 0x00, 0x00, 0x00, 0x00, 0x00, 0x03, 0xff, 0xf0, 0x00, 0x00,
        0x00, 0x00, 0x7f, 0xff, 0xf8, 0x00, 0x00, 0x00, 0x00, 0x00, 0x00, 0x1f, 0xff, 0xfe, 0x00, 0x00,
        0x00, 0x01, 0xff, 0xff, 0xfe, 0x00, 0x00, 0x00, 0x00, 0x00, 0x00, 0x7f, 0xff, 0xff, 0x80, 0x00,
        0x00, 0x03, 0xff, 0x80, 0x1f, 0x00, 0x00, 0x00, 0x00, 0x00, 0x00, 0xf8, 0x01, 0xff, 0xc0, 0x00,
        0x00, 0x07, 0xfc, 0x00, 0x03, 0xc0, 0x00, 0x00, 0x00, 0x00, 0x03, 0xc0, 0x00, 0x3f, 0xe0, 0x00,
        0x00, 0x0f, 0xf8, 0x00, 0x01, 0xe0, 0x00, 0x00, 0x00, 0x00, 0x07, 0x80, 0x00, 0x1f, 0xf0, 0x00,
        0x00, 0x1f, 0xe0, 0x01, 0xf8, 0x60, 0x00, 0x00, 0x00, 0x00, 0x06, 0x1f, 0x80, 0x07, 0xf8, 0x00,
        0x00, 0x3f, 0xc0, 0x01, 0xf8, 0x30, 0x00, 0x00, 0x00, 0x00, 0x0c, 0x1f, 0x80, 0x03, 0xfc, 0x00,
        0x00, 0x3f, 0xc0, 0x00, 0xf8, 0x38, 0x00, 0x00, 0x00, 0x00, 0x1c, 0x1f, 0x00, 0x03, 0xfc, 0x00,
        0x00, 0x3f, 0x80, 0x00, 0x00, 0x18, 0x00, 0x00, 0x00, 0x00, 0x18, 0x00, 0x00, 0x01, 0xfc, 0x00,
        0x00, 0x7f, 0x80, 0x00, 0x00, 0x18, 0x00, 0x00, 0x00, 0x00, 0x18, 0x00, 0x00, 0x01, 0xfe, 0x00,
        0x00, 0x7f, 0x80, 0x00, 0x00, 0x18, 0x00, 0x00, 0x00, 0x00, 0x18, 0x00, 0x00, 0x01, 0xfe, 0x00,
        0x00, 0x7f, 0x80, 0x00, 0x00, 0x18, 0x00, 0x00, 0x00, 0x00, 0x18, 0x00, 0x00, 0x01, 0xfe, 0x00,
        0x00, 0x7f, 0x80, 0x00, 0x00, 0x18, 0x00, 0x00, 0x00, 0x00, 0x18, 0x00, 0x00, 0x01, 0xfe, 0x00,
        0x00, 0x3f, 0x80, 0x00, 0x00, 0x18, 0x00, 0x00, 0x00, 0x00, 0x18, 0x00, 0x00, 0x01, 0xfc, 0x00,
        0x00, 0x3f, 0xc0, 0x00, 0x00, 0x30, 0x00, 0x00, 0x00, 0x00, 0x0c, 0x00, 0x00, 0x03, 0xfc, 0x00,
        0x00, 0x1f, 0xe0, 0x00, 0x00, 0x70, 0x00, 0x00, 0x00, 0x00, 0x0e, 0x00, 0x00, 0x07, 0xf8, 0x00,
        0x00, 0x1f, 0xf0, 0x00, 0x00, 0xe0, 0x00, 0x00, 0x00, 0x00, 0x07, 0x00, 0x00, 0x0f, 0xf8, 0x00,
        0x00, 0x0f, 0xf8, 0x00, 0x01, 0xc0, 0x00, 0x00, 0x00, 0x00, 0x03, 0x80, 0x00, 0x1f, 0xf0, 0x00,
        0x00, 0x07, 0xfe, 0x00, 0x07, 0x80, 0x00, 0x00, 0x00, 0x00, 0x01, 0xe0, 0x00, 0x7f, 0xe0, 0x00,
        0x00, 0x03, 0xff, 0xc0, 0x3f, 0x00, 0x00, 0x00, 0x00, 0x00, 0x00, 0xfc, 0x03, 0xff, 0xc0, 0x00,
        0x00, 0x00, 0xff, 0xff, 0xfc, 0x00, 0x00, 0x00, 0x00, 0x00, 0x00, 0x3f, 0xff, 0xff, 0x00, 0x00,
        0x00, 0x00, 0x3f, 0xff, 0xf0, 0x00, 0x00, 0x00, 0x00, 0x00, 0x00, 0x0f, 0xff, 0xfc, 0x00, 0x00,
        0x00, 0x00, 0x07, 0xff, 0x80, 0x00, 0x00, 0x00, 0x00, 0x00, 0x00, 0x01, 0xff, 0xe0, 0x00, 0x00,
        0x00, 0x00, 0x00, 0x00, 0x00, 0x00, 0x00, 0x00, 0x00, 0x00, 0x00, 0x00, 0x00, 0x00, 0x00, 0x00,
        0x00, 0x00, 0x00, 0x00, 0x00, 0x00, 0x03, 0x80, 0x03, 0xc0, 0x00, 0x00, 0x00, 0x00, 0x00, 0x00,
        0x00, 0x00, 0x00, 0x00, 0x00, 0x00, 0x01, 0xff, 0xff, 0x00, 0x00, 0x00, 0x00, 0x00, 0x00, 0x00,
        0x00, 0x00, 0x00, 0x00, 0x00, 0x00, 0x00, 0x1f, 0xf0, 0x00, 0x00, 0x00, 0x00, 0x00, 0x00, 0x00,
        0x00, 0x00, 0x00, 0x00, 0x00, 0x00, 0x00, 0x00, 0x00, 0x00, 0x00, 0x00, 0x00, 0x00, 0x00, 0x00,
        0x00, 0x00, 0x00, 0x00, 0x00, 0x00, 0x00, 0x00, 0x00, 0x00, 0x00, 0x00, 0x00, 0x00, 0x00, 0x00,
        0x00, 0x00, 0x00, 0x00, 0x00, 0x00, 0x00, 0x00, 0x00, 0x00, 0x00, 0x00, 0x00, 0x00, 0x00, 0x00,
        0x00, 0x00, 0x00, 0x00, 0x00, 0x00, 0x00, 0x00, 0x00, 0x00, 0x00, 0x00, 0x00, 0x00, 0x00, 0x00,
        0x00, 0x00, 0x00, 0x00, 0x00, 0x00, 0x00, 0x00, 0x00, 0x00, 0x00, 0x00, 0x00, 0x00, 0x00, 0x00,
        0x00, 0x00, 0x00, 0x00, 0x00, 0x00, 0x00, 0x00, 0x00, 0x00, 0x00, 0x00, 0x00, 0x00, 0x00, 0x00,
    },
    // frame 46
    {
        0x00, 0x00, 0x00, 0x00, 0x00, 0x00, 0x00, 0x00, 0x00, 0x00, 0x00, 0x00, 0x00, 0x00, 0x00, 0x00,
        0x00, 0x00, 0x00, 0x00, 0x00, 0x00, 0x00, 0x00, 0x00, 0x00, 0x00, 0x00, 0x00, 0x00, 0x00, 0x00,
        0x00, 0x00, 0x00, 0x00, 0x00, 0x00, 0x00, 0x00, 0x00, 0x00, 0x00, 0x00, 0x00, 0x00, 0x00, 0x00,
        0x00, 0x00, 0x00, 0x00, 0x00, 0x00, 0x00, 0x00, 0x00, 0x00, 0x00, 0x00, 0x00, 0x00, 0x00, 0x00,
        0x00, 0x00, 0x00, 0x1f, 0xf0, 0x00, 0x00, 0x00, 0x00, 0x00, 0x00, 0x0f, 0xf8, 0x00, 0x00, 0x00,
        0x00, 0x00, 0x00, 0xff, 0xf0, 0x00, 0x00, 0x00, 0x00, 0x00, 0x00, 0x0f, 0xff, 0x00, 0x00, 0x00,
        0x00, 0x00, 0x01, 0xff, 0xe0, 0x00, 0x00, 0x00, 0x00, 0x00, 0x00, 0x07, 0xff, 0x80, 0x00, 0x00,
        0x00, 0x00, 0x01, 0xff, 0x00, 0x00, 0x00, 0x00, 0x00, 0x00, 0x00, 0x00, 0xff, 0x80, 0x00, 0x00,
        0x00, 0x00, 0x00, 0x00, 0x00, 0x00, 0x00, 0x00, 0x00, 0x00, 0x00, 0x00, 0x00, 0x00, 0x00, 0x00,
        0x00, 0x00, 0x00, 0x00, 0x00, 0x00, 0x00, 0x00, 0x00, 0x00, 0x00, 0x00, 0x00, 0x00, 0x00, 0x00,
        0x00, 0x00, 0x00, 0x00, 0x00, 0x00, 0x00, 0x00, 0x00, 0x00, 0x00, 0x00, 0x00, 0x00, 0x00, 0x00,
        0x00, 0x00, 0x00, 0x00, 0x00, 0x00, 0x00, 0x00, 0x00, 0x00, 0x00, 0x00, 0x00, 0x00, 0x00, 0x00,
        0x00, 0x00, 0x00, 0x00, 0x00, 0x00, 0x00, 0x00, 0x00, 0x00, 0x00, 0x00, 0x00, 0x00, 0x00, 0x00,
        0x00, 0x00, 0x00, 0x78, 0x00, 0x00, 0x00, 0x00, 0x00, 0x00, 0x00, 0x00, 0x1e, 0x00, 0x00, 0x00,
        0x00, 0x00, 0x0f, 0xff, 0xc0, 0x00, 0x00, 0x00, 0x00, 0x00, 0x00, 0x03, 0xff, 0xf0, 0x00, 0x00,
        0x00, 0x00, 0x7f, 0xff, 0xf8, 0x00, 0x00, 0x00, 0x00, 0x00, 0x00, 0x1f, 0xff, 0xfe, 0x00, 0x00,
        0x00, 0x01, 0xff, 0xff, 0xfe, 0x00, 0x00, 0x00, 0x00, 0x00, 0x00, 0x7f, 0xff, 0xff, 0x80, 0x00,
        0x00, 0x03, 0xff, 0x80, 0x1f, 0x00, 0x00, 0x00, 0x00, 0x00, 0x00, 0xf8, 0x01, 0xff, 0xc0, 0x00,
        0x00, 0x07, 0xfc, 0x00, 0x03, 0xc0, 0x00, 0x00, 0x00, 0x00, 0x03, 0xc0, 0x00, 0x3f, 0xe0, 0x00,
        0x00, 0x0f, 0xf8, 0x00, 0x01, 0xe0, 0x00, 0x00, 0x00, 0x00, 0x07, 0x80, 0x00, 0x1f, 0xf0, 0x00,
        0x00, 0x1f, 0xe0, 0x01, 0xf8, 0x60, 0x00, 0x00, 0x00, 0x00, 0x06, 0x1f, 0x80, 0x07, 0xf8, 0x00,
        0x00, 0x3f, 0xc0, 0x01, 0xf8, 0x30, 0x00, 0x00, 0x00, 0x00, 0x0c, 0x1f, 0x80, 0x03, 0xfc, 0x00,
        0x00, 0x3f, 0xc0, 0x00, 0xf8, 0x38, 0x00, 0x00, 0x00, 0x00, 0x1c, 0x1f, 0x00, 0x03, 0xfc, 0x00,
        0x00, 0x3f, 0x80, 0x00, 0x00, 0x18, 0x00, 0x00, 0x00, 0x00, 0x18, 0x00, 0x00, 0x01, 0xfc, 0x00,
        0x00, 0x7f, 0x80, 0x00, 0x00, 0x18, 0x00, 0x00, 0x00, 0x00, 0x18, 0x00, 0x00, 0x01, 0xfe, 0x00,
        0x00, 0x7f, 0x80, 0x00, 0x00, 0x18, 0x00, 0x00, 0x00, 0x00, 0x18, 0x00, 0x00, 0x01, 0xfe, 0x00,
        0x00, 0x7f, 0x80, 0x00, 0x00, 0x18, 0x00, 0x00, 0x00, 0x00, 0x18, 0x00, 0x00, 0x01, 0xfe, 0x00,
        0x00, 0x7f, 0x80, 0x00, 0x00, 0x18, 0x00, 0x00, 0x00, 0x00, 0x18, 0x00, 0x00, 0x01, 0xfe, 0x00,
        0x00, 0x3f, 0x80, 0x00, 0x00, 0x18, 0x00, 0x00, 0x00, 0x00, 0x18, 0x00, 0x00, 0x01, 0xfc, 0x00,
        0x00, 0x3f, 0xc0, 0x00, 0x00, 0x30, 0x00, 0x00, 0x00, 0x00, 0x0c, 0x00, 0x00, 0x03, 0xfc, 0x00,
        0x00, 0x1f, 0xe0, 0x00, 0x00, 0x70, 0x00, 0x00, 0x00, 0x00, 0x0e, 0x00, 0x00, 0x07, 0xf8, 0x00,
        0x00, 0x1f, 0xf0, 0x00, 0x00, 0xe0, 0x00, 0x00, 0x00, 0x00, 0x07, 0x00, 0x00, 0x0f, 0xf8, 0x00,
        0x00, 0x0f, 0xf8, 0x00, 0x01, 0xc0, 0x00, 0x00, 0x00, 0x00, 0x03, 0x80, 0x00, 0x1f, 0xf0, 0x00,
        0x00, 0x07, 0xfe, 0x00, 0x07, 0x80, 0x00, 0x00, 0x00, 0x00, 0x01, 0xe0, 0x00, 0x7f, 0xe0, 0x00,
        0x00, 0x03, 0xff, 0xc0, 0x3f, 0x00, 0x00, 0x00, 0x00, 0x00, 0x00, 0xfc, 0x03, 0xff, 0xc0, 0x00,
        0x00, 0x00, 0xff, 0xff, 0xfc, 0x00, 0x00, 0x00, 0x00, 0x00, 0x00, 0x3f, 0xff, 0xff, 0x00, 0x00,
        0x00, 0x00, 0x3f, 0xff, 0xf0, 0x00, 0x00, 0x00, 0x00, 0x00, 0x00, 0x0f, 0xff, 0xfc, 0x00, 0x00,
        0x00, 0x00, 0x07, 0xff, 0x80, 0x00, 0x00, 0x00, 0x00, 0x00, 0x00, 0x01, 0xff, 0xe0, 0x00, 0x00,
        0x00, 0x00, 0x00, 0x00, 0x00, 0x00, 0x00, 0x00, 0x00, 0x00, 0x00, 0x00, 0x00, 0x00, 0x00, 0x00,
        0x00, 0x00, 0x00, 0x00, 0x00, 0x00, 0x03, 0x80, 0x03, 0xc0, 0x00, 0x00, 0x00, 0x00, 0x00, 0x00,
        0x00, 0x00, 0x00, 0x00, 0x00, 0x00, 0x01, 0xff, 0xff, 0x00, 0x00, 0x00, 0x00, 0x00, 0x00, 0x00,
        0x00, 0x00, 0x00, 0x00, 0x00, 0x00, 0x00, 0x1f, 0xf0, 0x00, 0x00, 0x00, 0x00, 0x00, 0x00, 0x00,
        0x00, 0x00, 0x00, 0x00, 0x00, 0x00, 0x00, 0x00, 0x00, 0x00, 0x00, 0x00, 0x00, 0x00, 0x00, 0x00,
        0x00, 0x00, 0x00, 0x00, 0x00, 0x00, 0x00, 0x00, 0x00, 0x00, 0x00, 0x00, 0x00, 0x00, 0x00, 0x00,
        0x00, 0x00, 0x00, 0x00, 0x00, 0x00, 0x00, 0x00, 0x00, 0x00, 0x00, 0x00, 0x00, 0x00, 0x00, 0x00,
        0x00, 0x00, 0x00, 0x00, 0x00, 0x00, 0x00, 0x00, 0x00, 0x00, 0x00, 0x00, 0x00, 0x00, 0x00, 0x00,
        0x00, 0x00, 0x00, 0x00, 0x00, 0x00, 0x00, 0x00, 0x00, 0x00, 0x00, 0x00, 0x00, 0x00, 0x00, 0x00,
        0x00, 0x00, 0x00, 0x00, 0x00, 0x00, 0x00, 0x00, 0x00, 0x00, 0x00, 0x00, 0x00, 0x00, 0x00, 0x00,
    },
    // frame 47
    {
        0x00, 0x00, 0x00, 0x00, 0x00, 0x00, 0x00, 0x00, 0x00, 0x00, 0x00, 0x00, 0x00, 0x00, 0x00, 0x00,
        0x00, 0x00, 0x00, 0x00, 0x00, 0x00, 0x00, 0x00, 0x00, 0x00, 0x00, 0x00, 0x00, 0x00, 0x00, 0x00,
        0x00, 0x00, 0x00, 0x00, 0x00, 0x00, 0x00, 0x00, 0x00, 0x00, 0x00, 0x00, 0x00, 0x00, 0x00, 0x00,
        0x00, 0x00, 0x00, 0x00, 0x00, 0x00, 0x00, 0x00, 0x00, 0x00, 0x00, 0x00, 0x00, 0x00, 0x00, 0x00,
        0x00, 0x00, 0x00, 0x1f, 0xf0, 0x00, 0x00, 0x00, 0x00, 0x00, 0x00, 0x0f, 0xf8, 0x00, 0x00, 0x00,
        0x00, 0x00, 0x00, 0xff, 0xf0, 0x00, 0x00, 0x00, 0x00, 0x00, 0x00, 0x0f, 0xff, 0x00, 0x00, 0x00,
        0x00, 0x00, 0x01, 0xff, 0xe0, 0x00, 0x00, 0x00, 0x00, 0x00, 0x00, 0x07, 0xff, 0x80, 0x00, 0x00,
        0x00, 0x00, 0x01, 0xff, 0x00, 0x00, 0x00, 0x00, 0x00, 0x00, 0x00, 0x00, 0xff, 0x80, 0x00, 0x00,
        0x00, 0x00, 0x00, 0x00, 0x00, 0x00, 0x00, 0x00, 0x00, 0x00, 0x00, 0x00, 0x00, 0x00, 0x00, 0x00,
        0x00, 0x00, 0x00, 0x00, 0x00, 0x00, 0x00, 0x00, 0x00, 0x00, 0x00, 0x00, 0x00, 0x00, 0x00, 0x00,
        0x00, 0x00, 0x00, 0x00, 0x00, 0x00, 0x00, 0x00, 0x00, 0x00, 0x00, 0x00, 0x00, 0x00, 0x00, 0x00,
        0x00, 0x00, 0x00, 0x00, 0x00, 0x00, 0x00, 0x00, 0x00, 0x00, 0x00, 0x00, 0x00, 0x00, 0x00, 0x00,
        0x00, 0x00, 0x00, 0x00, 0x00, 0x00, 0x00, 0x00, 0x00, 0x00, 0x00, 0x00, 0x00, 0x00, 0x00, 0x00,
        0x00, 0x00, 0x00, 0x78, 0x00, 0x00, 0x00, 0x00, 0x00, 0x00, 0x00, 0x00, 0x1e, 0x00, 0x00, 0x00,
        0x00, 0x00, 0x0f, 0xff, 0xc0, 0x00, 0x00, 0x00, 0x00, 0x00, 0x00, 0x03, 0xff, 0xf0, 0x00, 0x00,
        0x00, 0x00, 0x7f, 0xff, 0xf8, 0x00, 0x00, 0x00, 0x00, 0x00, 0x00, 0x1f, 0xff, 0xfe, 0x00, 0x00,
        0x00, 0x01, 0xff, 0xff, 0xfe, 0x00, 0x00, 0x00, 0x00, 0x00, 0x00, 0x7f, 0xff, 0xff, 0x80, 0x00,
        0x00, 0x03, 0xff, 0x80, 0x1f, 0x00, 0x00, 0x00, 0x00, 0x00, 0x00, 0xf8, 0x01, 0xff, 0xc0, 0x00,
        0x00, 0x07, 0xfc, 0x00, 0x03, 0xc0, 0x00, 0x00, 0x00, 0x00, 0x03, 0xc0, 0x00, 0x3f, 0xe0, 0x00,
        0x00, 0x0f, 0xf8, 0x00, 0x01, 0xe0, 0x00, 0x00, 0x00, 0x00, 0x07, 0x80, 0x00, 0x1f, 0xf0, 0x00,
        0x00, 0x1f, 0xe0, 0x01, 0xf8, 0x60, 0x00, 0x00, 0x00, 0x00, 0x06, 0x1f, 0x80, 0x07, 0xf8, 0x00,
        0x00, 0x3f, 0xc0, 0x01, 0xf8, 0x30, 0x00, 0x00, 0x00, 0x00, 0x0c, 0x1f, 0x80, 0x03, 0xfc, 0x00,
        0x00, 0x3f, 0xc0, 0x00, 0xf8, 0x38, 0x00, 0x00, 0x00, 0x00, 0x1c, 0x1f, 0x00, 0x03, 0xfc, 0x00,
        0x00, 0x3f, 0x80, 0x00, 0x00, 0x18, 0x00, 0x00, 0x00, 0x00, 0x18, 0x00, 0x00, 0x01, 0xfc, 0x00,
        0x00, 0x7f, 0x80, 0x00, 0x00, 0x18, 0x00, 0x00, 0x00, 0x00, 0x18, 0x00, 0x00, 0x01, 0xfe, 0x00,
        0x00, 0x7f, 0x80, 0x00, 0x00, 0x18, 0x00, 0x00, 0x00, 0x00, 0x18, 0x00, 0x00, 0x01, 0xfe, 0x00,
        0x00, 0x7f, 0x80, 0x00, 0x00, 0x18, 0x00, 0x00, 0x00, 0x00, 0x18, 0x00, 0x00, 0x01, 0xfe, 0x00,
        0x00, 0x7f, 0x80, 0x00, 0x00, 0x18, 0x00, 0x00, 0x00, 0x00, 0x18, 0x00, 0x00, 0x01, 0xfe, 0x00,
        0x00, 0x3f, 0x80, 0x00, 0x00, 0x18, 0x00, 0x00, 0x00, 0x00, 0x18, 0x00, 0x00, 0x01, 0xfc, 0x00,
        0x00, 0x3f, 0xc0, 0x00, 0x00, 0x30, 0x00, 0x00, 0x00, 0x00, 0x0c, 0x00, 0x00, 0x03, 0xfc, 0x00,
        0x00, 0x1f, 0xe0, 0x00, 0x00, 0x70, 0x00, 0x00, 0x00, 0x00, 0x0e, 0x00, 0x00, 0x07, 0xf8, 0x00,
        0x00, 0x1f, 0xf0, 0x00, 0x00, 0xe0, 0x00, 0x00, 0x00, 0x00, 0x07, 0x00, 0x00, 0x0f, 0xf8, 0x00,
        0x00, 0x0f, 0xf8, 0x00, 0x01, 0xc0, 0x00, 0x00, 0x00, 0x00, 0x03, 0x80, 0x00, 0x1f, 0xf0, 0x00,
        0x00, 0x07, 0xfe, 0x00, 0x07, 0x80, 0x00, 0x00, 0x00, 0x00, 0x01, 0xe0, 0x00, 0x7f, 0xe0, 0x00,
        0x00, 0x03, 0xff, 0xc0, 0x3f, 0x00, 0x00, 0x00, 0x00, 0x00, 0x00, 0xfc, 0x03, 0xff, 0xc0, 0x00,
        0x00, 0x00, 0xff, 0xff, 0xfc, 0x00, 0x00, 0x00, 0x00, 0x00, 0x00, 0x3f, 0xff, 0xff, 0x00, 0x00,
        0x00, 0x00, 0x3f, 0xff, 0xf0, 0x00, 0x00, 0x00, 0x00, 0x00, 0x00, 0x0f, 0xff, 0xfc, 0x00, 0x00,
        0x00, 0x00, 0x07, 0xff, 0x80, 0x00, 0x00, 0x00, 0x00, 0x00, 0x00, 0x01, 0xff, 0xe0, 0x00, 0x00,
        0x00, 0x00, 0x00, 0x00, 0x00, 0x00, 0x00, 0x00, 0x00, 0x00, 0x00, 0x00, 0x00, 0x00, 0x00, 0x00,
        0x00, 0x00, 0x00, 0x00, 0x00, 0x00, 0x03, 0x80, 0x03, 0xc0, 0x00, 0x00, 0x00, 0x00, 0x00, 0x00,
        0x00, 0x00, 0x00, 0x00, 0x00, 0x00, 0x01, 0xff, 0xff, 0x00, 0x00, 0x00, 0x00, 0x00, 0x00, 0x00,
        0x00, 0x00, 0x00, 0x00, 0x00, 0x00, 0x00, 0x1f, 0xf0, 0x00, 0x00, 0x00, 0x00, 0x00, 0x00, 0x00,
        0x00, 0x00, 0x00, 0x00, 0x00, 0x00, 0x00, 0x00, 0x00, 0x00, 0x00, 0x00, 0x00, 0x00, 0x00, 0x00,
        0x00, 0x00, 0x00, 0x00, 0x00, 0x00, 0x00, 0x00, 0x00, 0x00, 0x00, 0x00, 0x00, 0x00, 0x00, 0x00,
        0x00, 0x00, 0x00, 0x00, 0x00, 0x00, 0x00, 0x00, 0x00, 0x00, 0x00, 0x00, 0x00, 0x00, 0x00, 0x00,
        0x00, 0x00, 0x00, 0x00, 0x00, 0x00, 0x00, 0x00, 0x00, 0x00, 0x00, 0x00, 0x00, 0x00, 0x00, 0x00,
        0x00, 0x00, 0x00, 0x00, 0x00, 0x00, 0x00, 0x00, 0x00, 0x00, 0x00, 0x00, 0x00, 0x00, 0x00, 0x00,
        0x00, 0x00, 0x00, 0x00, 0x00, 0x00, 0x00, 0x00, 0x00, 0x00, 0x00, 0x00, 0x00, 0x00, 0x00, 0x00,
    },
};

const uint8_t* const pika_neutral_frames[] = {
    pika_neutral_frame_data[0],
    pika_neutral_frame_data[1],
    pika_neutral_frame_data[2],
    pika_neutral_frame_data[3],
    pika_neutral_frame_data[4],
    pika_neutral_frame_data[5],
    pika_neutral_frame_data[6],
    pika_neutral_frame_data[7],
    pika_neutral_frame_data[8],
    pika_neutral_frame_data[9],
    pika_neutral_frame_data[10],
    pika_neutral_frame_data[11],
    pika_neutral_frame_data[12],
    pika_neutral_frame_data[13],
    pika_neutral_frame_data[14],
    pika_neutral_frame_data[15],
    pika_neutral_frame_data[16],
    pika_neutral_frame_data[17],
    pika_neutral_frame_data[18],
    pika_neutral_frame_data[19],
    pika_neutral_frame_data[20],
    pika_neutral_frame_data[21],
    pika_neutral_frame_data[22],
    pika_neutral_frame_data[23],
    pika_neutral_frame_data[24],
    pika_neutral_frame_data[25],
    pika_neutral_frame_data[26],
    pika_neutral_frame_data[27],
    pika_neutral_frame_data[28],
    pika_neutral_frame_data[29],
    pika_neutral_frame_data[30],
    pika_neutral_frame_data[31],
    pika_neutral_frame_data[32],
    pika_neutral_frame_data[33],
    pika_neutral_frame_data[34],
    pika_neutral_frame_data[35],
    pika_neutral_frame_data[36],
    pika_neutral_frame_data[37],
    pika_neutral_frame_data[38],
    pika_neutral_frame_data[39],
    pika_neutral_frame_data[40],
    pika_neutral_frame_data[41],
    pika_neutral_frame_data[42],
    pika_neutral_frame_data[43],
    pika_neutral_frame_data[44],
    pika_neutral_frame_data[45],
    pika_neutral_frame_data[46],
    pika_neutral_frame_data[47],
};
const uint8_t pika_neutral_frame_count = 48;
